sample_index,actual_label,prediction,confidence,routing_reason,retrieved_evidence_ids,hit_at_1,hit_at_4,first_relevant_rank,reciprocal_rank,relevant_items_retrieved,retrieved_items,precision_at_4,recall_at_4
10001,VULNERABILITYSCAN,BENIGN,0.6282051282051282,LOW_CONFIDENCE,nist-sp-800-61r3-response|nist-sp-800-61r3-containment,0,0,0,0.0,0,2,0.0,0.0
10002,VULNERABILITYSCAN,BENIGN,0.6111111111111112,LOW_CONFIDENCE,nist-sp-800-61r3-response|nist-sp-800-61r3-containment,0,0,0,0.0,0,2,0.0,0.0
10007,VULNERABILITYSCAN,BENIGN,0.5433962264150943,LOW_CONFIDENCE,nist-sp-800-61r3-response|mitre-t1557-001-indicators|nist-sp-800-61r3-containment|mitre-t1046-overview,0,1,4,0.25,1,4,0.25,0.25
10009,VULNERABILITYSCAN,BENIGN,0.6754966887417219,LOW_CONFIDENCE,nist-sp-800-61r3-response|nist-sp-800-61r3-containment,0,0,0,0.0,0,2,0.0,0.0
10013,VULNERABILITYSCAN,BENIGN,0.6548672566371682,LOW_CONFIDENCE,nist-sp-800-61r3-response|nist-sp-800-61r3-containment,0,0,0,0.0,0,2,0.0,0.0
10016,DNS_SPOOFING,BENIGN,0.5260663507109006,LOW_CONFIDENCE,nist-sp-800-61r3-response|nist-sp-800-61r3-containment|mitre-t1046-overview|mitre-t1498-detection,0,0,0,0.0,0,4,0.0,0.0
10019,VULNERABILITYSCAN,BENIGN,0.5260663507109006,LOW_CONFIDENCE,nist-sp-800-61r3-response|nist-sp-800-61r3-containment,0,0,0,0.0,0,2,0.0,0.0
10020,VULNERABILITYSCAN,BENIGN,0.6767857142857143,LOW_CONFIDENCE,nist-sp-800-61r3-response|nist-sp-800-61r3-containment,0,0,0,0.0,0,2,0.0,0.0
10023,VULNERABILITYSCAN,BENIGN,0.5433962264150943,LOW_CONFIDENCE,nist-sp-800-61r3-response|nist-sp-800-61r3-containment,0,0,0,0.0,0,2,0.0,0.0
10026,VULNERABILITYSCAN,BENIGN,0.5433962264150943,LOW_CONFIDENCE,nist-sp-800-61r3-response|nist-sp-800-61r3-containment,0,0,0,0.0,0,2,0.0,0.0
10028,VULNERABILITYSCAN,BENIGN,0.5433962264150943,LOW_CONFIDENCE,nist-sp-800-61r3-response|nist-sp-800-61r3-containment,0,0,0,0.0,0,2,0.0,0.0
10029,VULNERABILITYSCAN,BENIGN,0.5260663507109006,LOW_CONFIDENCE,nist-sp-800-61r3-response|nist-sp-800-61r3-containment,0,0,0,0.0,0,2,0.0,0.0
10032,VULNERABILITYSCAN,BENIGN,0.5821917808219178,LOW_CONFIDENCE,nist-sp-800-61r3-response|mitre-t1557-001-indicators|nist-sp-800-61r3-containment,0,0,0,0.0,0,3,0.0,0.0
10036,DNS_SPOOFING,BENIGN,0.5433962264150943,LOW_CONFIDENCE,nist-sp-800-61r3-response|nist-sp-800-61r3-containment|mitre-t1046-overview|mitre-t1498-detection,0,0,0,0.0,0,4,0.0,0.0
10039,VULNERABILITYSCAN,BENIGN,0.5260663507109006,LOW_CONFIDENCE,nist-sp-800-61r3-response|nist-sp-800-61r3-containment|mitre-t1046-overview|mitre-t1498-detection,0,1,3,0.3333333333333333,1,4,0.25,0.25
10045,VULNERABILITYSCAN,BENIGN,0.5821917808219178,LOW_CONFIDENCE,nist-sp-800-61r3-response|nist-sp-800-61r3-containment,0,0,0,0.0,0,2,0.0,0.0
10046,VULNERABILITYSCAN,BENIGN,0.6881188118811881,LOW_CONFIDENCE,nist-sp-800-61r3-response|nist-sp-800-61r3-containment|mitre-t1046-overview|mitre-t1498-detection,0,1,3,0.3333333333333333,1,4,0.25,0.25
10047,VULNERABILITYSCAN,BENIGN,0.6767857142857143,LOW_CONFIDENCE,nist-sp-800-61r3-response|nist-sp-800-61r3-containment,0,0,0,0.0,0,2,0.0,0.0
10048,DNS_SPOOFING,BENIGN,0.5433962264150943,LOW_CONFIDENCE_AND_DRIFT,nist-sp-800-61r3-response|nist-sp-800-61r3-containment,0,0,0,0.0,0,2,0.0,0.0
10049,VULNERABILITYSCAN,BENIGN,0.5433962264150943,LOW_CONFIDENCE,nist-sp-800-61r3-response|nist-sp-800-61r3-containment,0,0,0,0.0,0,2,0.0,0.0
10050,VULNERABILITYSCAN,BENIGN,0.6754966887417219,LOW_CONFIDENCE,nist-sp-800-61r3-response|nist-sp-800-61r3-containment|mitre-t1046-overview|mitre-t1498-detection,0,1,3,0.3333333333333333,1,4,0.25,0.25
10052,VULNERABILITYSCAN,BENIGN,0.5865921787709497,LOW_CONFIDENCE,nist-sp-800-61r3-response|nist-sp-800-61r3-containment,0,0,0,0.0,0,2,0.0,0.0
10055,VULNERABILITYSCAN,BENIGN,0.6111111111111112,LOW_CONFIDENCE,nist-sp-800-61r3-response|nist-sp-800-61r3-containment|mitre-t1046-overview|mitre-t1498-detection,0,1,3,0.3333333333333333,1,4,0.25,0.25
10058,VULNERABILITYSCAN,BENIGN,0.5865921787709497,LOW_CONFIDENCE,nist-sp-800-61r3-response|nist-sp-800-61r3-containment,0,0,0,0.0,0,2,0.0,0.0
10064,VULNERABILITYSCAN,BENIGN,0.6282051282051282,LOW_CONFIDENCE,nist-sp-800-61r3-response|nist-sp-800-61r3-containment,0,0,0,0.0,0,2,0.0,0.0
10066,VULNERABILITYSCAN,BENIGN,0.6767857142857143,LOW_CONFIDENCE,nist-sp-800-61r3-response|nist-sp-800-61r3-containment,0,0,0,0.0,0,2,0.0,0.0
10068,VULNERABILITYSCAN,BENIGN,0.6282051282051282,LOW_CONFIDENCE,nist-sp-800-61r3-response|nist-sp-800-61r3-containment|mitre-t1046-overview|mitre-t1498-detection,0,1,3,0.3333333333333333,1,4,0.25,0.25
10071,VULNERABILITYSCAN,BENIGN,0.5433962264150943,LOW_CONFIDENCE,nist-sp-800-61r3-response|nist-sp-800-61r3-containment,0,0,0,0.0,0,2,0.0,0.0
10072,VULNERABILITYSCAN,BENIGN,0.5260663507109006,LOW_CONFIDENCE,nist-sp-800-61r3-response|nist-sp-800-61r3-containment,0,0,0,0.0,0,2,0.0,0.0
10073,VULNERABILITYSCAN,BENIGN,0.6881188118811881,LOW_CONFIDENCE,nist-sp-800-61r3-response|nist-sp-800-61r3-containment,0,0,0,0.0,0,2,0.0,0.0
10077,VULNERABILITYSCAN,BENIGN,0.5821917808219178,LOW_CONFIDENCE,nist-sp-800-61r3-response|nist-sp-800-61r3-containment|mitre-t1046-overview|mitre-t1498-detection,0,1,3,0.3333333333333333,1,4,0.25,0.25
10079,VULNERABILITYSCAN,BENIGN,0.625,LOW_CONFIDENCE,nist-sp-800-61r3-response|nist-sp-800-61r3-containment,0,0,0,0.0,0,2,0.0,0.0
10081,VULNERABILITYSCAN,BENIGN,0.5260663507109006,LOW_CONFIDENCE,nist-sp-800-61r3-response|nist-sp-800-61r3-containment|mitre-t1046-overview|mitre-t1498-detection,0,1,3,0.3333333333333333,1,4,0.25,0.25
10085,VULNERABILITYSCAN,BENIGN,0.5433962264150943,LOW_CONFIDENCE,nist-sp-800-61r3-response|nist-sp-800-61r3-containment,0,0,0,0.0,0,2,0.0,0.0
10086,DNS_SPOOFING,BENIGN,0.5260663507109006,LOW_CONFIDENCE,nist-sp-800-61r3-response|nist-sp-800-61r3-containment,0,0,0,0.0,0,2,0.0,0.0
10091,VULNERABILITYSCAN,BENIGN,0.6111111111111112,LOW_CONFIDENCE,nist-sp-800-61r3-response|nist-sp-800-61r3-containment,0,0,0,0.0,0,2,0.0,0.0
10092,VULNERABILITYSCAN,BENIGN,0.5260663507109006,LOW_CONFIDENCE,nist-sp-800-61r3-response|nist-sp-800-61r3-containment|mitre-t1046-overview|mitre-t1498-detection,0,1,3,0.3333333333333333,1,4,0.25,0.25
10094,VULNERABILITYSCAN,BENIGN,0.6548672566371682,LOW_CONFIDENCE,nist-sp-800-61r3-response|nist-sp-800-61r3-containment,0,0,0,0.0,0,2,0.0,0.0
10095,VULNERABILITYSCAN,BENIGN,0.6548672566371682,LOW_CONFIDENCE,nist-sp-800-61r3-response|nist-sp-800-61r3-containment,0,0,0,0.0,0,2,0.0,0.0
10099,DNS_SPOOFING,BENIGN,0.6754966887417219,LOW_CONFIDENCE,nist-sp-800-61r3-response|nist-sp-800-61r3-containment|mitre-t1046-overview|mitre-t1498-detection,0,0,0,0.0,0,4,0.0,0.0
10101,VULNERABILITYSCAN,BENIGN,0.6881188118811881,LOW_CONFIDENCE,nist-sp-800-61r3-response|nist-sp-800-61r3-containment|mitre-t1046-overview|mitre-t1498-detection,0,1,3,0.3333333333333333,1,4,0.25,0.25
10104,VULNERABILITYSCAN,BENIGN,0.6767857142857143,LOW_CONFIDENCE,nist-sp-800-61r3-response|nist-sp-800-61r3-containment,0,0,0,0.0,0,2,0.0,0.0
10108,VULNERABILITYSCAN,BENIGN,0.5433962264150943,LOW_CONFIDENCE,nist-sp-800-61r3-response|nist-sp-800-61r3-containment,0,0,0,0.0,0,2,0.0,0.0
10109,VULNERABILITYSCAN,BENIGN,0.5433962264150943,LOW_CONFIDENCE,nist-sp-800-61r3-response|nist-sp-800-61r3-containment,0,0,0,0.0,0,2,0.0,0.0
10112,VULNERABILITYSCAN,BENIGN,0.625,LOW_CONFIDENCE,nist-sp-800-61r3-response|nist-sp-800-61r3-containment,0,0,0,0.0,0,2,0.0,0.0
10122,VULNERABILITYSCAN,BENIGN,0.5821917808219178,LOW_CONFIDENCE,nist-sp-800-61r3-response|nist-sp-800-61r3-containment|mitre-t1046-overview|mitre-t1498-detection,0,1,3,0.3333333333333333,1,4,0.25,0.25
10128,VULNERABILITYSCAN,BENIGN,0.6548672566371682,LOW_CONFIDENCE,nist-sp-800-61r3-response|nist-sp-800-61r3-containment,0,0,0,0.0,0,2,0.0,0.0
10130,VULNERABILITYSCAN,BENIGN,0.6767857142857143,LOW_CONFIDENCE,nist-sp-800-61r3-response|nist-sp-800-61r3-containment|mitre-t1046-overview|mitre-t1498-detection,0,1,3,0.3333333333333333,1,4,0.25,0.25
10131,VULNERABILITYSCAN,BENIGN,0.5433962264150943,LOW_CONFIDENCE,nist-sp-800-61r3-response|nist-sp-800-61r3-containment,0,0,0,0.0,0,2,0.0,0.0
10132,VULNERABILITYSCAN,BENIGN,0.5433962264150943,LOW_CONFIDENCE,nist-sp-800-61r3-response|nist-sp-800-61r3-containment,0,0,0,0.0,0,2,0.0,0.0
10134,VULNERABILITYSCAN,BENIGN,0.6548672566371682,LOW_CONFIDENCE,nist-sp-800-61r3-response|nist-sp-800-61r3-containment,0,0,0,0.0,0,2,0.0,0.0
10135,VULNERABILITYSCAN,BENIGN,0.6881188118811881,LOW_CONFIDENCE,nist-sp-800-61r3-response|nist-sp-800-61r3-containment,0,0,0,0.0,0,2,0.0,0.0
10137,VULNERABILITYSCAN,BENIGN,0.6548672566371682,LOW_CONFIDENCE,nist-sp-800-61r3-response|nist-sp-800-61r3-containment,0,0,0,0.0,0,2,0.0,0.0
10138,VULNERABILITYSCAN,BENIGN,0.5260663507109006,LOW_CONFIDENCE,nist-sp-800-61r3-response|nist-sp-800-61r3-containment,0,0,0,0.0,0,2,0.0,0.0
10139,VULNERABILITYSCAN,BENIGN,0.6767857142857143,LOW_CONFIDENCE,nist-sp-800-61r3-response|nist-sp-800-61r3-containment,0,0,0,0.0,0,2,0.0,0.0
10145,VULNERABILITYSCAN,BENIGN,0.5260663507109006,LOW_CONFIDENCE,nist-sp-800-61r3-response|nist-sp-800-61r3-containment,0,0,0,0.0,0,2,0.0,0.0
10146,DNS_SPOOFING,BENIGN,0.6881188118811881,LOW_CONFIDENCE,nist-sp-800-61r3-response|nist-sp-800-61r3-containment|mitre-t1046-overview|mitre-t1498-detection,0,0,0,0.0,0,4,0.0,0.0
10149,VULNERABILITYSCAN,BENIGN,0.5433962264150943,LOW_CONFIDENCE,nist-sp-800-61r3-response|nist-sp-800-61r3-containment|mitre-t1046-overview|mitre-t1498-detection,0,1,3,0.3333333333333333,1,4,0.25,0.25
10150,VULNERABILITYSCAN,BENIGN,0.5433962264150943,LOW_CONFIDENCE,nist-sp-800-61r3-response|nist-sp-800-61r3-containment,0,0,0,0.0,0,2,0.0,0.0
10151,VULNERABILITYSCAN,BENIGN,0.5260663507109006,LOW_CONFIDENCE,nist-sp-800-61r3-response|nist-sp-800-61r3-containment|mitre-t1046-overview|mitre-t1498-detection,0,1,3,0.3333333333333333,1,4,0.25,0.25
10153,VULNERABILITYSCAN,BENIGN,0.5865921787709497,LOW_CONFIDENCE,nist-sp-800-61r3-response|nist-sp-800-61r3-containment,0,0,0,0.0,0,2,0.0,0.0
10158,DNS_SPOOFING,BENIGN,0.6881188118811881,LOW_CONFIDENCE,nist-sp-800-61r3-response|nist-sp-800-61r3-containment|mitre-t1046-overview|mitre-t1498-detection,0,0,0,0.0,0,4,0.0,0.0
10159,VULNERABILITYSCAN,BENIGN,0.6548672566371682,LOW_CONFIDENCE,nist-sp-800-61r3-response|nist-sp-800-61r3-containment,0,0,0,0.0,0,2,0.0,0.0
10163,VULNERABILITYSCAN,BENIGN,0.6767857142857143,LOW_CONFIDENCE,nist-sp-800-61r3-response|nist-sp-800-61r3-containment,0,0,0,0.0,0,2,0.0,0.0
10168,VULNERABILITYSCAN,BENIGN,0.6767857142857143,LOW_CONFIDENCE,nist-sp-800-61r3-response|nist-sp-800-61r3-containment,0,0,0,0.0,0,2,0.0,0.0
10173,VULNERABILITYSCAN,BENIGN,0.6282051282051282,LOW_CONFIDENCE,nist-sp-800-61r3-response|nist-sp-800-61r3-containment|mitre-t1046-overview|mitre-t1498-detection,0,1,3,0.3333333333333333,1,4,0.25,0.25
10174,VULNERABILITYSCAN,BENIGN,0.5260663507109006,LOW_CONFIDENCE,nist-sp-800-61r3-response|nist-sp-800-61r3-containment|mitre-t1046-overview|mitre-t1498-detection,0,1,3,0.3333333333333333,1,4,0.25,0.25
10177,VULNERABILITYSCAN,BENIGN,0.6881188118811881,LOW_CONFIDENCE,nist-sp-800-61r3-response|nist-sp-800-61r3-containment,0,0,0,0.0,0,2,0.0,0.0
10178,VULNERABILITYSCAN,BENIGN,0.6521739130434783,LOW_CONFIDENCE,nist-sp-800-61r3-response|nist-sp-800-61r3-containment|mitre-t1046-overview|mitre-t1498-detection,0,1,3,0.3333333333333333,1,4,0.25,0.25
10179,VULNERABILITYSCAN,BENIGN,0.5260663507109006,LOW_CONFIDENCE,nist-sp-800-61r3-response|nist-sp-800-61r3-containment|mitre-t1046-overview|mitre-t1498-detection,0,1,3,0.3333333333333333,1,4,0.25,0.25
10182,VULNERABILITYSCAN,BENIGN,0.6881188118811881,LOW_CONFIDENCE,nist-sp-800-61r3-response|nist-sp-800-61r3-containment|mitre-t1046-overview|mitre-t1498-detection,0,1,3,0.3333333333333333,1,4,0.25,0.25
10183,VULNERABILITYSCAN,BENIGN,0.6767857142857143,LOW_CONFIDENCE,nist-sp-800-61r3-response|nist-sp-800-61r3-containment,0,0,0,0.0,0,2,0.0,0.0
10187,VULNERABILITYSCAN,BENIGN,0.6548672566371682,LOW_CONFIDENCE,nist-sp-800-61r3-response|nist-sp-800-61r3-containment,0,0,0,0.0,0,2,0.0,0.0
10191,VULNERABILITYSCAN,BENIGN,0.5865921787709497,LOW_CONFIDENCE,nist-sp-800-61r3-response|nist-sp-800-61r3-containment,0,0,0,0.0,0,2,0.0,0.0
10199,VULNERABILITYSCAN,BENIGN,0.6767857142857143,LOW_CONFIDENCE,nist-sp-800-61r3-response|nist-sp-800-61r3-containment,0,0,0,0.0,0,2,0.0,0.0
10200,VULNERABILITYSCAN,BENIGN,0.6767857142857143,LOW_CONFIDENCE,nist-sp-800-61r3-response|nist-sp-800-61r3-containment|mitre-t1046-overview|mitre-t1498-detection,0,1,3,0.3333333333333333,1,4,0.25,0.25
10207,VULNERABILITYSCAN,BENIGN,0.5433962264150943,LOW_CONFIDENCE,nist-sp-800-61r3-response|nist-sp-800-61r3-containment,0,0,0,0.0,0,2,0.0,0.0
10211,VULNERABILITYSCAN,BENIGN,0.6111111111111112,LOW_CONFIDENCE,nist-sp-800-61r3-response|nist-sp-800-61r3-containment,0,0,0,0.0,0,2,0.0,0.0
10212,VULNERABILITYSCAN,BENIGN,0.6548672566371682,LOW_CONFIDENCE,nist-sp-800-61r3-response|nist-sp-800-61r3-containment,0,0,0,0.0,0,2,0.0,0.0
10215,VULNERABILITYSCAN,BENIGN,0.5260663507109006,LOW_CONFIDENCE,nist-sp-800-61r3-response|nist-sp-800-61r3-containment,0,0,0,0.0,0,2,0.0,0.0
10216,VULNERABILITYSCAN,BENIGN,0.6881188118811881,LOW_CONFIDENCE,nist-sp-800-61r3-response|nist-sp-800-61r3-containment,0,0,0,0.0,0,2,0.0,0.0
10218,VULNERABILITYSCAN,BENIGN,0.6548672566371682,LOW_CONFIDENCE,nist-sp-800-61r3-response|nist-sp-800-61r3-containment,0,0,0,0.0,0,2,0.0,0.0
10221,VULNERABILITYSCAN,BENIGN,0.6666666666666666,LOW_CONFIDENCE,nist-sp-800-61r3-response|nist-sp-800-61r3-containment,0,0,0,0.0,0,2,0.0,0.0
10223,VULNERABILITYSCAN,BENIGN,0.5433962264150943,LOW_CONFIDENCE,nist-sp-800-61r3-response|nist-sp-800-61r3-containment,0,0,0,0.0,0,2,0.0,0.0
10224,VULNERABILITYSCAN,BENIGN,0.6767857142857143,LOW_CONFIDENCE,nist-sp-800-61r3-response|nist-sp-800-61r3-containment,0,0,0,0.0,0,2,0.0,0.0
10225,VULNERABILITYSCAN,BENIGN,0.5433962264150943,LOW_CONFIDENCE,nist-sp-800-61r3-response|nist-sp-800-61r3-containment|mitre-t1046-overview|mitre-t1498-detection,0,1,3,0.3333333333333333,1,4,0.25,0.25
10229,VULNERABILITYSCAN,BENIGN,0.6754966887417219,LOW_CONFIDENCE,nist-sp-800-61r3-response|nist-sp-800-61r3-containment|mitre-t1046-overview|mitre-t1498-detection,0,1,3,0.3333333333333333,1,4,0.25,0.25
10232,VULNERABILITYSCAN,BENIGN,0.6754966887417219,LOW_CONFIDENCE,nist-sp-800-61r3-response|nist-sp-800-61r3-containment,0,0,0,0.0,0,2,0.0,0.0
10233,VULNERABILITYSCAN,BENIGN,0.5433962264150943,LOW_CONFIDENCE,nist-sp-800-61r3-response|nist-sp-800-61r3-containment,0,0,0,0.0,0,2,0.0,0.0
10236,VULNERABILITYSCAN,BENIGN,0.6111111111111112,LOW_CONFIDENCE,nist-sp-800-61r3-response|nist-sp-800-61r3-containment,0,0,0,0.0,0,2,0.0,0.0
10237,VULNERABILITYSCAN,BENIGN,0.6754966887417219,LOW_CONFIDENCE,nist-sp-800-61r3-response|nist-sp-800-61r3-containment|mitre-t1046-overview|mitre-t1498-detection,0,1,3,0.3333333333333333,1,4,0.25,0.25
10238,VULNERABILITYSCAN,BENIGN,0.6754966887417219,LOW_CONFIDENCE,nist-sp-800-61r3-response|nist-sp-800-61r3-containment,0,0,0,0.0,0,2,0.0,0.0
10240,VULNERABILITYSCAN,BENIGN,0.6754966887417219,LOW_CONFIDENCE,nist-sp-800-61r3-response|nist-sp-800-61r3-containment|mitre-t1046-overview|mitre-t1498-detection,0,1,3,0.3333333333333333,1,4,0.25,0.25
10241,VULNERABILITYSCAN,BENIGN,0.6767857142857143,LOW_CONFIDENCE,nist-sp-800-61r3-response|nist-sp-800-61r3-containment,0,0,0,0.0,0,2,0.0,0.0
10246,DNS_SPOOFING,BENIGN,0.6881188118811881,LOW_CONFIDENCE,nist-sp-800-61r3-response|nist-sp-800-61r3-containment,0,0,0,0.0,0,2,0.0,0.0
10247,VULNERABILITYSCAN,BENIGN,0.5433962264150943,LOW_CONFIDENCE,nist-sp-800-61r3-response|nist-sp-800-61r3-containment,0,0,0,0.0,0,2,0.0,0.0
10253,VULNERABILITYSCAN,BENIGN,0.5865921787709497,LOW_CONFIDENCE,nist-sp-800-61r3-response|nist-sp-800-61r3-containment,0,0,0,0.0,0,2,0.0,0.0
10254,VULNERABILITYSCAN,BENIGN,0.6881188118811881,LOW_CONFIDENCE,nist-sp-800-61r3-response|nist-sp-800-61r3-containment,0,0,0,0.0,0,2,0.0,0.0
10255,VULNERABILITYSCAN,BENIGN,0.6754966887417219,LOW_CONFIDENCE,nist-sp-800-61r3-response|nist-sp-800-61r3-containment,0,0,0,0.0,0,2,0.0,0.0
10256,VULNERABILITYSCAN,BENIGN,0.5433962264150943,LOW_CONFIDENCE,nist-sp-800-61r3-response|nist-sp-800-61r3-containment,0,0,0,0.0,0,2,0.0,0.0
10260,VULNERABILITYSCAN,BENIGN,0.5821917808219178,LOW_CONFIDENCE,nist-sp-800-61r3-response|nist-sp-800-61r3-containment,0,0,0,0.0,0,2,0.0,0.0
10261,VULNERABILITYSCAN,BENIGN,0.5433962264150943,LOW_CONFIDENCE,nist-sp-800-61r3-response|nist-sp-800-61r3-containment,0,0,0,0.0,0,2,0.0,0.0
10262,VULNERABILITYSCAN,BENIGN,0.5865921787709497,LOW_CONFIDENCE,nist-sp-800-61r3-response|nist-sp-800-61r3-containment,0,0,0,0.0,0,2,0.0,0.0
10266,VULNERABILITYSCAN,BENIGN,0.6767857142857143,LOW_CONFIDENCE,nist-sp-800-61r3-response|nist-sp-800-61r3-containment,0,0,0,0.0,0,2,0.0,0.0
10268,DNS_SPOOFING,BENIGN,0.6881188118811881,LOW_CONFIDENCE,nist-sp-800-61r3-response|nist-sp-800-61r3-containment|mitre-t1046-overview|mitre-t1498-detection,0,0,0,0.0,0,4,0.0,0.0
10269,VULNERABILITYSCAN,BENIGN,0.625,LOW_CONFIDENCE,nist-sp-800-61r3-response|nist-sp-800-61r3-containment|mitre-t1046-overview|mitre-t1498-detection,0,1,3,0.3333333333333333,1,4,0.25,0.25
10270,VULNERABILITYSCAN,BENIGN,0.5821917808219178,LOW_CONFIDENCE,nist-sp-800-61r3-response|nist-sp-800-61r3-containment,0,0,0,0.0,0,2,0.0,0.0
10274,VULNERABILITYSCAN,BENIGN,0.6548672566371682,LOW_CONFIDENCE,nist-sp-800-61r3-response|nist-sp-800-61r3-containment,0,0,0,0.0,0,2,0.0,0.0
10277,VULNERABILITYSCAN,BENIGN,0.5433962264150943,LOW_CONFIDENCE,nist-sp-800-61r3-response|nist-sp-800-61r3-containment,0,0,0,0.0,0,2,0.0,0.0
10278,VULNERABILITYSCAN,BENIGN,0.6767857142857143,LOW_CONFIDENCE,nist-sp-800-61r3-response|nist-sp-800-61r3-containment,0,0,0,0.0,0,2,0.0,0.0
10279,VULNERABILITYSCAN,BENIGN,0.6548672566371682,LOW_CONFIDENCE,nist-sp-800-61r3-response|nist-sp-800-61r3-containment,0,0,0,0.0,0,2,0.0,0.0
10280,DNS_SPOOFING,BENIGN,0.5865921787709497,LOW_CONFIDENCE,nist-sp-800-61r3-response|nist-sp-800-61r3-containment,0,0,0,0.0,0,2,0.0,0.0
10281,VULNERABILITYSCAN,BENIGN,0.6111111111111112,LOW_CONFIDENCE,nist-sp-800-61r3-response|nist-sp-800-61r3-containment,0,0,0,0.0,0,2,0.0,0.0
10284,VULNERABILITYSCAN,BENIGN,0.5865921787709497,LOW_CONFIDENCE,nist-sp-800-61r3-response|nist-sp-800-61r3-containment|mitre-t1046-overview|mitre-t1498-detection,0,1,3,0.3333333333333333,1,4,0.25,0.25
10285,VULNERABILITYSCAN,BENIGN,0.6111111111111112,LOW_CONFIDENCE,nist-sp-800-61r3-response|nist-sp-800-61r3-containment,0,0,0,0.0,0,2,0.0,0.0
10286,VULNERABILITYSCAN,BENIGN,0.5821917808219178,LOW_CONFIDENCE,nist-sp-800-61r3-response|nist-sp-800-61r3-containment,0,0,0,0.0,0,2,0.0,0.0
10287,VULNERABILITYSCAN,BENIGN,0.5260663507109006,LOW_CONFIDENCE,nist-sp-800-61r3-response|nist-sp-800-61r3-containment,0,0,0,0.0,0,2,0.0,0.0
10290,VULNERABILITYSCAN,BENIGN,0.5821917808219178,LOW_CONFIDENCE,nist-sp-800-61r3-response|nist-sp-800-61r3-containment,0,0,0,0.0,0,2,0.0,0.0
10292,VULNERABILITYSCAN,BENIGN,0.6282051282051282,LOW_CONFIDENCE,nist-sp-800-61r3-response|nist-sp-800-61r3-containment,0,0,0,0.0,0,2,0.0,0.0
10295,VULNERABILITYSCAN,BENIGN,0.5821917808219178,LOW_CONFIDENCE,nist-sp-800-61r3-response|nist-sp-800-61r3-containment,0,0,0,0.0,0,2,0.0,0.0
10296,VULNERABILITYSCAN,BENIGN,0.5260663507109006,LOW_CONFIDENCE,nist-sp-800-61r3-response|nist-sp-800-61r3-containment|mitre-t1046-overview|mitre-t1498-detection,0,1,3,0.3333333333333333,1,4,0.25,0.25
10298,VULNERABILITYSCAN,BENIGN,0.6111111111111112,LOW_CONFIDENCE,nist-sp-800-61r3-response|nist-sp-800-61r3-containment,0,0,0,0.0,0,2,0.0,0.0
10300,VULNERABILITYSCAN,BENIGN,0.5433962264150943,LOW_CONFIDENCE,nist-sp-800-61r3-response|nist-sp-800-61r3-containment,0,0,0,0.0,0,2,0.0,0.0
10303,VULNERABILITYSCAN,BENIGN,0.6767857142857143,LOW_CONFIDENCE,nist-sp-800-61r3-response|nist-sp-800-61r3-containment,0,0,0,0.0,0,2,0.0,0.0
10304,VULNERABILITYSCAN,BENIGN,0.5821917808219178,LOW_CONFIDENCE,nist-sp-800-61r3-response|nist-sp-800-61r3-containment,0,0,0,0.0,0,2,0.0,0.0
10305,VULNERABILITYSCAN,BENIGN,0.6881188118811881,LOW_CONFIDENCE,nist-sp-800-61r3-response|nist-sp-800-61r3-containment,0,0,0,0.0,0,2,0.0,0.0
10306,VULNERABILITYSCAN,BENIGN,0.5260663507109006,LOW_CONFIDENCE,nist-sp-800-61r3-response|nist-sp-800-61r3-containment,0,0,0,0.0,0,2,0.0,0.0
10310,VULNERABILITYSCAN,BENIGN,0.6767857142857143,LOW_CONFIDENCE,nist-sp-800-61r3-response|nist-sp-800-61r3-containment,0,0,0,0.0,0,2,0.0,0.0
10313,VULNERABILITYSCAN,BENIGN,0.5433962264150943,LOW_CONFIDENCE,nist-sp-800-61r3-response|nist-sp-800-61r3-containment|mitre-t1046-overview|mitre-t1498-detection,0,1,3,0.3333333333333333,1,4,0.25,0.25
10314,VULNERABILITYSCAN,BENIGN,0.6767857142857143,LOW_CONFIDENCE,nist-sp-800-61r3-response|nist-sp-800-61r3-containment,0,0,0,0.0,0,2,0.0,0.0
10318,VULNERABILITYSCAN,BENIGN,0.6754966887417219,LOW_CONFIDENCE,nist-sp-800-61r3-response|nist-sp-800-61r3-containment,0,0,0,0.0,0,2,0.0,0.0
10319,VULNERABILITYSCAN,BENIGN,0.5865921787709497,LOW_CONFIDENCE,nist-sp-800-61r3-response|nist-sp-800-61r3-containment,0,0,0,0.0,0,2,0.0,0.0
10323,DNS_SPOOFING,BENIGN,0.5821917808219178,LOW_CONFIDENCE,nist-sp-800-61r3-response|nist-sp-800-61r3-containment|mitre-t1046-overview|mitre-t1498-detection,0,0,0,0.0,0,4,0.0,0.0
10324,VULNERABILITYSCAN,BENIGN,0.5433962264150943,LOW_CONFIDENCE,nist-sp-800-61r3-response|nist-sp-800-61r3-containment,0,0,0,0.0,0,2,0.0,0.0
10325,VULNERABILITYSCAN,BENIGN,0.6881188118811881,LOW_CONFIDENCE,nist-sp-800-61r3-response|nist-sp-800-61r3-containment|mitre-t1046-overview|mitre-t1498-detection,0,1,3,0.3333333333333333,1,4,0.25,0.25
10326,VULNERABILITYSCAN,BENIGN,0.6767857142857143,LOW_CONFIDENCE,nist-sp-800-61r3-response|nist-sp-800-61r3-containment,0,0,0,0.0,0,2,0.0,0.0
10328,VULNERABILITYSCAN,BENIGN,0.5433962264150943,LOW_CONFIDENCE,nist-sp-800-61r3-response|nist-sp-800-61r3-containment,0,0,0,0.0,0,2,0.0,0.0
10330,VULNERABILITYSCAN,BENIGN,0.6111111111111112,LOW_CONFIDENCE,nist-sp-800-61r3-response|nist-sp-800-61r3-containment,0,0,0,0.0,0,2,0.0,0.0
10331,VULNERABILITYSCAN,BENIGN,0.5821917808219178,LOW_CONFIDENCE,nist-sp-800-61r3-response|nist-sp-800-61r3-containment,0,0,0,0.0,0,2,0.0,0.0
10332,VULNERABILITYSCAN,BENIGN,0.6767857142857143,LOW_CONFIDENCE,nist-sp-800-61r3-response|nist-sp-800-61r3-containment,0,0,0,0.0,0,2,0.0,0.0
10340,VULNERABILITYSCAN,BENIGN,0.6754966887417219,LOW_CONFIDENCE,nist-sp-800-61r3-response|nist-sp-800-61r3-containment|mitre-t1046-overview|mitre-t1498-detection,0,1,3,0.3333333333333333,1,4,0.25,0.25
10341,VULNERABILITYSCAN,BENIGN,0.5865921787709497,LOW_CONFIDENCE,nist-sp-800-61r3-response|nist-sp-800-61r3-containment,0,0,0,0.0,0,2,0.0,0.0
10345,VULNERABILITYSCAN,BENIGN,0.6767857142857143,LOW_CONFIDENCE,nist-sp-800-61r3-response|nist-sp-800-61r3-containment,0,0,0,0.0,0,2,0.0,0.0
10346,VULNERABILITYSCAN,BENIGN,0.6767857142857143,LOW_CONFIDENCE,nist-sp-800-61r3-response|nist-sp-800-61r3-containment,0,0,0,0.0,0,2,0.0,0.0
10348,VULNERABILITYSCAN,BENIGN,0.6767857142857143,LOW_CONFIDENCE,nist-sp-800-61r3-response|nist-sp-800-61r3-containment,0,0,0,0.0,0,2,0.0,0.0
10349,VULNERABILITYSCAN,BENIGN,0.6754966887417219,LOW_CONFIDENCE,nist-sp-800-61r3-response|nist-sp-800-61r3-containment|mitre-t1046-overview|mitre-t1498-detection,0,1,3,0.3333333333333333,1,4,0.25,0.25
10350,VULNERABILITYSCAN,BENIGN,0.6548672566371682,LOW_CONFIDENCE,nist-sp-800-61r3-response|nist-sp-800-61r3-containment,0,0,0,0.0,0,2,0.0,0.0
10352,VULNERABILITYSCAN,BENIGN,0.6548672566371682,LOW_CONFIDENCE,nist-sp-800-61r3-response|nist-sp-800-61r3-containment,0,0,0,0.0,0,2,0.0,0.0
10358,VULNERABILITYSCAN,BENIGN,0.5865921787709497,LOW_CONFIDENCE,nist-sp-800-61r3-response|nist-sp-800-61r3-containment|mitre-t1046-overview|mitre-t1498-detection,0,1,3,0.3333333333333333,1,4,0.25,0.25
10365,VULNERABILITYSCAN,BENIGN,0.6548672566371682,LOW_CONFIDENCE,nist-sp-800-61r3-response|nist-sp-800-61r3-containment,0,0,0,0.0,0,2,0.0,0.0
10367,VULNERABILITYSCAN,BENIGN,0.6111111111111112,LOW_CONFIDENCE,nist-sp-800-61r3-response|nist-sp-800-61r3-containment,0,0,0,0.0,0,2,0.0,0.0
10368,VULNERABILITYSCAN,BENIGN,0.6111111111111112,LOW_CONFIDENCE,nist-sp-800-61r3-response|nist-sp-800-61r3-containment,0,0,0,0.0,0,2,0.0,0.0
10369,VULNERABILITYSCAN,BENIGN,0.5433962264150943,LOW_CONFIDENCE,nist-sp-800-61r3-response|nist-sp-800-61r3-containment,0,0,0,0.0,0,2,0.0,0.0
10370,VULNERABILITYSCAN,BENIGN,0.6754966887417219,LOW_CONFIDENCE,nist-sp-800-61r3-response|nist-sp-800-61r3-containment|mitre-t1046-overview|mitre-t1498-detection,0,1,3,0.3333333333333333,1,4,0.25,0.25
10373,VULNERABILITYSCAN,BENIGN,0.5433962264150943,LOW_CONFIDENCE,nist-sp-800-61r3-response|nist-sp-800-61r3-containment,0,0,0,0.0,0,2,0.0,0.0
10379,VULNERABILITYSCAN,BENIGN,0.6767857142857143,LOW_CONFIDENCE,nist-sp-800-61r3-response|nist-sp-800-61r3-containment|mitre-t1046-overview|mitre-t1498-detection,0,1,3,0.3333333333333333,1,4,0.25,0.25
10380,VULNERABILITYSCAN,BENIGN,0.5260663507109006,LOW_CONFIDENCE,nist-sp-800-61r3-response|nist-sp-800-61r3-containment|mitre-t1046-overview|mitre-t1498-detection,0,1,3,0.3333333333333333,1,4,0.25,0.25
10383,VULNERABILITYSCAN,BENIGN,0.5260663507109006,LOW_CONFIDENCE,nist-sp-800-61r3-response|nist-sp-800-61r3-containment,0,0,0,0.0,0,2,0.0,0.0
10386,VULNERABILITYSCAN,BENIGN,0.6767857142857143,LOW_CONFIDENCE,nist-sp-800-61r3-response|nist-sp-800-61r3-containment,0,0,0,0.0,0,2,0.0,0.0
10391,VULNERABILITYSCAN,BENIGN,0.5865921787709497,LOW_CONFIDENCE,nist-sp-800-61r3-response|nist-sp-800-61r3-containment,0,0,0,0.0,0,2,0.0,0.0
10393,VULNERABILITYSCAN,BENIGN,0.6767857142857143,LOW_CONFIDENCE,nist-sp-800-61r3-response|nist-sp-800-61r3-containment,0,0,0,0.0,0,2,0.0,0.0
10395,VULNERABILITYSCAN,BENIGN,0.6767857142857143,LOW_CONFIDENCE,nist-sp-800-61r3-response|nist-sp-800-61r3-containment,0,0,0,0.0,0,2,0.0,0.0
10396,DNS_SPOOFING,BENIGN,0.6754966887417219,LOW_CONFIDENCE,nist-sp-800-61r3-response|nist-sp-800-61r3-containment|mitre-t1046-overview|mitre-t1498-detection,0,0,0,0.0,0,4,0.0,0.0
10397,VULNERABILITYSCAN,BENIGN,0.5821917808219178,LOW_CONFIDENCE,nist-sp-800-61r3-response|nist-sp-800-61r3-containment|mitre-t1046-overview|mitre-t1498-detection,0,1,3,0.3333333333333333,1,4,0.25,0.25
10400,VULNERABILITYSCAN,BENIGN,0.6045060246843714,LOW_CONFIDENCE,nist-sp-800-61r3-response|nist-sp-800-61r3-containment,0,0,0,0.0,0,2,0.0,0.0
10404,VULNERABILITYSCAN,BENIGN,0.6767857142857143,LOW_CONFIDENCE,nist-sp-800-61r3-response|nist-sp-800-61r3-containment,0,0,0,0.0,0,2,0.0,0.0
10405,VULNERABILITYSCAN,BENIGN,0.6754966887417219,LOW_CONFIDENCE,nist-sp-800-61r3-response|nist-sp-800-61r3-containment|mitre-t1046-overview|mitre-t1498-detection,0,1,3,0.3333333333333333,1,4,0.25,0.25
10408,VULNERABILITYSCAN,BENIGN,0.6521739130434783,LOW_CONFIDENCE,nist-sp-800-61r3-response|nist-sp-800-61r3-containment,0,0,0,0.0,0,2,0.0,0.0
10412,VULNERABILITYSCAN,BENIGN,0.6111111111111112,LOW_CONFIDENCE,nist-sp-800-61r3-response|nist-sp-800-61r3-containment|mitre-t1046-overview|mitre-t1498-detection,0,1,3,0.3333333333333333,1,4,0.25,0.25
10413,VULNERABILITYSCAN,BENIGN,0.5865921787709497,LOW_CONFIDENCE,nist-sp-800-61r3-response|nist-sp-800-61r3-containment,0,0,0,0.0,0,2,0.0,0.0
10416,VULNERABILITYSCAN,BENIGN,0.6548672566371682,LOW_CONFIDENCE,nist-sp-800-61r3-response|nist-sp-800-61r3-containment,0,0,0,0.0,0,2,0.0,0.0
10421,VULNERABILITYSCAN,BENIGN,0.6111111111111112,LOW_CONFIDENCE,nist-sp-800-61r3-response|nist-sp-800-61r3-containment,0,0,0,0.0,0,2,0.0,0.0
10423,VULNERABILITYSCAN,BENIGN,0.6767857142857143,LOW_CONFIDENCE,nist-sp-800-61r3-response|nist-sp-800-61r3-containment,0,0,0,0.0,0,2,0.0,0.0
10425,VULNERABILITYSCAN,BENIGN,0.6767857142857143,LOW_CONFIDENCE,nist-sp-800-61r3-response|nist-sp-800-61r3-containment,0,0,0,0.0,0,2,0.0,0.0
10427,VULNERABILITYSCAN,BENIGN,0.6111111111111112,LOW_CONFIDENCE,nist-sp-800-61r3-response|nist-sp-800-61r3-containment,0,0,0,0.0,0,2,0.0,0.0
10429,VULNERABILITYSCAN,BENIGN,0.6111111111111112,LOW_CONFIDENCE,nist-sp-800-61r3-response|nist-sp-800-61r3-containment,0,0,0,0.0,0,2,0.0,0.0
10430,VULNERABILITYSCAN,BENIGN,0.6767857142857143,LOW_CONFIDENCE,nist-sp-800-61r3-response|nist-sp-800-61r3-containment,0,0,0,0.0,0,2,0.0,0.0
10431,VULNERABILITYSCAN,BENIGN,0.6238214543404625,LOW_CONFIDENCE,nist-sp-800-61r3-response|nist-sp-800-61r3-containment,0,0,0,0.0,0,2,0.0,0.0
10433,VULNERABILITYSCAN,BENIGN,0.5865921787709497,LOW_CONFIDENCE,nist-sp-800-61r3-response|nist-sp-800-61r3-containment,0,0,0,0.0,0,2,0.0,0.0
10436,VULNERABILITYSCAN,BENIGN,0.6881188118811881,LOW_CONFIDENCE,nist-sp-800-61r3-response|nist-sp-800-61r3-containment,0,0,0,0.0,0,2,0.0,0.0
10442,DNS_SPOOFING,BENIGN,0.5260663507109006,LOW_CONFIDENCE,nist-sp-800-61r3-response|nist-sp-800-61r3-containment,0,0,0,0.0,0,2,0.0,0.0
10446,VULNERABILITYSCAN,BENIGN,0.625,LOW_CONFIDENCE,nist-sp-800-61r3-response|nist-sp-800-61r3-containment,0,0,0,0.0,0,2,0.0,0.0
10454,VULNERABILITYSCAN,BENIGN,0.6767857142857143,LOW_CONFIDENCE,nist-sp-800-61r3-response|nist-sp-800-61r3-containment,0,0,0,0.0,0,2,0.0,0.0
10455,VULNERABILITYSCAN,BENIGN,0.6548672566371682,LOW_CONFIDENCE,nist-sp-800-61r3-response|nist-sp-800-61r3-containment,0,0,0,0.0,0,2,0.0,0.0
10459,VULNERABILITYSCAN,BENIGN,0.6666666666666667,LOW_CONFIDENCE,nist-sp-800-61r3-response|mitre-t1557-001-indicators|nist-sp-800-61r3-containment,0,0,0,0.0,0,3,0.0,0.0
10460,VULNERABILITYSCAN,BENIGN,0.6754966887417219,LOW_CONFIDENCE,nist-sp-800-61r3-response|nist-sp-800-61r3-containment|mitre-t1046-overview|mitre-t1498-detection,0,1,3,0.3333333333333333,1,4,0.25,0.25
10461,DNS_SPOOFING,BENIGN,0.6767857142857143,LOW_CONFIDENCE,nist-sp-800-61r3-response|nist-sp-800-61r3-containment,0,0,0,0.0,0,2,0.0,0.0
10462,VULNERABILITYSCAN,BENIGN,0.6767857142857143,LOW_CONFIDENCE,nist-sp-800-61r3-response|nist-sp-800-61r3-containment|mitre-t1046-overview|mitre-t1498-detection,0,1,3,0.3333333333333333,1,4,0.25,0.25
10463,VULNERABILITYSCAN,BENIGN,0.6282051282051282,LOW_CONFIDENCE,nist-sp-800-61r3-response|nist-sp-800-61r3-containment,0,0,0,0.0,0,2,0.0,0.0
10468,VULNERABILITYSCAN,BENIGN,0.5433962264150943,LOW_CONFIDENCE,nist-sp-800-61r3-response|nist-sp-800-61r3-containment,0,0,0,0.0,0,2,0.0,0.0
10473,VULNERABILITYSCAN,BENIGN,0.6111111111111112,LOW_CONFIDENCE,nist-sp-800-61r3-response|nist-sp-800-61r3-containment,0,0,0,0.0,0,2,0.0,0.0
10475,VULNERABILITYSCAN,BENIGN,0.5433962264150943,LOW_CONFIDENCE,nist-sp-800-61r3-response|nist-sp-800-61r3-containment,0,0,0,0.0,0,2,0.0,0.0
10476,VULNERABILITYSCAN,BENIGN,0.6767857142857143,LOW_CONFIDENCE,nist-sp-800-61r3-response|nist-sp-800-61r3-containment,0,0,0,0.0,0,2,0.0,0.0
10477,VULNERABILITYSCAN,BENIGN,0.6881188118811881,LOW_CONFIDENCE,nist-sp-800-61r3-response|nist-sp-800-61r3-containment,0,0,0,0.0,0,2,0.0,0.0
10478,VULNERABILITYSCAN,BENIGN,0.6767857142857143,LOW_CONFIDENCE,nist-sp-800-61r3-response|nist-sp-800-61r3-containment,0,0,0,0.0,0,2,0.0,0.0
10481,VULNERABILITYSCAN,BENIGN,0.6548672566371682,LOW_CONFIDENCE,nist-sp-800-61r3-response|nist-sp-800-61r3-containment,0,0,0,0.0,0,2,0.0,0.0
10482,VULNERABILITYSCAN,BENIGN,0.6767857142857143,LOW_CONFIDENCE,nist-sp-800-61r3-response|nist-sp-800-61r3-containment|mitre-t1046-overview|mitre-t1498-detection,0,1,3,0.3333333333333333,1,4,0.25,0.25
10483,VULNERABILITYSCAN,BENIGN,0.6881188118811881,LOW_CONFIDENCE,nist-sp-800-61r3-response|nist-sp-800-61r3-containment|mitre-t1046-overview|mitre-t1498-detection,0,1,3,0.3333333333333333,1,4,0.25,0.25
10485,VULNERABILITYSCAN,BENIGN,0.5433962264150943,LOW_CONFIDENCE,nist-sp-800-61r3-response|nist-sp-800-61r3-containment|mitre-t1046-overview|mitre-t1498-detection,0,1,3,0.3333333333333333,1,4,0.25,0.25
10486,VULNERABILITYSCAN,BENIGN,0.6767857142857143,LOW_CONFIDENCE,nist-sp-800-61r3-response|nist-sp-800-61r3-containment,0,0,0,0.0,0,2,0.0,0.0
10488,VULNERABILITYSCAN,BENIGN,0.5260663507109006,LOW_CONFIDENCE,nist-sp-800-61r3-response|nist-sp-800-61r3-containment,0,0,0,0.0,0,2,0.0,0.0
10489,VULNERABILITYSCAN,BENIGN,0.6881188118811881,LOW_CONFIDENCE,nist-sp-800-61r3-response|nist-sp-800-61r3-containment,0,0,0,0.0,0,2,0.0,0.0
10490,VULNERABILITYSCAN,BENIGN,0.6767857142857143,LOW_CONFIDENCE,nist-sp-800-61r3-response|nist-sp-800-61r3-containment,0,0,0,0.0,0,2,0.0,0.0
10493,VULNERABILITYSCAN,BENIGN,0.5433962264150943,LOW_CONFIDENCE,nist-sp-800-61r3-response|nist-sp-800-61r3-containment,0,0,0,0.0,0,2,0.0,0.0
10496,VULNERABILITYSCAN,BENIGN,0.6767857142857143,LOW_CONFIDENCE,nist-sp-800-61r3-response|nist-sp-800-61r3-containment,0,0,0,0.0,0,2,0.0,0.0
10497,VULNERABILITYSCAN,BENIGN,0.6548672566371682,LOW_CONFIDENCE,nist-sp-800-61r3-response|nist-sp-800-61r3-containment|mitre-t1046-overview|mitre-t1498-detection,0,1,3,0.3333333333333333,1,4,0.25,0.25
10499,VULNERABILITYSCAN,BENIGN,0.5821917808219178,LOW_CONFIDENCE,nist-sp-800-61r3-response|nist-sp-800-61r3-containment|mitre-t1046-overview|mitre-t1498-detection,0,1,3,0.3333333333333333,1,4,0.25,0.25
10500,VULNERABILITYSCAN,BENIGN,0.6111111111111112,LOW_CONFIDENCE,nist-sp-800-61r3-response|nist-sp-800-61r3-containment,0,0,0,0.0,0,2,0.0,0.0
10503,VULNERABILITYSCAN,BENIGN,0.5865921787709497,LOW_CONFIDENCE,nist-sp-800-61r3-response|nist-sp-800-61r3-containment,0,0,0,0.0,0,2,0.0,0.0
10505,VULNERABILITYSCAN,BENIGN,0.6881188118811881,LOW_CONFIDENCE,nist-sp-800-61r3-response|nist-sp-800-61r3-containment,0,0,0,0.0,0,2,0.0,0.0
10510,VULNERABILITYSCAN,BENIGN,0.5260663507109006,LOW_CONFIDENCE,nist-sp-800-61r3-response|nist-sp-800-61r3-containment,0,0,0,0.0,0,2,0.0,0.0
10512,DNS_SPOOFING,BENIGN,0.6111111111111112,LOW_CONFIDENCE,nist-sp-800-61r3-response|nist-sp-800-61r3-containment|mitre-t1046-overview|mitre-t1498-detection,0,0,0,0.0,0,4,0.0,0.0
10517,VULNERABILITYSCAN,BENIGN,0.6767857142857143,LOW_CONFIDENCE,nist-sp-800-61r3-response|nist-sp-800-61r3-containment,0,0,0,0.0,0,2,0.0,0.0
10524,VULNERABILITYSCAN,BENIGN,0.6548672566371682,LOW_CONFIDENCE,nist-sp-800-61r3-response|nist-sp-800-61r3-containment|mitre-t1046-overview|mitre-t1498-detection,0,1,3,0.3333333333333333,1,4,0.25,0.25
10526,VULNERABILITYSCAN,BENIGN,0.5260663507109006,LOW_CONFIDENCE,nist-sp-800-61r3-response|nist-sp-800-61r3-containment,0,0,0,0.0,0,2,0.0,0.0
10527,VULNERABILITYSCAN,BENIGN,0.6881188118811881,LOW_CONFIDENCE,nist-sp-800-61r3-response|nist-sp-800-61r3-containment,0,0,0,0.0,0,2,0.0,0.0
10529,VULNERABILITYSCAN,BENIGN,0.5433962264150943,LOW_CONFIDENCE,nist-sp-800-61r3-response|nist-sp-800-61r3-containment,0,0,0,0.0,0,2,0.0,0.0
10530,VULNERABILITYSCAN,BENIGN,0.6767857142857143,LOW_CONFIDENCE,nist-sp-800-61r3-response|nist-sp-800-61r3-containment,0,0,0,0.0,0,2,0.0,0.0
10536,VULNERABILITYSCAN,BENIGN,0.6666666666666666,LOW_CONFIDENCE,nist-sp-800-61r3-response|nist-sp-800-61r3-containment,0,0,0,0.0,0,2,0.0,0.0
10541,VULNERABILITYSCAN,BENIGN,0.6521739130434783,LOW_CONFIDENCE,nist-sp-800-61r3-response|nist-sp-800-61r3-containment|mitre-t1046-overview|mitre-t1498-detection,0,1,3,0.3333333333333333,1,4,0.25,0.25
10542,VULNERABILITYSCAN,BENIGN,0.6111111111111112,LOW_CONFIDENCE,nist-sp-800-61r3-response|nist-sp-800-61r3-containment,0,0,0,0.0,0,2,0.0,0.0
10543,VULNERABILITYSCAN,BENIGN,0.6767857142857143,LOW_CONFIDENCE,nist-sp-800-61r3-response|nist-sp-800-61r3-containment,0,0,0,0.0,0,2,0.0,0.0
10544,VULNERABILITYSCAN,BENIGN,0.6548672566371682,LOW_CONFIDENCE,nist-sp-800-61r3-response|nist-sp-800-61r3-containment,0,0,0,0.0,0,2,0.0,0.0
10547,VULNERABILITYSCAN,BENIGN,0.6111111111111112,LOW_CONFIDENCE,nist-sp-800-61r3-response|nist-sp-800-61r3-containment,0,0,0,0.0,0,2,0.0,0.0
10548,VULNERABILITYSCAN,BENIGN,0.5433962264150943,LOW_CONFIDENCE,nist-sp-800-61r3-response|nist-sp-800-61r3-containment,0,0,0,0.0,0,2,0.0,0.0
10552,VULNERABILITYSCAN,BENIGN,0.6767857142857143,LOW_CONFIDENCE,nist-sp-800-61r3-response|nist-sp-800-61r3-containment,0,0,0,0.0,0,2,0.0,0.0
10554,VULNERABILITYSCAN,BENIGN,0.6767857142857143,LOW_CONFIDENCE,nist-sp-800-61r3-response|nist-sp-800-61r3-containment,0,0,0,0.0,0,2,0.0,0.0
10556,VULNERABILITYSCAN,BENIGN,0.6767857142857143,LOW_CONFIDENCE,nist-sp-800-61r3-response|nist-sp-800-61r3-containment,0,0,0,0.0,0,2,0.0,0.0
10559,VULNERABILITYSCAN,BENIGN,0.5433962264150943,LOW_CONFIDENCE,nist-sp-800-61r3-response|nist-sp-800-61r3-containment|mitre-t1046-overview|mitre-t1498-detection,0,1,3,0.3333333333333333,1,4,0.25,0.25
10562,VULNERABILITYSCAN,BENIGN,0.6767857142857143,LOW_CONFIDENCE,nist-sp-800-61r3-response|nist-sp-800-61r3-containment,0,0,0,0.0,0,2,0.0,0.0
10564,VULNERABILITYSCAN,BENIGN,0.5821917808219178,LOW_CONFIDENCE,nist-sp-800-61r3-response|nist-sp-800-61r3-containment|mitre-t1046-overview|mitre-t1498-detection,0,1,3,0.3333333333333333,1,4,0.25,0.25
10572,VULNERABILITYSCAN,BENIGN,0.6666666666666667,LOW_CONFIDENCE,nist-sp-800-61r3-response|nist-sp-800-61r3-containment|mitre-t1046-overview|mitre-t1498-detection,0,1,3,0.3333333333333333,1,4,0.25,0.25
10576,VULNERABILITYSCAN,BENIGN,0.6282051282051282,LOW_CONFIDENCE,nist-sp-800-61r3-response|nist-sp-800-61r3-containment,0,0,0,0.0,0,2,0.0,0.0
10578,VULNERABILITYSCAN,BENIGN,0.6666666666666667,LOW_CONFIDENCE,nist-sp-800-61r3-response|nist-sp-800-61r3-containment,0,0,0,0.0,0,2,0.0,0.0
10583,VULNERABILITYSCAN,BENIGN,0.5865921787709497,LOW_CONFIDENCE,nist-sp-800-61r3-response|nist-sp-800-61r3-containment|mitre-t1046-overview|mitre-t1498-detection,0,1,3,0.3333333333333333,1,4,0.25,0.25
10585,VULNERABILITYSCAN,BENIGN,0.6767857142857143,LOW_CONFIDENCE,nist-sp-800-61r3-response|nist-sp-800-61r3-containment,0,0,0,0.0,0,2,0.0,0.0
10588,VULNERABILITYSCAN,BENIGN,0.5433962264150943,LOW_CONFIDENCE,nist-sp-800-61r3-response|nist-sp-800-61r3-containment,0,0,0,0.0,0,2,0.0,0.0
10589,VULNERABILITYSCAN,BENIGN,0.5260663507109006,LOW_CONFIDENCE,nist-sp-800-61r3-response|nist-sp-800-61r3-containment,0,0,0,0.0,0,2,0.0,0.0
10590,VULNERABILITYSCAN,BENIGN,0.6767857142857143,LOW_CONFIDENCE,nist-sp-800-61r3-response|nist-sp-800-61r3-containment,0,0,0,0.0,0,2,0.0,0.0
10592,DNS_SPOOFING,BENIGN,0.6282051282051282,LOW_CONFIDENCE,nist-sp-800-61r3-response|nist-sp-800-61r3-containment,0,0,0,0.0,0,2,0.0,0.0
10594,VULNERABILITYSCAN,BENIGN,0.6548672566371682,LOW_CONFIDENCE,nist-sp-800-61r3-response|nist-sp-800-61r3-containment,0,0,0,0.0,0,2,0.0,0.0
10598,VULNERABILITYSCAN,BENIGN,0.6767857142857143,LOW_CONFIDENCE,nist-sp-800-61r3-response|nist-sp-800-61r3-containment,0,0,0,0.0,0,2,0.0,0.0
10600,VULNERABILITYSCAN,BENIGN,0.6548672566371682,LOW_CONFIDENCE,nist-sp-800-61r3-response|nist-sp-800-61r3-containment,0,0,0,0.0,0,2,0.0,0.0
10601,VULNERABILITYSCAN,BENIGN,0.5260663507109006,LOW_CONFIDENCE,nist-sp-800-61r3-response|nist-sp-800-61r3-containment|mitre-t1046-overview|mitre-t1498-detection,0,1,3,0.3333333333333333,1,4,0.25,0.25
10602,VULNERABILITYSCAN,BENIGN,0.6111111111111112,LOW_CONFIDENCE,nist-sp-800-61r3-response|nist-sp-800-61r3-containment,0,0,0,0.0,0,2,0.0,0.0
10605,VULNERABILITYSCAN,BENIGN,0.6282051282051282,LOW_CONFIDENCE,nist-sp-800-61r3-response|nist-sp-800-61r3-containment,0,0,0,0.0,0,2,0.0,0.0
10608,VULNERABILITYSCAN,BENIGN,0.5865921787709497,LOW_CONFIDENCE,nist-sp-800-61r3-response|nist-sp-800-61r3-containment,0,0,0,0.0,0,2,0.0,0.0
10609,VULNERABILITYSCAN,BENIGN,0.5433962264150943,LOW_CONFIDENCE,nist-sp-800-61r3-response|nist-sp-800-61r3-containment,0,0,0,0.0,0,2,0.0,0.0
10610,VULNERABILITYSCAN,BENIGN,0.5433962264150943,LOW_CONFIDENCE,nist-sp-800-61r3-response|nist-sp-800-61r3-containment,0,0,0,0.0,0,2,0.0,0.0
10612,VULNERABILITYSCAN,BENIGN,0.5433962264150943,LOW_CONFIDENCE,nist-sp-800-61r3-response|nist-sp-800-61r3-containment,0,0,0,0.0,0,2,0.0,0.0
10615,VULNERABILITYSCAN,BENIGN,0.6548672566371682,LOW_CONFIDENCE,nist-sp-800-61r3-response|nist-sp-800-61r3-containment,0,0,0,0.0,0,2,0.0,0.0
10619,DNS_SPOOFING,BENIGN,0.6767857142857143,LOW_CONFIDENCE,nist-sp-800-61r3-response|nist-sp-800-61r3-containment,0,0,0,0.0,0,2,0.0,0.0
10621,VULNERABILITYSCAN,BENIGN,0.6754966887417219,LOW_CONFIDENCE,nist-sp-800-61r3-response|nist-sp-800-61r3-containment|mitre-t1046-overview|mitre-t1498-detection,0,1,3,0.3333333333333333,1,4,0.25,0.25
10623,VULNERABILITYSCAN,BENIGN,0.6203407685448579,LOW_CONFIDENCE,nist-sp-800-61r3-response|nist-sp-800-61r3-containment|mitre-t1046-overview|mitre-t1498-detection,0,1,3,0.3333333333333333,1,4,0.25,0.25
10625,VULNERABILITYSCAN,BENIGN,0.6767857142857143,LOW_CONFIDENCE,nist-sp-800-61r3-response|nist-sp-800-61r3-containment|mitre-t1046-overview|mitre-t1498-detection,0,1,3,0.3333333333333333,1,4,0.25,0.25
10626,VULNERABILITYSCAN,BENIGN,0.5821917808219178,LOW_CONFIDENCE,nist-sp-800-61r3-response|nist-sp-800-61r3-containment,0,0,0,0.0,0,2,0.0,0.0
10636,VULNERABILITYSCAN,BENIGN,0.6111111111111112,LOW_CONFIDENCE,nist-sp-800-61r3-response|nist-sp-800-61r3-containment,0,0,0,0.0,0,2,0.0,0.0
10637,VULNERABILITYSCAN,BENIGN,0.5821917808219178,LOW_CONFIDENCE,nist-sp-800-61r3-response|nist-sp-800-61r3-containment|mitre-t1046-overview|mitre-t1498-detection,0,1,3,0.3333333333333333,1,4,0.25,0.25
10638,VULNERABILITYSCAN,BENIGN,0.625,LOW_CONFIDENCE,nist-sp-800-61r3-response|nist-sp-800-61r3-containment,0,0,0,0.0,0,2,0.0,0.0
10644,VULNERABILITYSCAN,BENIGN,0.6767857142857143,LOW_CONFIDENCE,nist-sp-800-61r3-response|nist-sp-800-61r3-containment,0,0,0,0.0,0,2,0.0,0.0
10646,VULNERABILITYSCAN,BENIGN,0.5433962264150943,LOW_CONFIDENCE,nist-sp-800-61r3-response|nist-sp-800-61r3-containment,0,0,0,0.0,0,2,0.0,0.0
10649,VULNERABILITYSCAN,BENIGN,0.5433962264150943,LOW_CONFIDENCE,nist-sp-800-61r3-response|nist-sp-800-61r3-containment,0,0,0,0.0,0,2,0.0,0.0
10650,VULNERABILITYSCAN,BENIGN,0.5821917808219178,LOW_CONFIDENCE,nist-sp-800-61r3-response|nist-sp-800-61r3-containment|mitre-t1046-overview|mitre-t1498-detection,0,1,3,0.3333333333333333,1,4,0.25,0.25
10651,VULNERABILITYSCAN,BENIGN,0.6767857142857143,LOW_CONFIDENCE,nist-sp-800-61r3-response|nist-sp-800-61r3-containment,0,0,0,0.0,0,2,0.0,0.0
10652,VULNERABILITYSCAN,BENIGN,0.5260663507109006,LOW_CONFIDENCE,nist-sp-800-61r3-response|nist-sp-800-61r3-containment|mitre-t1046-overview|mitre-t1498-detection,0,1,3,0.3333333333333333,1,4,0.25,0.25
10658,VULNERABILITYSCAN,BENIGN,0.6548672566371682,LOW_CONFIDENCE,nist-sp-800-61r3-response|nist-sp-800-61r3-containment,0,0,0,0.0,0,2,0.0,0.0
10659,VULNERABILITYSCAN,BENIGN,0.6111111111111112,LOW_CONFIDENCE,nist-sp-800-61r3-response|nist-sp-800-61r3-containment,0,0,0,0.0,0,2,0.0,0.0
10665,VULNERABILITYSCAN,BENIGN,0.6548672566371682,LOW_CONFIDENCE,nist-sp-800-61r3-response|nist-sp-800-61r3-containment,0,0,0,0.0,0,2,0.0,0.0
10668,VULNERABILITYSCAN,BENIGN,0.5433962264150943,LOW_CONFIDENCE,nist-sp-800-61r3-response|nist-sp-800-61r3-containment|mitre-t1046-overview|mitre-t1498-detection,0,1,3,0.3333333333333333,1,4,0.25,0.25
10670,VULNERABILITYSCAN,BENIGN,0.6767857142857143,LOW_CONFIDENCE,nist-sp-800-61r3-response|nist-sp-800-61r3-containment|mitre-t1046-overview|mitre-t1498-detection,0,1,3,0.3333333333333333,1,4,0.25,0.25
10674,VULNERABILITYSCAN,BENIGN,0.625,LOW_CONFIDENCE,nist-sp-800-61r3-response|nist-sp-800-61r3-containment,0,0,0,0.0,0,2,0.0,0.0
10675,VULNERABILITYSCAN,BENIGN,0.5865921787709497,LOW_CONFIDENCE,nist-sp-800-61r3-response|nist-sp-800-61r3-containment,0,0,0,0.0,0,2,0.0,0.0
10676,VULNERABILITYSCAN,BENIGN,0.6881188118811881,LOW_CONFIDENCE,nist-sp-800-61r3-response|nist-sp-800-61r3-containment|mitre-t1046-overview|mitre-t1498-detection,0,1,3,0.3333333333333333,1,4,0.25,0.25
10677,VULNERABILITYSCAN,BENIGN,0.6548672566371682,LOW_CONFIDENCE,nist-sp-800-61r3-response|nist-sp-800-61r3-containment,0,0,0,0.0,0,2,0.0,0.0
10681,DNS_SPOOFING,BENIGN,0.5821917808219178,LOW_CONFIDENCE,nist-sp-800-61r3-response|nist-sp-800-61r3-containment|mitre-t1046-overview|mitre-t1498-detection,0,0,0,0.0,0,4,0.0,0.0
10687,VULNERABILITYSCAN,BENIGN,0.5865921787709497,LOW_CONFIDENCE,nist-sp-800-61r3-response|nist-sp-800-61r3-containment,0,0,0,0.0,0,2,0.0,0.0
10691,VULNERABILITYSCAN,BENIGN,0.6548672566371682,LOW_CONFIDENCE,nist-sp-800-61r3-response|nist-sp-800-61r3-containment,0,0,0,0.0,0,2,0.0,0.0
10692,VULNERABILITYSCAN,BENIGN,0.6111111111111112,LOW_CONFIDENCE,nist-sp-800-61r3-response|nist-sp-800-61r3-containment,0,0,0,0.0,0,2,0.0,0.0
10693,VULNERABILITYSCAN,BENIGN,0.6767857142857143,LOW_CONFIDENCE,nist-sp-800-61r3-response|nist-sp-800-61r3-containment,0,0,0,0.0,0,2,0.0,0.0
10694,VULNERABILITYSCAN,BENIGN,0.5260663507109006,LOW_CONFIDENCE,nist-sp-800-61r3-response|nist-sp-800-61r3-containment|mitre-t1046-overview|mitre-t1498-detection,0,1,3,0.3333333333333333,1,4,0.25,0.25
10695,VULNERABILITYSCAN,BENIGN,0.6881188118811881,LOW_CONFIDENCE,nist-sp-800-61r3-response|nist-sp-800-61r3-containment,0,0,0,0.0,0,2,0.0,0.0
10697,VULNERABILITYSCAN,BENIGN,0.6767857142857143,LOW_CONFIDENCE,nist-sp-800-61r3-response|nist-sp-800-61r3-containment,0,0,0,0.0,0,2,0.0,0.0
10699,VULNERABILITYSCAN,BENIGN,0.5433962264150943,LOW_CONFIDENCE,nist-sp-800-61r3-response|nist-sp-800-61r3-containment,0,0,0,0.0,0,2,0.0,0.0
10705,VULNERABILITYSCAN,BENIGN,0.6282051282051282,LOW_CONFIDENCE,nist-sp-800-61r3-response|nist-sp-800-61r3-containment|mitre-t1046-overview|mitre-t1498-detection,0,1,3,0.3333333333333333,1,4,0.25,0.25
10709,VULNERABILITYSCAN,BENIGN,0.6767857142857143,LOW_CONFIDENCE,nist-sp-800-61r3-response|nist-sp-800-61r3-containment,0,0,0,0.0,0,2,0.0,0.0
10710,DNS_SPOOFING,BENIGN,0.6111111111111112,LOW_CONFIDENCE,nist-sp-800-61r3-response|nist-sp-800-61r3-containment,0,0,0,0.0,0,2,0.0,0.0
10711,VULNERABILITYSCAN,BENIGN,0.5865921787709497,LOW_CONFIDENCE,nist-sp-800-61r3-response|nist-sp-800-61r3-containment|mitre-t1046-overview|mitre-t1498-detection,0,1,3,0.3333333333333333,1,4,0.25,0.25
10713,VULNERABILITYSCAN,BENIGN,0.5260663507109006,LOW_CONFIDENCE,nist-sp-800-61r3-response|nist-sp-800-61r3-containment,0,0,0,0.0,0,2,0.0,0.0
10717,VULNERABILITYSCAN,BENIGN,0.6754966887417219,LOW_CONFIDENCE,nist-sp-800-61r3-response|nist-sp-800-61r3-containment,0,0,0,0.0,0,2,0.0,0.0
10719,VULNERABILITYSCAN,BENIGN,0.5821917808219178,LOW_CONFIDENCE,nist-sp-800-61r3-response|nist-sp-800-61r3-containment,0,0,0,0.0,0,2,0.0,0.0
10723,VULNERABILITYSCAN,BENIGN,0.6767857142857143,LOW_CONFIDENCE,nist-sp-800-61r3-response|nist-sp-800-61r3-containment,0,0,0,0.0,0,2,0.0,0.0
10725,VULNERABILITYSCAN,BENIGN,0.6767857142857143,LOW_CONFIDENCE,nist-sp-800-61r3-response|nist-sp-800-61r3-containment,0,0,0,0.0,0,2,0.0,0.0
10728,VULNERABILITYSCAN,BENIGN,0.6111111111111112,LOW_CONFIDENCE,nist-sp-800-61r3-response|nist-sp-800-61r3-containment,0,0,0,0.0,0,2,0.0,0.0
10732,VULNERABILITYSCAN,BENIGN,0.6754966887417219,LOW_CONFIDENCE,nist-sp-800-61r3-response|nist-sp-800-61r3-containment|mitre-t1046-overview|mitre-t1498-detection,0,1,3,0.3333333333333333,1,4,0.25,0.25
10733,VULNERABILITYSCAN,BENIGN,0.6548672566371682,LOW_CONFIDENCE,nist-sp-800-61r3-response|nist-sp-800-61r3-containment,0,0,0,0.0,0,2,0.0,0.0
10738,VULNERABILITYSCAN,BENIGN,0.5433962264150943,LOW_CONFIDENCE,nist-sp-800-61r3-response|nist-sp-800-61r3-containment,0,0,0,0.0,0,2,0.0,0.0
10739,VULNERABILITYSCAN,BENIGN,0.6881188118811881,LOW_CONFIDENCE,nist-sp-800-61r3-response|nist-sp-800-61r3-containment,0,0,0,0.0,0,2,0.0,0.0
10745,DNS_SPOOFING,BENIGN,0.6767857142857143,LOW_CONFIDENCE,nist-sp-800-61r3-response|nist-sp-800-61r3-containment,0,0,0,0.0,0,2,0.0,0.0
10748,VULNERABILITYSCAN,BENIGN,0.5821917808219178,LOW_CONFIDENCE,nist-sp-800-61r3-response|nist-sp-800-61r3-containment,0,0,0,0.0,0,2,0.0,0.0
10750,VULNERABILITYSCAN,BENIGN,0.6111111111111112,LOW_CONFIDENCE,nist-sp-800-61r3-response|nist-sp-800-61r3-containment|mitre-t1046-overview|mitre-t1498-detection,0,1,3,0.3333333333333333,1,4,0.25,0.25
10751,DNS_SPOOFING,BENIGN,0.6111111111111112,LOW_CONFIDENCE,nist-sp-800-61r3-response|nist-sp-800-61r3-containment|mitre-t1046-overview|mitre-t1498-detection,0,0,0,0.0,0,4,0.0,0.0
10752,VULNERABILITYSCAN,BENIGN,0.625,LOW_CONFIDENCE,nist-sp-800-61r3-response|nist-sp-800-61r3-containment,0,0,0,0.0,0,2,0.0,0.0
10754,VULNERABILITYSCAN,BENIGN,0.6767857142857143,LOW_CONFIDENCE,nist-sp-800-61r3-response|nist-sp-800-61r3-containment,0,0,0,0.0,0,2,0.0,0.0
10758,DNS_SPOOFING,BENIGN,0.5260663507109006,LOW_CONFIDENCE,nist-sp-800-61r3-response|nist-sp-800-61r3-containment|mitre-t1046-overview|mitre-t1498-detection,0,0,0,0.0,0,4,0.0,0.0
10760,VULNERABILITYSCAN,BENIGN,0.5433962264150943,LOW_CONFIDENCE,nist-sp-800-61r3-response|nist-sp-800-61r3-containment,0,0,0,0.0,0,2,0.0,0.0
10761,VULNERABILITYSCAN,BENIGN,0.625,LOW_CONFIDENCE,nist-sp-800-61r3-response|nist-sp-800-61r3-containment,0,0,0,0.0,0,2,0.0,0.0
10763,VULNERABILITYSCAN,BENIGN,0.6548672566371682,LOW_CONFIDENCE,nist-sp-800-61r3-response|nist-sp-800-61r3-containment,0,0,0,0.0,0,2,0.0,0.0
10767,VULNERABILITYSCAN,BENIGN,0.5260663507109006,LOW_CONFIDENCE,nist-sp-800-61r3-response|nist-sp-800-61r3-containment|mitre-t1046-overview|mitre-t1498-detection,0,1,3,0.3333333333333333,1,4,0.25,0.25
10770,VULNERABILITYSCAN,BENIGN,0.5260663507109006,LOW_CONFIDENCE,nist-sp-800-61r3-response|nist-sp-800-61r3-containment,0,0,0,0.0,0,2,0.0,0.0
10771,VULNERABILITYSCAN,BENIGN,0.6111111111111112,LOW_CONFIDENCE,nist-sp-800-61r3-response|nist-sp-800-61r3-containment,0,0,0,0.0,0,2,0.0,0.0
10775,VULNERABILITYSCAN,BENIGN,0.6767857142857143,LOW_CONFIDENCE,nist-sp-800-61r3-response|nist-sp-800-61r3-containment,0,0,0,0.0,0,2,0.0,0.0
10778,VULNERABILITYSCAN,BENIGN,0.6767857142857143,LOW_CONFIDENCE,nist-sp-800-61r3-response|nist-sp-800-61r3-containment,0,0,0,0.0,0,2,0.0,0.0
10783,VULNERABILITYSCAN,BENIGN,0.5260663507109006,LOW_CONFIDENCE,nist-sp-800-61r3-response|nist-sp-800-61r3-containment|mitre-t1046-overview|mitre-t1498-detection,0,1,3,0.3333333333333333,1,4,0.25,0.25
10784,VULNERABILITYSCAN,BENIGN,0.6111111111111112,LOW_CONFIDENCE,nist-sp-800-61r3-response|mitre-t1557-001-indicators|nist-sp-800-61r3-containment,0,0,0,0.0,0,3,0.0,0.0
10785,VULNERABILITYSCAN,BENIGN,0.6881188118811881,LOW_CONFIDENCE,nist-sp-800-61r3-response|nist-sp-800-61r3-containment|mitre-t1046-overview|mitre-t1498-detection,0,1,3,0.3333333333333333,1,4,0.25,0.25
10787,VULNERABILITYSCAN,BENIGN,0.6282051282051282,LOW_CONFIDENCE,nist-sp-800-61r3-response|nist-sp-800-61r3-containment,0,0,0,0.0,0,2,0.0,0.0
10795,VULNERABILITYSCAN,BENIGN,0.6767857142857143,LOW_CONFIDENCE,nist-sp-800-61r3-response|nist-sp-800-61r3-containment,0,0,0,0.0,0,2,0.0,0.0
10797,VULNERABILITYSCAN,BENIGN,0.5433962264150943,LOW_CONFIDENCE,nist-sp-800-61r3-response|nist-sp-800-61r3-containment|mitre-t1046-overview|mitre-t1498-detection,0,1,3,0.3333333333333333,1,4,0.25,0.25
10798,VULNERABILITYSCAN,BENIGN,0.6767857142857143,LOW_CONFIDENCE,nist-sp-800-61r3-response|nist-sp-800-61r3-containment,0,0,0,0.0,0,2,0.0,0.0
10799,VULNERABILITYSCAN,BENIGN,0.5260663507109006,LOW_CONFIDENCE,nist-sp-800-61r3-response|nist-sp-800-61r3-containment,0,0,0,0.0,0,2,0.0,0.0
10800,VULNERABILITYSCAN,BENIGN,0.6111111111111112,LOW_CONFIDENCE,nist-sp-800-61r3-response|nist-sp-800-61r3-containment,0,0,0,0.0,0,2,0.0,0.0
10806,VULNERABILITYSCAN,BENIGN,0.5433962264150943,LOW_CONFIDENCE,nist-sp-800-61r3-response|nist-sp-800-61r3-containment,0,0,0,0.0,0,2,0.0,0.0
10811,VULNERABILITYSCAN,BENIGN,0.6767857142857143,LOW_CONFIDENCE,nist-sp-800-61r3-response|nist-sp-800-61r3-containment,0,0,0,0.0,0,2,0.0,0.0
10812,VULNERABILITYSCAN,BENIGN,0.6767857142857143,LOW_CONFIDENCE,nist-sp-800-61r3-response|nist-sp-800-61r3-containment,0,0,0,0.0,0,2,0.0,0.0
10813,VULNERABILITYSCAN,BENIGN,0.6111111111111112,LOW_CONFIDENCE,nist-sp-800-61r3-response|nist-sp-800-61r3-containment|mitre-t1046-overview|mitre-t1498-detection,0,1,3,0.3333333333333333,1,4,0.25,0.25
10816,VULNERABILITYSCAN,BENIGN,0.5260663507109006,LOW_CONFIDENCE,nist-sp-800-61r3-response|nist-sp-800-61r3-containment,0,0,0,0.0,0,2,0.0,0.0
10821,VULNERABILITYSCAN,BENIGN,0.5260663507109006,LOW_CONFIDENCE,nist-sp-800-61r3-response|nist-sp-800-61r3-containment|mitre-t1046-overview|mitre-t1498-detection,0,1,3,0.3333333333333333,1,4,0.25,0.25
10822,VULNERABILITYSCAN,BENIGN,0.6767857142857143,LOW_CONFIDENCE,nist-sp-800-61r3-response|nist-sp-800-61r3-containment,0,0,0,0.0,0,2,0.0,0.0
10823,VULNERABILITYSCAN,BENIGN,0.6548672566371682,LOW_CONFIDENCE,nist-sp-800-61r3-response|nist-sp-800-61r3-containment,0,0,0,0.0,0,2,0.0,0.0
10825,VULNERABILITYSCAN,BENIGN,0.6548672566371682,LOW_CONFIDENCE,nist-sp-800-61r3-response|nist-sp-800-61r3-containment,0,0,0,0.0,0,2,0.0,0.0
10827,VULNERABILITYSCAN,BENIGN,0.5433962264150943,LOW_CONFIDENCE,nist-sp-800-61r3-response|nist-sp-800-61r3-containment,0,0,0,0.0,0,2,0.0,0.0
10828,VULNERABILITYSCAN,BENIGN,0.5260663507109006,LOW_CONFIDENCE,nist-sp-800-61r3-response|nist-sp-800-61r3-containment,0,0,0,0.0,0,2,0.0,0.0
10834,VULNERABILITYSCAN,BENIGN,0.5260663507109006,LOW_CONFIDENCE,nist-sp-800-61r3-response|mitre-t1557-001-indicators|nist-sp-800-61r3-containment,0,0,0,0.0,0,3,0.0,0.0
10837,VULNERABILITYSCAN,BENIGN,0.6767857142857143,LOW_CONFIDENCE,nist-sp-800-61r3-response|nist-sp-800-61r3-containment,0,0,0,0.0,0,2,0.0,0.0
10839,VULNERABILITYSCAN,BENIGN,0.5260663507109006,LOW_CONFIDENCE,nist-sp-800-61r3-response|nist-sp-800-61r3-containment,0,0,0,0.0,0,2,0.0,0.0
10840,VULNERABILITYSCAN,BENIGN,0.6767857142857143,LOW_CONFIDENCE,nist-sp-800-61r3-response|nist-sp-800-61r3-containment,0,0,0,0.0,0,2,0.0,0.0
10841,VULNERABILITYSCAN,BENIGN,0.6111111111111112,LOW_CONFIDENCE,nist-sp-800-61r3-response|nist-sp-800-61r3-containment,0,0,0,0.0,0,2,0.0,0.0
10842,DNS_SPOOFING,BENIGN,0.6754966887417219,LOW_CONFIDENCE,nist-sp-800-61r3-response|nist-sp-800-61r3-containment|mitre-t1046-overview|mitre-t1498-detection,0,0,0,0.0,0,4,0.0,0.0
10847,DNS_SPOOFING,BENIGN,0.6767857142857143,LOW_CONFIDENCE,nist-sp-800-61r3-response|nist-sp-800-61r3-containment,0,0,0,0.0,0,2,0.0,0.0
10848,VULNERABILITYSCAN,BENIGN,0.6767857142857143,LOW_CONFIDENCE,nist-sp-800-61r3-response|nist-sp-800-61r3-containment,0,0,0,0.0,0,2,0.0,0.0
10849,VULNERABILITYSCAN,BENIGN,0.6767857142857143,LOW_CONFIDENCE,nist-sp-800-61r3-response|nist-sp-800-61r3-containment,0,0,0,0.0,0,2,0.0,0.0
10854,VULNERABILITYSCAN,BENIGN,0.5433962264150943,LOW_CONFIDENCE,nist-sp-800-61r3-response|nist-sp-800-61r3-containment,0,0,0,0.0,0,2,0.0,0.0
10855,VULNERABILITYSCAN,BENIGN,0.6548672566371682,LOW_CONFIDENCE,nist-sp-800-61r3-response|nist-sp-800-61r3-containment,0,0,0,0.0,0,2,0.0,0.0
10856,VULNERABILITYSCAN,BENIGN,0.5260663507109006,LOW_CONFIDENCE,nist-sp-800-61r3-response|nist-sp-800-61r3-containment|mitre-t1046-overview|mitre-t1498-detection,0,1,3,0.3333333333333333,1,4,0.25,0.25
10861,VULNERABILITYSCAN,BENIGN,0.6767857142857143,LOW_CONFIDENCE,nist-sp-800-61r3-response|nist-sp-800-61r3-containment,0,0,0,0.0,0,2,0.0,0.0
10862,VULNERABILITYSCAN,BENIGN,0.5433962264150943,LOW_CONFIDENCE,nist-sp-800-61r3-response|nist-sp-800-61r3-containment,0,0,0,0.0,0,2,0.0,0.0
10863,VULNERABILITYSCAN,BENIGN,0.5433962264150943,LOW_CONFIDENCE,nist-sp-800-61r3-response|nist-sp-800-61r3-containment|mitre-t1046-overview|mitre-t1498-detection,0,1,3,0.3333333333333333,1,4,0.25,0.25
10866,VULNERABILITYSCAN,BENIGN,0.6767857142857143,LOW_CONFIDENCE,nist-sp-800-61r3-response|nist-sp-800-61r3-containment,0,0,0,0.0,0,2,0.0,0.0
10868,VULNERABILITYSCAN,BENIGN,0.6666666666666667,LOW_CONFIDENCE,nist-sp-800-61r3-response|nist-sp-800-61r3-containment,0,0,0,0.0,0,2,0.0,0.0
10870,VULNERABILITYSCAN,BENIGN,0.5865921787709497,LOW_CONFIDENCE,nist-sp-800-61r3-response|nist-sp-800-61r3-containment|mitre-t1046-overview|mitre-t1498-detection,0,1,3,0.3333333333333333,1,4,0.25,0.25
10871,VULNERABILITYSCAN,BENIGN,0.6767857142857143,LOW_CONFIDENCE,nist-sp-800-61r3-response|nist-sp-800-61r3-containment,0,0,0,0.0,0,2,0.0,0.0
10873,VULNERABILITYSCAN,BENIGN,0.6111111111111112,LOW_CONFIDENCE,nist-sp-800-61r3-response|nist-sp-800-61r3-containment,0,0,0,0.0,0,2,0.0,0.0
10874,DNS_SPOOFING,BENIGN,0.5821917808219178,LOW_CONFIDENCE,nist-sp-800-61r3-response|nist-sp-800-61r3-containment|mitre-t1046-overview|mitre-t1498-detection,0,0,0,0.0,0,4,0.0,0.0
10875,VULNERABILITYSCAN,BENIGN,0.5821917808219178,LOW_CONFIDENCE,nist-sp-800-61r3-response|nist-sp-800-61r3-containment|mitre-t1046-overview|mitre-t1498-detection,0,1,3,0.3333333333333333,1,4,0.25,0.25
10877,VULNERABILITYSCAN,BENIGN,0.6548672566371682,LOW_CONFIDENCE,nist-sp-800-61r3-response|nist-sp-800-61r3-containment,0,0,0,0.0,0,2,0.0,0.0
10879,VULNERABILITYSCAN,BENIGN,0.6767857142857143,LOW_CONFIDENCE,nist-sp-800-61r3-response|nist-sp-800-61r3-containment,0,0,0,0.0,0,2,0.0,0.0
10883,VULNERABILITYSCAN,BENIGN,0.6767857142857143,LOW_CONFIDENCE,nist-sp-800-61r3-response|nist-sp-800-61r3-containment,0,0,0,0.0,0,2,0.0,0.0
10884,VULNERABILITYSCAN,BENIGN,0.5260663507109006,LOW_CONFIDENCE,nist-sp-800-61r3-response|nist-sp-800-61r3-containment,0,0,0,0.0,0,2,0.0,0.0
10885,VULNERABILITYSCAN,BENIGN,0.5821917808219178,LOW_CONFIDENCE,nist-sp-800-61r3-response|nist-sp-800-61r3-containment|mitre-t1046-overview|mitre-t1498-detection,0,1,3,0.3333333333333333,1,4,0.25,0.25
10889,VULNERABILITYSCAN,BENIGN,0.6767857142857143,LOW_CONFIDENCE,nist-sp-800-61r3-response|nist-sp-800-61r3-containment,0,0,0,0.0,0,2,0.0,0.0
10890,VULNERABILITYSCAN,BENIGN,0.6282051282051282,LOW_CONFIDENCE,nist-sp-800-61r3-response|nist-sp-800-61r3-containment,0,0,0,0.0,0,2,0.0,0.0
10892,VULNERABILITYSCAN,BENIGN,0.6767857142857143,LOW_CONFIDENCE,nist-sp-800-61r3-response|nist-sp-800-61r3-containment,0,0,0,0.0,0,2,0.0,0.0
10898,VULNERABILITYSCAN,BENIGN,0.5433962264150943,LOW_CONFIDENCE,nist-sp-800-61r3-response|nist-sp-800-61r3-containment,0,0,0,0.0,0,2,0.0,0.0
10901,VULNERABILITYSCAN,BENIGN,0.5821917808219178,LOW_CONFIDENCE,nist-sp-800-61r3-response|nist-sp-800-61r3-containment|mitre-t1046-overview|mitre-t1498-detection,0,1,3,0.3333333333333333,1,4,0.25,0.25
10902,VULNERABILITYSCAN,BENIGN,0.5433962264150943,LOW_CONFIDENCE,nist-sp-800-61r3-response|nist-sp-800-61r3-containment,0,0,0,0.0,0,2,0.0,0.0
10905,VULNERABILITYSCAN,BENIGN,0.5433962264150943,LOW_CONFIDENCE,nist-sp-800-61r3-response|nist-sp-800-61r3-containment,0,0,0,0.0,0,2,0.0,0.0
10910,VULNERABILITYSCAN,BENIGN,0.5821917808219178,LOW_CONFIDENCE,nist-sp-800-61r3-response|nist-sp-800-61r3-containment,0,0,0,0.0,0,2,0.0,0.0
10911,VULNERABILITYSCAN,BENIGN,0.5433962264150943,LOW_CONFIDENCE,nist-sp-800-61r3-response|nist-sp-800-61r3-containment,0,0,0,0.0,0,2,0.0,0.0
10912,VULNERABILITYSCAN,BENIGN,0.5260663507109006,LOW_CONFIDENCE,nist-sp-800-61r3-response|nist-sp-800-61r3-containment|mitre-t1046-overview|mitre-t1498-detection,0,1,3,0.3333333333333333,1,4,0.25,0.25
10916,VULNERABILITYSCAN,BENIGN,0.6666666666666667,LOW_CONFIDENCE,nist-sp-800-61r3-response|nist-sp-800-61r3-containment|mitre-t1046-overview|mitre-t1498-detection,0,1,3,0.3333333333333333,1,4,0.25,0.25
10917,VULNERABILITYSCAN,BENIGN,0.5865921787709497,LOW_CONFIDENCE,nist-sp-800-61r3-response|nist-sp-800-61r3-containment,0,0,0,0.0,0,2,0.0,0.0
10919,VULNERABILITYSCAN,BENIGN,0.5821917808219178,LOW_CONFIDENCE,nist-sp-800-61r3-response|nist-sp-800-61r3-containment|mitre-t1046-overview|mitre-t1498-detection,0,1,3,0.3333333333333333,1,4,0.25,0.25
10920,VULNERABILITYSCAN,BENIGN,0.6767857142857143,LOW_CONFIDENCE,nist-sp-800-61r3-response|nist-sp-800-61r3-containment,0,0,0,0.0,0,2,0.0,0.0
10923,VULNERABILITYSCAN,BENIGN,0.5433962264150943,LOW_CONFIDENCE,nist-sp-800-61r3-response|nist-sp-800-61r3-containment,0,0,0,0.0,0,2,0.0,0.0
10924,VULNERABILITYSCAN,BENIGN,0.6548672566371682,LOW_CONFIDENCE,nist-sp-800-61r3-response|nist-sp-800-61r3-containment,0,0,0,0.0,0,2,0.0,0.0
10927,VULNERABILITYSCAN,BENIGN,0.5433962264150943,LOW_CONFIDENCE,nist-sp-800-61r3-response|nist-sp-800-61r3-containment,0,0,0,0.0,0,2,0.0,0.0
10930,VULNERABILITYSCAN,BENIGN,0.6754966887417219,LOW_CONFIDENCE,nist-sp-800-61r3-response|nist-sp-800-61r3-containment,0,0,0,0.0,0,2,0.0,0.0
10939,VULNERABILITYSCAN,BENIGN,0.6767857142857143,LOW_CONFIDENCE,nist-sp-800-61r3-response|nist-sp-800-61r3-containment,0,0,0,0.0,0,2,0.0,0.0
10946,VULNERABILITYSCAN,BENIGN,0.5865921787709497,LOW_CONFIDENCE,nist-sp-800-61r3-response|nist-sp-800-61r3-containment,0,0,0,0.0,0,2,0.0,0.0
10948,VULNERABILITYSCAN,BENIGN,0.5260663507109006,LOW_CONFIDENCE,nist-sp-800-61r3-response|nist-sp-800-61r3-containment,0,0,0,0.0,0,2,0.0,0.0
10950,VULNERABILITYSCAN,BENIGN,0.6548672566371682,LOW_CONFIDENCE,nist-sp-800-61r3-response|nist-sp-800-61r3-containment,0,0,0,0.0,0,2,0.0,0.0
10951,VULNERABILITYSCAN,BENIGN,0.6111111111111112,LOW_CONFIDENCE,nist-sp-800-61r3-response|nist-sp-800-61r3-containment,0,0,0,0.0,0,2,0.0,0.0
10953,DNS_SPOOFING,BENIGN,0.6767857142857143,LOW_CONFIDENCE,nist-sp-800-61r3-response|nist-sp-800-61r3-containment|mitre-t1046-overview|mitre-t1498-detection,0,0,0,0.0,0,4,0.0,0.0
10954,VULNERABILITYSCAN,BENIGN,0.6548672566371682,LOW_CONFIDENCE,nist-sp-800-61r3-response|nist-sp-800-61r3-containment|mitre-t1046-overview|mitre-t1498-detection,0,1,3,0.3333333333333333,1,4,0.25,0.25
10960,VULNERABILITYSCAN,BENIGN,0.6881188118811881,LOW_CONFIDENCE,nist-sp-800-61r3-response|nist-sp-800-61r3-containment|mitre-t1046-overview|mitre-t1498-detection,0,1,3,0.3333333333333333,1,4,0.25,0.25
10961,VULNERABILITYSCAN,BENIGN,0.5865921787709497,LOW_CONFIDENCE,nist-sp-800-61r3-response|nist-sp-800-61r3-containment|mitre-t1046-overview|mitre-t1498-detection,0,1,3,0.3333333333333333,1,4,0.25,0.25
10966,VULNERABILITYSCAN,BENIGN,0.6548672566371682,LOW_CONFIDENCE,nist-sp-800-61r3-response|nist-sp-800-61r3-containment,0,0,0,0.0,0,2,0.0,0.0
10971,VULNERABILITYSCAN,BENIGN,0.6111111111111112,LOW_CONFIDENCE,nist-sp-800-61r3-response|nist-sp-800-61r3-containment,0,0,0,0.0,0,2,0.0,0.0
10978,VULNERABILITYSCAN,BENIGN,0.6548672566371682,LOW_CONFIDENCE,nist-sp-800-61r3-response|nist-sp-800-61r3-containment,0,0,0,0.0,0,2,0.0,0.0
10979,VULNERABILITYSCAN,BENIGN,0.6767857142857143,LOW_CONFIDENCE,nist-sp-800-61r3-response|nist-sp-800-61r3-containment,0,0,0,0.0,0,2,0.0,0.0
10981,VULNERABILITYSCAN,BENIGN,0.6111111111111112,LOW_CONFIDENCE,nist-sp-800-61r3-response|nist-sp-800-61r3-containment,0,0,0,0.0,0,2,0.0,0.0
10982,VULNERABILITYSCAN,BENIGN,0.6111111111111112,LOW_CONFIDENCE,nist-sp-800-61r3-response|nist-sp-800-61r3-containment,0,0,0,0.0,0,2,0.0,0.0
10984,VULNERABILITYSCAN,BENIGN,0.6111111111111112,LOW_CONFIDENCE,nist-sp-800-61r3-response|nist-sp-800-61r3-containment,0,0,0,0.0,0,2,0.0,0.0
10986,VULNERABILITYSCAN,BENIGN,0.6666666666666666,LOW_CONFIDENCE,nist-sp-800-61r3-response|nist-sp-800-61r3-containment|mitre-t1046-overview|mitre-t1498-detection,0,1,3,0.3333333333333333,1,4,0.25,0.25
10993,VULNERABILITYSCAN,BENIGN,0.5433962264150943,LOW_CONFIDENCE,nist-sp-800-61r3-response|nist-sp-800-61r3-containment,0,0,0,0.0,0,2,0.0,0.0
10995,VULNERABILITYSCAN,BENIGN,0.5865921787709497,LOW_CONFIDENCE,nist-sp-800-61r3-response|nist-sp-800-61r3-containment,0,0,0,0.0,0,2,0.0,0.0
10996,VULNERABILITYSCAN,BENIGN,0.6767857142857143,LOW_CONFIDENCE,nist-sp-800-61r3-response|nist-sp-800-61r3-containment,0,0,0,0.0,0,2,0.0,0.0
11009,VULNERABILITYSCAN,BENIGN,0.5865921787709497,LOW_CONFIDENCE,nist-sp-800-61r3-response|nist-sp-800-61r3-containment,0,0,0,0.0,0,2,0.0,0.0
11011,VULNERABILITYSCAN,BENIGN,0.6282051282051282,LOW_CONFIDENCE,nist-sp-800-61r3-response|nist-sp-800-61r3-containment|mitre-t1046-overview|mitre-t1498-detection,0,1,3,0.3333333333333333,1,4,0.25,0.25
11013,VULNERABILITYSCAN,BENIGN,0.6754966887417219,LOW_CONFIDENCE,nist-sp-800-61r3-response|nist-sp-800-61r3-containment,0,0,0,0.0,0,2,0.0,0.0
11016,VULNERABILITYSCAN,BENIGN,0.6548672566371682,LOW_CONFIDENCE,nist-sp-800-61r3-response|nist-sp-800-61r3-containment,0,0,0,0.0,0,2,0.0,0.0
11017,VULNERABILITYSCAN,BENIGN,0.6767857142857143,LOW_CONFIDENCE,nist-sp-800-61r3-response|nist-sp-800-61r3-containment|mitre-t1046-overview|mitre-t1498-detection,0,1,3,0.3333333333333333,1,4,0.25,0.25
11019,VULNERABILITYSCAN,BENIGN,0.5260663507109006,LOW_CONFIDENCE,nist-sp-800-61r3-response|nist-sp-800-61r3-containment,0,0,0,0.0,0,2,0.0,0.0
11020,VULNERABILITYSCAN,BENIGN,0.6754966887417219,LOW_CONFIDENCE,nist-sp-800-61r3-response|nist-sp-800-61r3-containment,0,0,0,0.0,0,2,0.0,0.0
11021,VULNERABILITYSCAN,BENIGN,0.5821917808219178,LOW_CONFIDENCE,nist-sp-800-61r3-response|nist-sp-800-61r3-containment|mitre-t1046-overview|mitre-t1498-detection,0,1,3,0.3333333333333333,1,4,0.25,0.25
11029,VULNERABILITYSCAN,BENIGN,0.5260663507109006,LOW_CONFIDENCE,nist-sp-800-61r3-response|nist-sp-800-61r3-containment,0,0,0,0.0,0,2,0.0,0.0
11035,VULNERABILITYSCAN,BENIGN,0.6767857142857143,LOW_CONFIDENCE,nist-sp-800-61r3-response|nist-sp-800-61r3-containment,0,0,0,0.0,0,2,0.0,0.0
11036,VULNERABILITYSCAN,BENIGN,0.6111111111111112,LOW_CONFIDENCE,nist-sp-800-61r3-response|nist-sp-800-61r3-containment,0,0,0,0.0,0,2,0.0,0.0
11040,VULNERABILITYSCAN,BENIGN,0.6754966887417219,LOW_CONFIDENCE,nist-sp-800-61r3-response|nist-sp-800-61r3-containment|mitre-t1046-overview|mitre-t1498-detection,0,1,3,0.3333333333333333,1,4,0.25,0.25
11041,VULNERABILITYSCAN,BENIGN,0.5821917808219178,LOW_CONFIDENCE,nist-sp-800-61r3-response|nist-sp-800-61r3-containment,0,0,0,0.0,0,2,0.0,0.0
11042,DNS_SPOOFING,BENIGN,0.6767857142857143,LOW_CONFIDENCE,nist-sp-800-61r3-response|nist-sp-800-61r3-containment,0,0,0,0.0,0,2,0.0,0.0
11043,VULNERABILITYSCAN,BENIGN,0.5260663507109006,LOW_CONFIDENCE,nist-sp-800-61r3-response|nist-sp-800-61r3-containment,0,0,0,0.0,0,2,0.0,0.0
11044,VULNERABILITYSCAN,BENIGN,0.6548672566371682,LOW_CONFIDENCE,nist-sp-800-61r3-response|nist-sp-800-61r3-containment,0,0,0,0.0,0,2,0.0,0.0
11046,VULNERABILITYSCAN,BENIGN,0.6282051282051282,LOW_CONFIDENCE,nist-sp-800-61r3-response|nist-sp-800-61r3-containment|mitre-t1046-overview|mitre-t1498-detection,0,1,3,0.3333333333333333,1,4,0.25,0.25
11052,VULNERABILITYSCAN,BENIGN,0.5821917808219178,LOW_CONFIDENCE,nist-sp-800-61r3-response|nist-sp-800-61r3-containment|mitre-t1046-overview|mitre-t1498-detection,0,1,3,0.3333333333333333,1,4,0.25,0.25
11054,VULNERABILITYSCAN,BENIGN,0.6548672566371682,LOW_CONFIDENCE,nist-sp-800-61r3-response|nist-sp-800-61r3-containment|mitre-t1046-overview|mitre-t1498-detection,0,1,3,0.3333333333333333,1,4,0.25,0.25
11055,VULNERABILITYSCAN,BENIGN,0.5433962264150943,LOW_CONFIDENCE,nist-sp-800-61r3-response|nist-sp-800-61r3-containment,0,0,0,0.0,0,2,0.0,0.0
11057,VULNERABILITYSCAN,BENIGN,0.6111111111111112,LOW_CONFIDENCE,nist-sp-800-61r3-response|nist-sp-800-61r3-containment,0,0,0,0.0,0,2,0.0,0.0
11058,VULNERABILITYSCAN,BENIGN,0.5433962264150943,LOW_CONFIDENCE,nist-sp-800-61r3-response|nist-sp-800-61r3-containment,0,0,0,0.0,0,2,0.0,0.0
11059,VULNERABILITYSCAN,BENIGN,0.6111111111111112,LOW_CONFIDENCE,nist-sp-800-61r3-response|nist-sp-800-61r3-containment,0,0,0,0.0,0,2,0.0,0.0
11065,DNS_SPOOFING,BENIGN,0.6754966887417219,LOW_CONFIDENCE,nist-sp-800-61r3-response|mitre-t1557-001-indicators|nist-sp-800-61r3-containment|mitre-t1046-overview,0,1,2,0.5,1,4,0.25,0.25
11066,VULNERABILITYSCAN,BENIGN,0.6881188118811881,LOW_CONFIDENCE,nist-sp-800-61r3-response|nist-sp-800-61r3-containment,0,0,0,0.0,0,2,0.0,0.0
11068,VULNERABILITYSCAN,BENIGN,0.6881188118811881,LOW_CONFIDENCE,nist-sp-800-61r3-response|nist-sp-800-61r3-containment|mitre-t1046-overview|mitre-t1498-detection,0,1,3,0.3333333333333333,1,4,0.25,0.25
11069,VULNERABILITYSCAN,BENIGN,0.6548672566371682,LOW_CONFIDENCE,nist-sp-800-61r3-response|nist-sp-800-61r3-containment,0,0,0,0.0,0,2,0.0,0.0
11072,VULNERABILITYSCAN,BENIGN,0.5821917808219178,LOW_CONFIDENCE,nist-sp-800-61r3-response|nist-sp-800-61r3-containment,0,0,0,0.0,0,2,0.0,0.0
11081,VULNERABILITYSCAN,BENIGN,0.6767857142857143,LOW_CONFIDENCE,nist-sp-800-61r3-response|nist-sp-800-61r3-containment,0,0,0,0.0,0,2,0.0,0.0
11082,VULNERABILITYSCAN,BENIGN,0.5821917808219178,LOW_CONFIDENCE,nist-sp-800-61r3-response|nist-sp-800-61r3-containment,0,0,0,0.0,0,2,0.0,0.0
11083,VULNERABILITYSCAN,BENIGN,0.5260663507109006,LOW_CONFIDENCE,nist-sp-800-61r3-response|nist-sp-800-61r3-containment,0,0,0,0.0,0,2,0.0,0.0
11087,VULNERABILITYSCAN,BENIGN,0.6767857142857143,LOW_CONFIDENCE,nist-sp-800-61r3-response|nist-sp-800-61r3-containment,0,0,0,0.0,0,2,0.0,0.0
11090,VULNERABILITYSCAN,BENIGN,0.6881188118811881,LOW_CONFIDENCE,nist-sp-800-61r3-response|nist-sp-800-61r3-containment,0,0,0,0.0,0,2,0.0,0.0
11093,VULNERABILITYSCAN,BENIGN,0.6881188118811881,LOW_CONFIDENCE,nist-sp-800-61r3-response|nist-sp-800-61r3-containment,0,0,0,0.0,0,2,0.0,0.0
11094,VULNERABILITYSCAN,BENIGN,0.6548672566371682,LOW_CONFIDENCE,nist-sp-800-61r3-response|nist-sp-800-61r3-containment,0,0,0,0.0,0,2,0.0,0.0
11096,VULNERABILITYSCAN,BENIGN,0.6767857142857143,LOW_CONFIDENCE,nist-sp-800-61r3-response|nist-sp-800-61r3-containment,0,0,0,0.0,0,2,0.0,0.0
11097,VULNERABILITYSCAN,BENIGN,0.5865921787709497,LOW_CONFIDENCE,nist-sp-800-61r3-response|nist-sp-800-61r3-containment,0,0,0,0.0,0,2,0.0,0.0
11098,VULNERABILITYSCAN,BENIGN,0.5433962264150943,LOW_CONFIDENCE,nist-sp-800-61r3-response|nist-sp-800-61r3-containment,0,0,0,0.0,0,2,0.0,0.0
11102,VULNERABILITYSCAN,BENIGN,0.6767857142857143,LOW_CONFIDENCE,nist-sp-800-61r3-response|nist-sp-800-61r3-containment,0,0,0,0.0,0,2,0.0,0.0
11104,VULNERABILITYSCAN,BENIGN,0.5865921787709497,LOW_CONFIDENCE,nist-sp-800-61r3-response|nist-sp-800-61r3-containment,0,0,0,0.0,0,2,0.0,0.0
11110,VULNERABILITYSCAN,BENIGN,0.6754966887417219,LOW_CONFIDENCE,nist-sp-800-61r3-response|nist-sp-800-61r3-containment,0,0,0,0.0,0,2,0.0,0.0
11111,VULNERABILITYSCAN,BENIGN,0.5865921787709497,LOW_CONFIDENCE,nist-sp-800-61r3-response|nist-sp-800-61r3-containment|mitre-t1046-overview|mitre-t1498-detection,0,1,3,0.3333333333333333,1,4,0.25,0.25
11112,VULNERABILITYSCAN,BENIGN,0.6998827407250808,LOW_CONFIDENCE,nist-sp-800-61r3-response|nist-sp-800-61r3-containment|mitre-t1046-overview|mitre-t1498-detection,0,1,3,0.3333333333333333,1,4,0.25,0.25
11119,VULNERABILITYSCAN,BENIGN,0.6111111111111112,LOW_CONFIDENCE,nist-sp-800-61r3-response|nist-sp-800-61r3-containment,0,0,0,0.0,0,2,0.0,0.0
11124,VULNERABILITYSCAN,BENIGN,0.6881188118811881,LOW_CONFIDENCE,nist-sp-800-61r3-response|nist-sp-800-61r3-containment,0,0,0,0.0,0,2,0.0,0.0
11128,VULNERABILITYSCAN,BENIGN,0.6754966887417219,LOW_CONFIDENCE,nist-sp-800-61r3-response|nist-sp-800-61r3-containment,0,0,0,0.0,0,2,0.0,0.0
11131,VULNERABILITYSCAN,BENIGN,0.5865921787709497,LOW_CONFIDENCE,nist-sp-800-61r3-response|nist-sp-800-61r3-containment,0,0,0,0.0,0,2,0.0,0.0
11135,VULNERABILITYSCAN,BENIGN,0.6666666666666667,LOW_CONFIDENCE,nist-sp-800-61r3-response|nist-sp-800-61r3-containment,0,0,0,0.0,0,2,0.0,0.0
11137,VULNERABILITYSCAN,BENIGN,0.6881188118811881,LOW_CONFIDENCE,nist-sp-800-61r3-response|nist-sp-800-61r3-containment|mitre-t1046-overview|mitre-t1498-detection,0,1,3,0.3333333333333333,1,4,0.25,0.25
11138,VULNERABILITYSCAN,BENIGN,0.5433962264150943,LOW_CONFIDENCE,nist-sp-800-61r3-response|nist-sp-800-61r3-containment,0,0,0,0.0,0,2,0.0,0.0
11139,DNS_SPOOFING,BENIGN,0.5433962264150943,LOW_CONFIDENCE,nist-sp-800-61r3-response|nist-sp-800-61r3-containment,0,0,0,0.0,0,2,0.0,0.0
11141,VULNERABILITYSCAN,BENIGN,0.6767857142857143,LOW_CONFIDENCE,nist-sp-800-61r3-response|nist-sp-800-61r3-containment,0,0,0,0.0,0,2,0.0,0.0
11142,VULNERABILITYSCAN,BENIGN,0.6881188118811881,LOW_CONFIDENCE,nist-sp-800-61r3-response|nist-sp-800-61r3-containment|mitre-t1046-overview|mitre-t1498-detection,0,1,3,0.3333333333333333,1,4,0.25,0.25
11144,VULNERABILITYSCAN,BENIGN,0.5433962264150943,LOW_CONFIDENCE,nist-sp-800-61r3-response|nist-sp-800-61r3-containment|mitre-t1046-overview|mitre-t1498-detection,0,1,3,0.3333333333333333,1,4,0.25,0.25
11145,VULNERABILITYSCAN,BENIGN,0.6767857142857143,LOW_CONFIDENCE,nist-sp-800-61r3-response|nist-sp-800-61r3-containment,0,0,0,0.0,0,2,0.0,0.0
11149,VULNERABILITYSCAN,BENIGN,0.6666666666666667,LOW_CONFIDENCE,nist-sp-800-61r3-response|nist-sp-800-61r3-containment,0,0,0,0.0,0,2,0.0,0.0
11156,DNS_SPOOFING,BENIGN,0.5260663507109006,LOW_CONFIDENCE,nist-sp-800-61r3-response|nist-sp-800-61r3-containment,0,0,0,0.0,0,2,0.0,0.0
11158,VULNERABILITYSCAN,BENIGN,0.6881188118811881,LOW_CONFIDENCE,nist-sp-800-61r3-response|nist-sp-800-61r3-containment|mitre-t1046-overview|mitre-t1498-detection,0,1,3,0.3333333333333333,1,4,0.25,0.25
11160,VULNERABILITYSCAN,BENIGN,0.5433962264150943,LOW_CONFIDENCE,nist-sp-800-61r3-response|nist-sp-800-61r3-containment,0,0,0,0.0,0,2,0.0,0.0
11162,VULNERABILITYSCAN,BENIGN,0.625,LOW_CONFIDENCE,nist-sp-800-61r3-response|nist-sp-800-61r3-containment,0,0,0,0.0,0,2,0.0,0.0
11164,VULNERABILITYSCAN,BENIGN,0.6767857142857143,LOW_CONFIDENCE,nist-sp-800-61r3-response|nist-sp-800-61r3-containment,0,0,0,0.0,0,2,0.0,0.0
11166,VULNERABILITYSCAN,BENIGN,0.6881188118811881,LOW_CONFIDENCE,nist-sp-800-61r3-response|nist-sp-800-61r3-containment|mitre-t1046-overview|mitre-t1498-detection,0,1,3,0.3333333333333333,1,4,0.25,0.25
11167,DNS_SPOOFING,BENIGN,0.5433962264150943,LOW_CONFIDENCE,nist-sp-800-61r3-response|nist-sp-800-61r3-containment|mitre-t1046-overview|mitre-t1498-detection,0,0,0,0.0,0,4,0.0,0.0
11168,VULNERABILITYSCAN,BENIGN,0.6767857142857143,LOW_CONFIDENCE,nist-sp-800-61r3-response|nist-sp-800-61r3-containment,0,0,0,0.0,0,2,0.0,0.0
11170,VULNERABILITYSCAN,BENIGN,0.6767857142857143,LOW_CONFIDENCE,nist-sp-800-61r3-response|nist-sp-800-61r3-containment,0,0,0,0.0,0,2,0.0,0.0
11172,VULNERABILITYSCAN,BENIGN,0.6767857142857143,LOW_CONFIDENCE,nist-sp-800-61r3-response|nist-sp-800-61r3-containment,0,0,0,0.0,0,2,0.0,0.0
11177,VULNERABILITYSCAN,BENIGN,0.5821917808219178,LOW_CONFIDENCE,nist-sp-800-61r3-response|nist-sp-800-61r3-containment|mitre-t1046-overview|mitre-t1498-detection,0,1,3,0.3333333333333333,1,4,0.25,0.25
11179,VULNERABILITYSCAN,BENIGN,0.5865921787709497,LOW_CONFIDENCE,nist-sp-800-61r3-response|nist-sp-800-61r3-containment|mitre-t1046-overview|mitre-t1498-detection,0,1,3,0.3333333333333333,1,4,0.25,0.25
11186,VULNERABILITYSCAN,BENIGN,0.5865921787709497,LOW_CONFIDENCE,nist-sp-800-61r3-response|nist-sp-800-61r3-containment,0,0,0,0.0,0,2,0.0,0.0
11190,DNS_SPOOFING,BENIGN,0.5433962264150943,LOW_CONFIDENCE,nist-sp-800-61r3-response|nist-sp-800-61r3-containment,0,0,0,0.0,0,2,0.0,0.0
11191,VULNERABILITYSCAN,BENIGN,0.6754966887417219,LOW_CONFIDENCE,nist-sp-800-61r3-response|nist-sp-800-61r3-containment,0,0,0,0.0,0,2,0.0,0.0
11193,VULNERABILITYSCAN,BENIGN,0.5865921787709497,LOW_CONFIDENCE,nist-sp-800-61r3-response|nist-sp-800-61r3-containment,0,0,0,0.0,0,2,0.0,0.0
11197,VULNERABILITYSCAN,BENIGN,0.625,LOW_CONFIDENCE,nist-sp-800-61r3-response|nist-sp-800-61r3-containment,0,0,0,0.0,0,2,0.0,0.0
11198,VULNERABILITYSCAN,BENIGN,0.6767857142857143,LOW_CONFIDENCE,nist-sp-800-61r3-response|nist-sp-800-61r3-containment,0,0,0,0.0,0,2,0.0,0.0
11200,VULNERABILITYSCAN,BENIGN,0.6548672566371682,LOW_CONFIDENCE,nist-sp-800-61r3-response|nist-sp-800-61r3-containment,0,0,0,0.0,0,2,0.0,0.0
11203,VULNERABILITYSCAN,BENIGN,0.6548672566371682,LOW_CONFIDENCE,nist-sp-800-61r3-response|nist-sp-800-61r3-containment,0,0,0,0.0,0,2,0.0,0.0
11204,VULNERABILITYSCAN,BENIGN,0.6767857142857143,LOW_CONFIDENCE,nist-sp-800-61r3-response|nist-sp-800-61r3-containment|mitre-t1046-overview|mitre-t1498-detection,0,1,3,0.3333333333333333,1,4,0.25,0.25
11209,VULNERABILITYSCAN,BENIGN,0.5433962264150943,LOW_CONFIDENCE,nist-sp-800-61r3-response|nist-sp-800-61r3-containment,0,0,0,0.0,0,2,0.0,0.0
11210,VULNERABILITYSCAN,BENIGN,0.6111111111111112,LOW_CONFIDENCE,nist-sp-800-61r3-response|nist-sp-800-61r3-containment,0,0,0,0.0,0,2,0.0,0.0
11215,VULNERABILITYSCAN,BENIGN,0.6881188118811881,LOW_CONFIDENCE,nist-sp-800-61r3-response|nist-sp-800-61r3-containment|mitre-t1046-overview|mitre-t1498-detection,0,1,3,0.3333333333333333,1,4,0.25,0.25
11216,VULNERABILITYSCAN,BENIGN,0.6767857142857143,LOW_CONFIDENCE,nist-sp-800-61r3-response|nist-sp-800-61r3-containment,0,0,0,0.0,0,2,0.0,0.0
11218,DNS_SPOOFING,BENIGN,0.5260663507109006,LOW_CONFIDENCE,nist-sp-800-61r3-response|nist-sp-800-61r3-containment|mitre-t1046-overview|mitre-t1498-detection,0,0,0,0.0,0,4,0.0,0.0
11219,VULNERABILITYSCAN,BENIGN,0.5433962264150943,LOW_CONFIDENCE,nist-sp-800-61r3-response|nist-sp-800-61r3-containment,0,0,0,0.0,0,2,0.0,0.0
11222,VULNERABILITYSCAN,BENIGN,0.5865921787709497,LOW_CONFIDENCE,nist-sp-800-61r3-response|nist-sp-800-61r3-containment,0,0,0,0.0,0,2,0.0,0.0
11223,VULNERABILITYSCAN,BENIGN,0.6111111111111112,LOW_CONFIDENCE,nist-sp-800-61r3-response|nist-sp-800-61r3-containment|mitre-t1046-overview|mitre-t1498-detection,0,1,3,0.3333333333333333,1,4,0.25,0.25
11229,VULNERABILITYSCAN,BENIGN,0.5821917808219178,LOW_CONFIDENCE,nist-sp-800-61r3-response|nist-sp-800-61r3-containment,0,0,0,0.0,0,2,0.0,0.0
11234,VULNERABILITYSCAN,BENIGN,0.6767857142857143,LOW_CONFIDENCE,nist-sp-800-61r3-response|nist-sp-800-61r3-containment,0,0,0,0.0,0,2,0.0,0.0
11236,VULNERABILITYSCAN,BENIGN,0.6111111111111112,LOW_CONFIDENCE,nist-sp-800-61r3-response|nist-sp-800-61r3-containment,0,0,0,0.0,0,2,0.0,0.0
11239,VULNERABILITYSCAN,BENIGN,0.6111111111111112,LOW_CONFIDENCE,nist-sp-800-61r3-response|nist-sp-800-61r3-containment,0,0,0,0.0,0,2,0.0,0.0
11245,VULNERABILITYSCAN,BENIGN,0.6767857142857143,LOW_CONFIDENCE,nist-sp-800-61r3-response|nist-sp-800-61r3-containment,0,0,0,0.0,0,2,0.0,0.0
11247,VULNERABILITYSCAN,BENIGN,0.5865921787709497,LOW_CONFIDENCE,nist-sp-800-61r3-response|nist-sp-800-61r3-containment|mitre-t1046-overview|mitre-t1498-detection,0,1,3,0.3333333333333333,1,4,0.25,0.25
11248,VULNERABILITYSCAN,BENIGN,0.6548672566371682,LOW_CONFIDENCE,nist-sp-800-61r3-response|nist-sp-800-61r3-containment,0,0,0,0.0,0,2,0.0,0.0
11250,VULNERABILITYSCAN,BENIGN,0.5821917808219178,LOW_CONFIDENCE,nist-sp-800-61r3-response|nist-sp-800-61r3-containment,0,0,0,0.0,0,2,0.0,0.0
11252,VULNERABILITYSCAN,BENIGN,0.6767857142857143,LOW_CONFIDENCE,nist-sp-800-61r3-response|nist-sp-800-61r3-containment,0,0,0,0.0,0,2,0.0,0.0
11255,VULNERABILITYSCAN,BENIGN,0.6548672566371682,LOW_CONFIDENCE,nist-sp-800-61r3-response|nist-sp-800-61r3-containment,0,0,0,0.0,0,2,0.0,0.0
11261,VULNERABILITYSCAN,BENIGN,0.6881188118811881,LOW_CONFIDENCE,nist-sp-800-61r3-response|nist-sp-800-61r3-containment,0,0,0,0.0,0,2,0.0,0.0
11263,VULNERABILITYSCAN,BENIGN,0.6767857142857143,LOW_CONFIDENCE,nist-sp-800-61r3-response|nist-sp-800-61r3-containment,0,0,0,0.0,0,2,0.0,0.0
11264,VULNERABILITYSCAN,BENIGN,0.6754966887417219,LOW_CONFIDENCE,nist-sp-800-61r3-response|nist-sp-800-61r3-containment|mitre-t1046-overview|mitre-t1498-detection,0,1,3,0.3333333333333333,1,4,0.25,0.25
11273,VULNERABILITYSCAN,BENIGN,0.6881188118811881,LOW_CONFIDENCE,nist-sp-800-61r3-response|nist-sp-800-61r3-containment|mitre-t1046-overview|mitre-t1498-detection,0,1,3,0.3333333333333333,1,4,0.25,0.25
11275,VULNERABILITYSCAN,BENIGN,0.6767857142857143,LOW_CONFIDENCE,nist-sp-800-61r3-response|nist-sp-800-61r3-containment,0,0,0,0.0,0,2,0.0,0.0
11276,VULNERABILITYSCAN,BENIGN,0.6881188118811881,LOW_CONFIDENCE,nist-sp-800-61r3-response|nist-sp-800-61r3-containment,0,0,0,0.0,0,2,0.0,0.0
11278,VULNERABILITYSCAN,BENIGN,0.6282051282051282,LOW_CONFIDENCE,nist-sp-800-61r3-response|nist-sp-800-61r3-containment,0,0,0,0.0,0,2,0.0,0.0
11281,VULNERABILITYSCAN,BENIGN,0.6111111111111112,LOW_CONFIDENCE,nist-sp-800-61r3-response|nist-sp-800-61r3-containment,0,0,0,0.0,0,2,0.0,0.0
11282,VULNERABILITYSCAN,BENIGN,0.6767857142857143,LOW_CONFIDENCE,nist-sp-800-61r3-response|nist-sp-800-61r3-containment,0,0,0,0.0,0,2,0.0,0.0
11284,VULNERABILITYSCAN,BENIGN,0.6111111111111112,LOW_CONFIDENCE,nist-sp-800-61r3-response|nist-sp-800-61r3-containment,0,0,0,0.0,0,2,0.0,0.0
11287,VULNERABILITYSCAN,BENIGN,0.6881188118811881,LOW_CONFIDENCE,nist-sp-800-61r3-response|mitre-t1557-001-indicators|nist-sp-800-61r3-containment,0,0,0,0.0,0,3,0.0,0.0
11294,VULNERABILITYSCAN,BENIGN,0.5821917808219178,LOW_CONFIDENCE,nist-sp-800-61r3-response|nist-sp-800-61r3-containment|mitre-t1046-overview|mitre-t1498-detection,0,1,3,0.3333333333333333,1,4,0.25,0.25
11295,VULNERABILITYSCAN,BENIGN,0.6881188118811881,LOW_CONFIDENCE,nist-sp-800-61r3-response|nist-sp-800-61r3-containment,0,0,0,0.0,0,2,0.0,0.0
11296,VULNERABILITYSCAN,BENIGN,0.6767857142857143,LOW_CONFIDENCE,nist-sp-800-61r3-response|nist-sp-800-61r3-containment|mitre-t1046-overview|mitre-t1498-detection,0,1,3,0.3333333333333333,1,4,0.25,0.25
11298,VULNERABILITYSCAN,BENIGN,0.6548672566371682,LOW_CONFIDENCE,nist-sp-800-61r3-response|nist-sp-800-61r3-containment,0,0,0,0.0,0,2,0.0,0.0
11302,VULNERABILITYSCAN,BENIGN,0.6767857142857143,LOW_CONFIDENCE,nist-sp-800-61r3-response|nist-sp-800-61r3-containment,0,0,0,0.0,0,2,0.0,0.0
11303,VULNERABILITYSCAN,BENIGN,0.6767857142857143,LOW_CONFIDENCE,nist-sp-800-61r3-response|nist-sp-800-61r3-containment,0,0,0,0.0,0,2,0.0,0.0
11304,DNS_SPOOFING,BENIGN,0.5260663507109006,LOW_CONFIDENCE,nist-sp-800-61r3-response|nist-sp-800-61r3-containment,0,0,0,0.0,0,2,0.0,0.0
11306,VULNERABILITYSCAN,BENIGN,0.6111111111111112,LOW_CONFIDENCE,nist-sp-800-61r3-response|nist-sp-800-61r3-containment,0,0,0,0.0,0,2,0.0,0.0
11307,DNS_SPOOFING,BENIGN,0.5433962264150943,LOW_CONFIDENCE,nist-sp-800-61r3-response|nist-sp-800-61r3-containment,0,0,0,0.0,0,2,0.0,0.0
11314,VULNERABILITYSCAN,BENIGN,0.6548672566371682,LOW_CONFIDENCE,nist-sp-800-61r3-response|nist-sp-800-61r3-containment,0,0,0,0.0,0,2,0.0,0.0
11315,VULNERABILITYSCAN,BENIGN,0.5433962264150943,LOW_CONFIDENCE,nist-sp-800-61r3-response|nist-sp-800-61r3-containment,0,0,0,0.0,0,2,0.0,0.0
11316,VULNERABILITYSCAN,BENIGN,0.6282051282051282,LOW_CONFIDENCE,nist-sp-800-61r3-response|nist-sp-800-61r3-containment,0,0,0,0.0,0,2,0.0,0.0
11318,VULNERABILITYSCAN,BENIGN,0.5433962264150943,LOW_CONFIDENCE,nist-sp-800-61r3-response|nist-sp-800-61r3-containment,0,0,0,0.0,0,2,0.0,0.0
11320,VULNERABILITYSCAN,BENIGN,0.5865921787709497,LOW_CONFIDENCE,nist-sp-800-61r3-response|nist-sp-800-61r3-containment,0,0,0,0.0,0,2,0.0,0.0
11322,VULNERABILITYSCAN,BENIGN,0.6767857142857143,LOW_CONFIDENCE,nist-sp-800-61r3-response|nist-sp-800-61r3-containment,0,0,0,0.0,0,2,0.0,0.0
11326,VULNERABILITYSCAN,BENIGN,0.6111111111111112,LOW_CONFIDENCE,nist-sp-800-61r3-response|nist-sp-800-61r3-containment,0,0,0,0.0,0,2,0.0,0.0
11327,VULNERABILITYSCAN,BENIGN,0.5433962264150943,LOW_CONFIDENCE,nist-sp-800-61r3-response|nist-sp-800-61r3-containment,0,0,0,0.0,0,2,0.0,0.0
11328,VULNERABILITYSCAN,BENIGN,0.6767857142857143,LOW_CONFIDENCE,nist-sp-800-61r3-response|nist-sp-800-61r3-containment,0,0,0,0.0,0,2,0.0,0.0
11331,VULNERABILITYSCAN,BENIGN,0.6282051282051282,LOW_CONFIDENCE,nist-sp-800-61r3-response|nist-sp-800-61r3-containment|mitre-t1046-overview|mitre-t1498-detection,0,1,3,0.3333333333333333,1,4,0.25,0.25
11332,VULNERABILITYSCAN,BENIGN,0.6767857142857143,LOW_CONFIDENCE,nist-sp-800-61r3-response|nist-sp-800-61r3-containment|mitre-t1046-overview|mitre-t1498-detection,0,1,3,0.3333333333333333,1,4,0.25,0.25
11335,VULNERABILITYSCAN,BENIGN,0.6111111111111112,LOW_CONFIDENCE,nist-sp-800-61r3-response|nist-sp-800-61r3-containment,0,0,0,0.0,0,2,0.0,0.0
11336,VULNERABILITYSCAN,BENIGN,0.6767857142857143,LOW_CONFIDENCE,nist-sp-800-61r3-response|nist-sp-800-61r3-containment,0,0,0,0.0,0,2,0.0,0.0
11339,VULNERABILITYSCAN,BENIGN,0.6767857142857143,LOW_CONFIDENCE,nist-sp-800-61r3-response|nist-sp-800-61r3-containment,0,0,0,0.0,0,2,0.0,0.0
11340,VULNERABILITYSCAN,BENIGN,0.5433962264150943,LOW_CONFIDENCE,nist-sp-800-61r3-response|nist-sp-800-61r3-containment,0,0,0,0.0,0,2,0.0,0.0
11343,VULNERABILITYSCAN,BENIGN,0.6767857142857143,LOW_CONFIDENCE,nist-sp-800-61r3-response|nist-sp-800-61r3-containment,0,0,0,0.0,0,2,0.0,0.0
11344,VULNERABILITYSCAN,BENIGN,0.6754966887417219,LOW_CONFIDENCE,nist-sp-800-61r3-response|nist-sp-800-61r3-containment|mitre-t1046-overview|mitre-t1498-detection,0,1,3,0.3333333333333333,1,4,0.25,0.25
11345,VULNERABILITYSCAN,BENIGN,0.6111111111111112,LOW_CONFIDENCE,nist-sp-800-61r3-response|nist-sp-800-61r3-containment,0,0,0,0.0,0,2,0.0,0.0
11347,VULNERABILITYSCAN,BENIGN,0.5433962264150943,LOW_CONFIDENCE,nist-sp-800-61r3-response|nist-sp-800-61r3-containment|mitre-t1046-overview|mitre-t1498-detection,0,1,3,0.3333333333333333,1,4,0.25,0.25
11348,VULNERABILITYSCAN,BENIGN,0.5821917808219178,LOW_CONFIDENCE,nist-sp-800-61r3-response|nist-sp-800-61r3-containment,0,0,0,0.0,0,2,0.0,0.0
11351,VULNERABILITYSCAN,BENIGN,0.5865921787709497,LOW_CONFIDENCE,nist-sp-800-61r3-response|nist-sp-800-61r3-containment,0,0,0,0.0,0,2,0.0,0.0
11353,VULNERABILITYSCAN,BENIGN,0.6767857142857143,LOW_CONFIDENCE,nist-sp-800-61r3-response|nist-sp-800-61r3-containment,0,0,0,0.0,0,2,0.0,0.0
11354,VULNERABILITYSCAN,BENIGN,0.6767857142857143,LOW_CONFIDENCE,nist-sp-800-61r3-response|nist-sp-800-61r3-containment,0,0,0,0.0,0,2,0.0,0.0
11355,VULNERABILITYSCAN,BENIGN,0.6767857142857143,LOW_CONFIDENCE,nist-sp-800-61r3-response|nist-sp-800-61r3-containment,0,0,0,0.0,0,2,0.0,0.0
11358,VULNERABILITYSCAN,BENIGN,0.6282051282051282,LOW_CONFIDENCE,nist-sp-800-61r3-response|nist-sp-800-61r3-containment|mitre-t1046-overview|mitre-t1498-detection,0,1,3,0.3333333333333333,1,4,0.25,0.25
11359,VULNERABILITYSCAN,BENIGN,0.6111111111111112,LOW_CONFIDENCE,nist-sp-800-61r3-response|nist-sp-800-61r3-containment,0,0,0,0.0,0,2,0.0,0.0
11360,VULNERABILITYSCAN,BENIGN,0.6881188118811881,LOW_CONFIDENCE,nist-sp-800-61r3-response|nist-sp-800-61r3-containment,0,0,0,0.0,0,2,0.0,0.0
11364,VULNERABILITYSCAN,BENIGN,0.6111111111111112,LOW_CONFIDENCE,nist-sp-800-61r3-response|nist-sp-800-61r3-containment,0,0,0,0.0,0,2,0.0,0.0
11366,VULNERABILITYSCAN,BENIGN,0.6767857142857143,LOW_CONFIDENCE,nist-sp-800-61r3-response|nist-sp-800-61r3-containment,0,0,0,0.0,0,2,0.0,0.0
11377,VULNERABILITYSCAN,BENIGN,0.6548672566371682,LOW_CONFIDENCE,nist-sp-800-61r3-response|nist-sp-800-61r3-containment,0,0,0,0.0,0,2,0.0,0.0
11378,VULNERABILITYSCAN,BENIGN,0.6767857142857143,LOW_CONFIDENCE,nist-sp-800-61r3-response|nist-sp-800-61r3-containment,0,0,0,0.0,0,2,0.0,0.0
11384,VULNERABILITYSCAN,BENIGN,0.6282051282051282,LOW_CONFIDENCE,nist-sp-800-61r3-response|nist-sp-800-61r3-containment|mitre-t1046-overview|mitre-t1498-detection,0,1,3,0.3333333333333333,1,4,0.25,0.25
11392,VULNERABILITYSCAN,BENIGN,0.5821917808219178,LOW_CONFIDENCE,nist-sp-800-61r3-response|nist-sp-800-61r3-containment|mitre-t1046-overview|mitre-t1498-detection,0,1,3,0.3333333333333333,1,4,0.25,0.25
11394,VULNERABILITYSCAN,BENIGN,0.5821917808219178,LOW_CONFIDENCE,nist-sp-800-61r3-response|nist-sp-800-61r3-containment,0,0,0,0.0,0,2,0.0,0.0
11395,VULNERABILITYSCAN,BENIGN,0.6282051282051282,LOW_CONFIDENCE,nist-sp-800-61r3-response|nist-sp-800-61r3-containment,0,0,0,0.0,0,2,0.0,0.0
11397,VULNERABILITYSCAN,BENIGN,0.6881188118811881,LOW_CONFIDENCE,nist-sp-800-61r3-response|nist-sp-800-61r3-containment,0,0,0,0.0,0,2,0.0,0.0
11398,VULNERABILITYSCAN,BENIGN,0.5433962264150943,LOW_CONFIDENCE,nist-sp-800-61r3-response|nist-sp-800-61r3-containment,0,0,0,0.0,0,2,0.0,0.0
11399,VULNERABILITYSCAN,BENIGN,0.5821917808219178,LOW_CONFIDENCE,nist-sp-800-61r3-response|nist-sp-800-61r3-containment|mitre-t1046-overview|mitre-t1498-detection,0,1,3,0.3333333333333333,1,4,0.25,0.25
11400,VULNERABILITYSCAN,BENIGN,0.6282051282051282,LOW_CONFIDENCE,nist-sp-800-61r3-response|nist-sp-800-61r3-containment,0,0,0,0.0,0,2,0.0,0.0
11401,VULNERABILITYSCAN,BENIGN,0.6111111111111112,LOW_CONFIDENCE,nist-sp-800-61r3-response|nist-sp-800-61r3-containment,0,0,0,0.0,0,2,0.0,0.0
11407,VULNERABILITYSCAN,BENIGN,0.625,LOW_CONFIDENCE,nist-sp-800-61r3-response|nist-sp-800-61r3-containment,0,0,0,0.0,0,2,0.0,0.0
11411,VULNERABILITYSCAN,BENIGN,0.6767857142857143,LOW_CONFIDENCE,nist-sp-800-61r3-response|nist-sp-800-61r3-containment,0,0,0,0.0,0,2,0.0,0.0
11412,VULNERABILITYSCAN,BENIGN,0.6767857142857143,LOW_CONFIDENCE,nist-sp-800-61r3-response|nist-sp-800-61r3-containment,0,0,0,0.0,0,2,0.0,0.0
11420,VULNERABILITYSCAN,BENIGN,0.5433962264150943,LOW_CONFIDENCE,nist-sp-800-61r3-response|nist-sp-800-61r3-containment,0,0,0,0.0,0,2,0.0,0.0
11421,VULNERABILITYSCAN,BENIGN,0.6111111111111112,LOW_CONFIDENCE,nist-sp-800-61r3-response|nist-sp-800-61r3-containment,0,0,0,0.0,0,2,0.0,0.0
11423,VULNERABILITYSCAN,BENIGN,0.6767857142857143,LOW_CONFIDENCE,nist-sp-800-61r3-response|nist-sp-800-61r3-containment,0,0,0,0.0,0,2,0.0,0.0
11425,VULNERABILITYSCAN,BENIGN,0.5260663507109006,LOW_CONFIDENCE,nist-sp-800-61r3-response|nist-sp-800-61r3-containment|mitre-t1046-overview|mitre-t1498-detection,0,1,3,0.3333333333333333,1,4,0.25,0.25
11427,VULNERABILITYSCAN,BENIGN,0.6767857142857143,LOW_CONFIDENCE,nist-sp-800-61r3-response|nist-sp-800-61r3-containment,0,0,0,0.0,0,2,0.0,0.0
11429,VULNERABILITYSCAN,BENIGN,0.6767857142857143,LOW_CONFIDENCE,nist-sp-800-61r3-response|nist-sp-800-61r3-containment|mitre-t1046-overview|mitre-t1498-detection,0,1,3,0.3333333333333333,1,4,0.25,0.25
11431,VULNERABILITYSCAN,BENIGN,0.6767857142857143,LOW_CONFIDENCE,nist-sp-800-61r3-response|nist-sp-800-61r3-containment,0,0,0,0.0,0,2,0.0,0.0
11438,VULNERABILITYSCAN,BENIGN,0.625,LOW_CONFIDENCE,nist-sp-800-61r3-response|nist-sp-800-61r3-containment,0,0,0,0.0,0,2,0.0,0.0
11440,VULNERABILITYSCAN,BENIGN,0.6881188118811881,LOW_CONFIDENCE,nist-sp-800-61r3-response|nist-sp-800-61r3-containment|mitre-t1046-overview|mitre-t1498-detection,0,1,3,0.3333333333333333,1,4,0.25,0.25
11441,VULNERABILITYSCAN,BENIGN,0.5865921787709497,LOW_CONFIDENCE,nist-sp-800-61r3-response|nist-sp-800-61r3-containment|mitre-t1046-overview|mitre-t1498-detection,0,1,3,0.3333333333333333,1,4,0.25,0.25
11444,VULNERABILITYSCAN,BENIGN,0.5433962264150943,LOW_CONFIDENCE,nist-sp-800-61r3-response|nist-sp-800-61r3-containment,0,0,0,0.0,0,2,0.0,0.0
11445,VULNERABILITYSCAN,BENIGN,0.5865921787709497,LOW_CONFIDENCE,nist-sp-800-61r3-response|nist-sp-800-61r3-containment,0,0,0,0.0,0,2,0.0,0.0
11448,VULNERABILITYSCAN,BENIGN,0.6767857142857143,LOW_CONFIDENCE,nist-sp-800-61r3-response|nist-sp-800-61r3-containment,0,0,0,0.0,0,2,0.0,0.0
11450,VULNERABILITYSCAN,BENIGN,0.5821917808219178,LOW_CONFIDENCE,nist-sp-800-61r3-response|nist-sp-800-61r3-containment,0,0,0,0.0,0,2,0.0,0.0
11452,VULNERABILITYSCAN,BENIGN,0.5865921787709497,LOW_CONFIDENCE,nist-sp-800-61r3-response|nist-sp-800-61r3-containment,0,0,0,0.0,0,2,0.0,0.0
11453,VULNERABILITYSCAN,BENIGN,0.6767857142857143,LOW_CONFIDENCE,nist-sp-800-61r3-response|nist-sp-800-61r3-containment,0,0,0,0.0,0,2,0.0,0.0
11456,VULNERABILITYSCAN,BENIGN,0.6111111111111112,LOW_CONFIDENCE,nist-sp-800-61r3-response|nist-sp-800-61r3-containment,0,0,0,0.0,0,2,0.0,0.0
11457,VULNERABILITYSCAN,BENIGN,0.625,LOW_CONFIDENCE,nist-sp-800-61r3-response|nist-sp-800-61r3-containment,0,0,0,0.0,0,2,0.0,0.0
11458,VULNERABILITYSCAN,BENIGN,0.5433962264150943,LOW_CONFIDENCE,nist-sp-800-61r3-response|nist-sp-800-61r3-containment,0,0,0,0.0,0,2,0.0,0.0
11466,VULNERABILITYSCAN,BENIGN,0.6767857142857143,LOW_CONFIDENCE,nist-sp-800-61r3-response|nist-sp-800-61r3-containment|mitre-t1046-overview|mitre-t1498-detection,0,1,3,0.3333333333333333,1,4,0.25,0.25
11470,VULNERABILITYSCAN,BENIGN,0.6548672566371682,LOW_CONFIDENCE,nist-sp-800-61r3-response|nist-sp-800-61r3-containment|mitre-t1046-overview|mitre-t1498-detection,0,1,3,0.3333333333333333,1,4,0.25,0.25
11473,VULNERABILITYSCAN,BENIGN,0.6754966887417219,LOW_CONFIDENCE,nist-sp-800-61r3-response|nist-sp-800-61r3-containment|mitre-t1046-overview|mitre-t1498-detection,0,1,3,0.3333333333333333,1,4,0.25,0.25
11476,VULNERABILITYSCAN,BENIGN,0.5865921787709497,LOW_CONFIDENCE,nist-sp-800-61r3-response|nist-sp-800-61r3-containment,0,0,0,0.0,0,2,0.0,0.0
11477,VULNERABILITYSCAN,BENIGN,0.6767857142857143,LOW_CONFIDENCE,nist-sp-800-61r3-response|nist-sp-800-61r3-containment,0,0,0,0.0,0,2,0.0,0.0
11480,VULNERABILITYSCAN,BENIGN,0.6881188118811881,LOW_CONFIDENCE,nist-sp-800-61r3-response|nist-sp-800-61r3-containment,0,0,0,0.0,0,2,0.0,0.0
11481,VULNERABILITYSCAN,BENIGN,0.625,LOW_CONFIDENCE,nist-sp-800-61r3-response|nist-sp-800-61r3-containment,0,0,0,0.0,0,2,0.0,0.0
11484,VULNERABILITYSCAN,BENIGN,0.6111111111111112,LOW_CONFIDENCE,nist-sp-800-61r3-response|nist-sp-800-61r3-containment,0,0,0,0.0,0,2,0.0,0.0
11485,VULNERABILITYSCAN,BENIGN,0.5433962264150943,LOW_CONFIDENCE,nist-sp-800-61r3-response|nist-sp-800-61r3-containment,0,0,0,0.0,0,2,0.0,0.0
11489,VULNERABILITYSCAN,BENIGN,0.625,LOW_CONFIDENCE,nist-sp-800-61r3-response|nist-sp-800-61r3-containment,0,0,0,0.0,0,2,0.0,0.0
11490,VULNERABILITYSCAN,BENIGN,0.6548672566371682,LOW_CONFIDENCE,nist-sp-800-61r3-response|nist-sp-800-61r3-containment,0,0,0,0.0,0,2,0.0,0.0
11498,VULNERABILITYSCAN,BENIGN,0.5433962264150943,LOW_CONFIDENCE,nist-sp-800-61r3-response|nist-sp-800-61r3-containment,0,0,0,0.0,0,2,0.0,0.0
11499,VULNERABILITYSCAN,BENIGN,0.6282051282051282,LOW_CONFIDENCE,nist-sp-800-61r3-response|nist-sp-800-61r3-containment,0,0,0,0.0,0,2,0.0,0.0
11503,VULNERABILITYSCAN,BENIGN,0.6111111111111112,LOW_CONFIDENCE,nist-sp-800-61r3-response|nist-sp-800-61r3-containment|mitre-t1046-overview|mitre-t1498-detection,0,1,3,0.3333333333333333,1,4,0.25,0.25
11507,VULNERABILITYSCAN,BENIGN,0.6548672566371682,LOW_CONFIDENCE,nist-sp-800-61r3-response|nist-sp-800-61r3-containment,0,0,0,0.0,0,2,0.0,0.0
11509,VULNERABILITYSCAN,BENIGN,0.6767857142857143,LOW_CONFIDENCE,nist-sp-800-61r3-response|nist-sp-800-61r3-containment,0,0,0,0.0,0,2,0.0,0.0
11510,VULNERABILITYSCAN,BENIGN,0.5433962264150943,LOW_CONFIDENCE,nist-sp-800-61r3-response|nist-sp-800-61r3-containment,0,0,0,0.0,0,2,0.0,0.0
11512,VULNERABILITYSCAN,BENIGN,0.6767857142857143,LOW_CONFIDENCE,nist-sp-800-61r3-response|nist-sp-800-61r3-containment,0,0,0,0.0,0,2,0.0,0.0
11516,VULNERABILITYSCAN,BENIGN,0.6548672566371682,LOW_CONFIDENCE,nist-sp-800-61r3-response|nist-sp-800-61r3-containment,0,0,0,0.0,0,2,0.0,0.0
11517,DNS_SPOOFING,BENIGN,0.6767857142857143,LOW_CONFIDENCE,nist-sp-800-61r3-response|nist-sp-800-61r3-containment|mitre-t1046-overview|mitre-t1498-detection,0,0,0,0.0,0,4,0.0,0.0
11519,VULNERABILITYSCAN,BENIGN,0.6767857142857143,LOW_CONFIDENCE,nist-sp-800-61r3-response|nist-sp-800-61r3-containment,0,0,0,0.0,0,2,0.0,0.0
11520,VULNERABILITYSCAN,BENIGN,0.6767857142857143,LOW_CONFIDENCE,nist-sp-800-61r3-response|nist-sp-800-61r3-containment,0,0,0,0.0,0,2,0.0,0.0
11525,VULNERABILITYSCAN,BENIGN,0.5433962264150943,LOW_CONFIDENCE,nist-sp-800-61r3-response|nist-sp-800-61r3-containment,0,0,0,0.0,0,2,0.0,0.0
11526,VULNERABILITYSCAN,BENIGN,0.6881188118811881,LOW_CONFIDENCE,nist-sp-800-61r3-response|nist-sp-800-61r3-containment|mitre-t1046-overview|mitre-t1498-detection,0,1,3,0.3333333333333333,1,4,0.25,0.25
11527,VULNERABILITYSCAN,BENIGN,0.6767857142857143,LOW_CONFIDENCE,nist-sp-800-61r3-response|nist-sp-800-61r3-containment,0,0,0,0.0,0,2,0.0,0.0
11529,VULNERABILITYSCAN,BENIGN,0.6666666666666667,LOW_CONFIDENCE,nist-sp-800-61r3-response|nist-sp-800-61r3-containment,0,0,0,0.0,0,2,0.0,0.0
11530,VULNERABILITYSCAN,BENIGN,0.6767857142857143,LOW_CONFIDENCE,nist-sp-800-61r3-response|nist-sp-800-61r3-containment,0,0,0,0.0,0,2,0.0,0.0
11532,VULNERABILITYSCAN,BENIGN,0.6767857142857143,LOW_CONFIDENCE,nist-sp-800-61r3-response|nist-sp-800-61r3-containment,0,0,0,0.0,0,2,0.0,0.0
11534,VULNERABILITYSCAN,BENIGN,0.6767857142857143,LOW_CONFIDENCE,nist-sp-800-61r3-response|nist-sp-800-61r3-containment,0,0,0,0.0,0,2,0.0,0.0
11535,VULNERABILITYSCAN,BENIGN,0.6767857142857143,LOW_CONFIDENCE,nist-sp-800-61r3-response|nist-sp-800-61r3-containment,0,0,0,0.0,0,2,0.0,0.0
11536,VULNERABILITYSCAN,BENIGN,0.5260663507109006,LOW_CONFIDENCE,nist-sp-800-61r3-response|nist-sp-800-61r3-containment,0,0,0,0.0,0,2,0.0,0.0
11538,VULNERABILITYSCAN,BENIGN,0.6767857142857143,LOW_CONFIDENCE,nist-sp-800-61r3-response|nist-sp-800-61r3-containment|mitre-t1046-overview|mitre-t1498-detection,0,1,3,0.3333333333333333,1,4,0.25,0.25
11540,VULNERABILITYSCAN,BENIGN,0.5865921787709497,LOW_CONFIDENCE,nist-sp-800-61r3-response|nist-sp-800-61r3-containment,0,0,0,0.0,0,2,0.0,0.0
11541,VULNERABILITYSCAN,BENIGN,0.6767857142857143,LOW_CONFIDENCE,nist-sp-800-61r3-response|nist-sp-800-61r3-containment,0,0,0,0.0,0,2,0.0,0.0
11544,VULNERABILITYSCAN,BENIGN,0.5821917808219178,LOW_CONFIDENCE,nist-sp-800-61r3-response|nist-sp-800-61r3-containment,0,0,0,0.0,0,2,0.0,0.0
11545,VULNERABILITYSCAN,BENIGN,0.6548672566371682,LOW_CONFIDENCE,nist-sp-800-61r3-response|nist-sp-800-61r3-containment,0,0,0,0.0,0,2,0.0,0.0
11549,VULNERABILITYSCAN,BENIGN,0.6767857142857143,LOW_CONFIDENCE,nist-sp-800-61r3-response|nist-sp-800-61r3-containment,0,0,0,0.0,0,2,0.0,0.0
11550,VULNERABILITYSCAN,BENIGN,0.6767857142857143,LOW_CONFIDENCE,nist-sp-800-61r3-response|nist-sp-800-61r3-containment,0,0,0,0.0,0,2,0.0,0.0
11555,VULNERABILITYSCAN,BENIGN,0.6548672566371682,LOW_CONFIDENCE,nist-sp-800-61r3-response|nist-sp-800-61r3-containment,0,0,0,0.0,0,2,0.0,0.0
11557,VULNERABILITYSCAN,BENIGN,0.5433962264150943,LOW_CONFIDENCE,nist-sp-800-61r3-response|nist-sp-800-61r3-containment,0,0,0,0.0,0,2,0.0,0.0
11559,VULNERABILITYSCAN,BENIGN,0.6282051282051282,LOW_CONFIDENCE,nist-sp-800-61r3-response|nist-sp-800-61r3-containment,0,0,0,0.0,0,2,0.0,0.0
11563,VULNERABILITYSCAN,BENIGN,0.5821917808219178,LOW_CONFIDENCE,nist-sp-800-61r3-response|nist-sp-800-61r3-containment,0,0,0,0.0,0,2,0.0,0.0
11566,DNS_SPOOFING,BENIGN,0.6666666666666667,LOW_CONFIDENCE,nist-sp-800-61r3-response|nist-sp-800-61r3-containment,0,0,0,0.0,0,2,0.0,0.0
11567,VULNERABILITYSCAN,BENIGN,0.5865921787709497,LOW_CONFIDENCE,nist-sp-800-61r3-response|nist-sp-800-61r3-containment,0,0,0,0.0,0,2,0.0,0.0
11570,VULNERABILITYSCAN,BENIGN,0.6111111111111112,LOW_CONFIDENCE,nist-sp-800-61r3-response|nist-sp-800-61r3-containment,0,0,0,0.0,0,2,0.0,0.0
11571,VULNERABILITYSCAN,BENIGN,0.625,LOW_CONFIDENCE,nist-sp-800-61r3-response|nist-sp-800-61r3-containment,0,0,0,0.0,0,2,0.0,0.0
11572,VULNERABILITYSCAN,BENIGN,0.6767857142857143,LOW_CONFIDENCE,nist-sp-800-61r3-response|nist-sp-800-61r3-containment,0,0,0,0.0,0,2,0.0,0.0
11576,VULNERABILITYSCAN,BENIGN,0.6881188118811881,LOW_CONFIDENCE,nist-sp-800-61r3-response|nist-sp-800-61r3-containment,0,0,0,0.0,0,2,0.0,0.0
11578,VULNERABILITYSCAN,BENIGN,0.5260663507109006,LOW_CONFIDENCE,nist-sp-800-61r3-response|nist-sp-800-61r3-containment,0,0,0,0.0,0,2,0.0,0.0
11580,VULNERABILITYSCAN,BENIGN,0.5433962264150943,LOW_CONFIDENCE,nist-sp-800-61r3-response|nist-sp-800-61r3-containment,0,0,0,0.0,0,2,0.0,0.0
11581,VULNERABILITYSCAN,BENIGN,0.6666666666666667,LOW_CONFIDENCE,nist-sp-800-61r3-response|nist-sp-800-61r3-containment,0,0,0,0.0,0,2,0.0,0.0
11583,VULNERABILITYSCAN,BENIGN,0.6767857142857143,LOW_CONFIDENCE,nist-sp-800-61r3-response|nist-sp-800-61r3-containment,0,0,0,0.0,0,2,0.0,0.0
11584,VULNERABILITYSCAN,BENIGN,0.6767857142857143,LOW_CONFIDENCE,nist-sp-800-61r3-response|nist-sp-800-61r3-containment,0,0,0,0.0,0,2,0.0,0.0
11586,VULNERABILITYSCAN,BENIGN,0.5908496603950787,LOW_CONFIDENCE,nist-sp-800-61r3-response|nist-sp-800-61r3-containment|mitre-t1046-overview|mitre-t1498-detection,0,1,3,0.3333333333333333,1,4,0.25,0.25
11587,VULNERABILITYSCAN,BENIGN,0.6111111111111112,LOW_CONFIDENCE,nist-sp-800-61r3-response|nist-sp-800-61r3-containment,0,0,0,0.0,0,2,0.0,0.0
11601,VULNERABILITYSCAN,BENIGN,0.6548672566371682,LOW_CONFIDENCE,nist-sp-800-61r3-response|nist-sp-800-61r3-containment,0,0,0,0.0,0,2,0.0,0.0
11602,VULNERABILITYSCAN,BENIGN,0.6881188118811881,LOW_CONFIDENCE,nist-sp-800-61r3-response|nist-sp-800-61r3-containment,0,0,0,0.0,0,2,0.0,0.0
11603,VULNERABILITYSCAN,BENIGN,0.6754966887417219,LOW_CONFIDENCE,nist-sp-800-61r3-response|nist-sp-800-61r3-containment|mitre-t1046-overview|mitre-t1498-detection,0,1,3,0.3333333333333333,1,4,0.25,0.25
11607,VULNERABILITYSCAN,BENIGN,0.5260663507109006,LOW_CONFIDENCE,nist-sp-800-61r3-response|nist-sp-800-61r3-containment|mitre-t1046-overview|mitre-t1498-detection,0,1,3,0.3333333333333333,1,4,0.25,0.25
11609,VULNERABILITYSCAN,BENIGN,0.6881188118811881,LOW_CONFIDENCE,nist-sp-800-61r3-response|nist-sp-800-61r3-containment,0,0,0,0.0,0,2,0.0,0.0
11610,VULNERABILITYSCAN,BENIGN,0.625,LOW_CONFIDENCE,nist-sp-800-61r3-response|nist-sp-800-61r3-containment,0,0,0,0.0,0,2,0.0,0.0
11619,VULNERABILITYSCAN,BENIGN,0.5433962264150943,LOW_CONFIDENCE,nist-sp-800-61r3-response|nist-sp-800-61r3-containment,0,0,0,0.0,0,2,0.0,0.0
11620,VULNERABILITYSCAN,BENIGN,0.6767857142857143,LOW_CONFIDENCE,nist-sp-800-61r3-response|nist-sp-800-61r3-containment,0,0,0,0.0,0,2,0.0,0.0
11621,VULNERABILITYSCAN,BENIGN,0.5433962264150943,LOW_CONFIDENCE,nist-sp-800-61r3-response|nist-sp-800-61r3-containment,0,0,0,0.0,0,2,0.0,0.0
11623,VULNERABILITYSCAN,BENIGN,0.6111111111111112,LOW_CONFIDENCE,nist-sp-800-61r3-response|nist-sp-800-61r3-containment,0,0,0,0.0,0,2,0.0,0.0
11624,VULNERABILITYSCAN,BENIGN,0.6767857142857143,LOW_CONFIDENCE,nist-sp-800-61r3-response|nist-sp-800-61r3-containment,0,0,0,0.0,0,2,0.0,0.0
11626,VULNERABILITYSCAN,BENIGN,0.6767857142857143,LOW_CONFIDENCE,nist-sp-800-61r3-response|nist-sp-800-61r3-containment,0,0,0,0.0,0,2,0.0,0.0
11628,VULNERABILITYSCAN,BENIGN,0.5821917808219178,LOW_CONFIDENCE,nist-sp-800-61r3-response|nist-sp-800-61r3-containment|mitre-t1046-overview|mitre-t1498-detection,0,1,3,0.3333333333333333,1,4,0.25,0.25
11629,VULNERABILITYSCAN,BENIGN,0.6548672566371682,LOW_CONFIDENCE,nist-sp-800-61r3-response|nist-sp-800-61r3-containment,0,0,0,0.0,0,2,0.0,0.0
11630,VULNERABILITYSCAN,BENIGN,0.6767857142857143,LOW_CONFIDENCE,nist-sp-800-61r3-response|nist-sp-800-61r3-containment,0,0,0,0.0,0,2,0.0,0.0
11634,VULNERABILITYSCAN,BENIGN,0.6767857142857143,LOW_CONFIDENCE,nist-sp-800-61r3-response|nist-sp-800-61r3-containment|mitre-t1046-overview|mitre-t1498-detection,0,1,3,0.3333333333333333,1,4,0.25,0.25
11637,VULNERABILITYSCAN,BENIGN,0.6548672566371682,LOW_CONFIDENCE,nist-sp-800-61r3-response|nist-sp-800-61r3-containment,0,0,0,0.0,0,2,0.0,0.0
11638,VULNERABILITYSCAN,BENIGN,0.6754966887417219,LOW_CONFIDENCE,nist-sp-800-61r3-response|nist-sp-800-61r3-containment|mitre-t1046-overview|mitre-t1498-detection,0,1,3,0.3333333333333333,1,4,0.25,0.25
11639,VULNERABILITYSCAN,BENIGN,0.6767857142857143,LOW_CONFIDENCE,nist-sp-800-61r3-response|nist-sp-800-61r3-containment,0,0,0,0.0,0,2,0.0,0.0
11640,VULNERABILITYSCAN,BENIGN,0.6767857142857143,LOW_CONFIDENCE,nist-sp-800-61r3-response|nist-sp-800-61r3-containment,0,0,0,0.0,0,2,0.0,0.0
11642,VULNERABILITYSCAN,BENIGN,0.6666666666666667,LOW_CONFIDENCE,nist-sp-800-61r3-response|nist-sp-800-61r3-containment,0,0,0,0.0,0,2,0.0,0.0
11650,VULNERABILITYSCAN,BENIGN,0.6881188118811881,LOW_CONFIDENCE,nist-sp-800-61r3-response|nist-sp-800-61r3-containment|mitre-t1046-overview|mitre-t1498-detection,0,1,3,0.3333333333333333,1,4,0.25,0.25
11653,VULNERABILITYSCAN,BENIGN,0.6111111111111112,LOW_CONFIDENCE,nist-sp-800-61r3-response|nist-sp-800-61r3-containment|mitre-t1046-overview|mitre-t1498-detection,0,1,3,0.3333333333333333,1,4,0.25,0.25
11659,VULNERABILITYSCAN,BENIGN,0.6881188118811881,LOW_CONFIDENCE,nist-sp-800-61r3-response|nist-sp-800-61r3-containment|mitre-t1046-overview|mitre-t1498-detection,0,1,3,0.3333333333333333,1,4,0.25,0.25
11661,VULNERABILITYSCAN,BENIGN,0.6998868468398998,LOW_CONFIDENCE,nist-sp-800-61r3-response|nist-sp-800-61r3-containment,0,0,0,0.0,0,2,0.0,0.0
11663,VULNERABILITYSCAN,BENIGN,0.6767857142857143,LOW_CONFIDENCE,nist-sp-800-61r3-response|nist-sp-800-61r3-containment,0,0,0,0.0,0,2,0.0,0.0
11672,VULNERABILITYSCAN,BENIGN,0.6754966887417219,LOW_CONFIDENCE,nist-sp-800-61r3-response|nist-sp-800-61r3-containment|mitre-t1046-overview|mitre-t1498-detection,0,1,3,0.3333333333333333,1,4,0.25,0.25
11674,VULNERABILITYSCAN,BENIGN,0.5433962264150943,LOW_CONFIDENCE,nist-sp-800-61r3-response|nist-sp-800-61r3-containment,0,0,0,0.0,0,2,0.0,0.0
11681,DNS_SPOOFING,BENIGN,0.6767857142857143,LOW_CONFIDENCE,nist-sp-800-61r3-response|nist-sp-800-61r3-containment,0,0,0,0.0,0,2,0.0,0.0
11683,VULNERABILITYSCAN,BENIGN,0.6881188118811881,LOW_CONFIDENCE,nist-sp-800-61r3-response|nist-sp-800-61r3-containment,0,0,0,0.0,0,2,0.0,0.0
11684,VULNERABILITYSCAN,BENIGN,0.6548672566371682,LOW_CONFIDENCE,nist-sp-800-61r3-response|nist-sp-800-61r3-containment,0,0,0,0.0,0,2,0.0,0.0
11685,VULNERABILITYSCAN,BENIGN,0.6767857142857143,LOW_CONFIDENCE,nist-sp-800-61r3-response|nist-sp-800-61r3-containment,0,0,0,0.0,0,2,0.0,0.0
11689,VULNERABILITYSCAN,BENIGN,0.6767857142857143,LOW_CONFIDENCE,nist-sp-800-61r3-response|nist-sp-800-61r3-containment,0,0,0,0.0,0,2,0.0,0.0
11691,VULNERABILITYSCAN,BENIGN,0.6282051282051282,LOW_CONFIDENCE,nist-sp-800-61r3-response|nist-sp-800-61r3-containment,0,0,0,0.0,0,2,0.0,0.0
11693,VULNERABILITYSCAN,BENIGN,0.5433962264150943,LOW_CONFIDENCE,nist-sp-800-61r3-response|nist-sp-800-61r3-containment,0,0,0,0.0,0,2,0.0,0.0
11697,VULNERABILITYSCAN,BENIGN,0.5260663507109006,LOW_CONFIDENCE,nist-sp-800-61r3-response|nist-sp-800-61r3-containment|mitre-t1046-overview|mitre-t1498-detection,0,1,3,0.3333333333333333,1,4,0.25,0.25
11698,VULNERABILITYSCAN,BENIGN,0.6548672566371682,LOW_CONFIDENCE,nist-sp-800-61r3-response|nist-sp-800-61r3-containment|mitre-t1046-overview|mitre-t1498-detection,0,1,3,0.3333333333333333,1,4,0.25,0.25
11699,VULNERABILITYSCAN,BENIGN,0.6521739130434783,LOW_CONFIDENCE,nist-sp-800-61r3-response|nist-sp-800-61r3-containment|mitre-t1046-overview|mitre-t1498-detection,0,1,3,0.3333333333333333,1,4,0.25,0.25
11704,VULNERABILITYSCAN,BENIGN,0.625,LOW_CONFIDENCE,nist-sp-800-61r3-response|nist-sp-800-61r3-containment,0,0,0,0.0,0,2,0.0,0.0
11705,VULNERABILITYSCAN,BENIGN,0.6767857142857143,LOW_CONFIDENCE,nist-sp-800-61r3-response|nist-sp-800-61r3-containment,0,0,0,0.0,0,2,0.0,0.0
11706,VULNERABILITYSCAN,BENIGN,0.6881188118811881,LOW_CONFIDENCE,nist-sp-800-61r3-response|nist-sp-800-61r3-containment|mitre-t1046-overview|mitre-t1498-detection,0,1,3,0.3333333333333333,1,4,0.25,0.25
11708,VULNERABILITYSCAN,BENIGN,0.5433962264150943,LOW_CONFIDENCE,nist-sp-800-61r3-response|nist-sp-800-61r3-containment,0,0,0,0.0,0,2,0.0,0.0
11709,VULNERABILITYSCAN,BENIGN,0.6767857142857143,LOW_CONFIDENCE,nist-sp-800-61r3-response|nist-sp-800-61r3-containment,0,0,0,0.0,0,2,0.0,0.0
11710,VULNERABILITYSCAN,BENIGN,0.6767857142857143,LOW_CONFIDENCE,nist-sp-800-61r3-response|nist-sp-800-61r3-containment,0,0,0,0.0,0,2,0.0,0.0
11711,VULNERABILITYSCAN,BENIGN,0.6111111111111112,LOW_CONFIDENCE,nist-sp-800-61r3-response|nist-sp-800-61r3-containment,0,0,0,0.0,0,2,0.0,0.0
11712,VULNERABILITYSCAN,BENIGN,0.6767857142857143,LOW_CONFIDENCE,nist-sp-800-61r3-response|nist-sp-800-61r3-containment,0,0,0,0.0,0,2,0.0,0.0
11718,VULNERABILITYSCAN,BENIGN,0.6111111111111112,LOW_CONFIDENCE,nist-sp-800-61r3-response|nist-sp-800-61r3-containment,0,0,0,0.0,0,2,0.0,0.0
11720,VULNERABILITYSCAN,BENIGN,0.5821917808219178,LOW_CONFIDENCE,nist-sp-800-61r3-response|nist-sp-800-61r3-containment,0,0,0,0.0,0,2,0.0,0.0
11722,VULNERABILITYSCAN,BENIGN,0.6666666666666667,LOW_CONFIDENCE,nist-sp-800-61r3-response|nist-sp-800-61r3-containment,0,0,0,0.0,0,2,0.0,0.0
11723,VULNERABILITYSCAN,BENIGN,0.6881188118811881,LOW_CONFIDENCE,nist-sp-800-61r3-response|nist-sp-800-61r3-containment,0,0,0,0.0,0,2,0.0,0.0
11724,DNS_SPOOFING,BENIGN,0.6881188118811881,LOW_CONFIDENCE,nist-sp-800-61r3-response|nist-sp-800-61r3-containment|mitre-t1046-overview|mitre-t1498-detection,0,0,0,0.0,0,4,0.0,0.0
11728,VULNERABILITYSCAN,BENIGN,0.5865921787709497,LOW_CONFIDENCE,nist-sp-800-61r3-response|nist-sp-800-61r3-containment|mitre-t1046-overview|mitre-t1498-detection,0,1,3,0.3333333333333333,1,4,0.25,0.25
11729,VULNERABILITYSCAN,BENIGN,0.6548672566371682,LOW_CONFIDENCE,nist-sp-800-61r3-response|nist-sp-800-61r3-containment,0,0,0,0.0,0,2,0.0,0.0
11730,VULNERABILITYSCAN,BENIGN,0.6767857142857143,LOW_CONFIDENCE,nist-sp-800-61r3-response|nist-sp-800-61r3-containment,0,0,0,0.0,0,2,0.0,0.0
11738,VULNERABILITYSCAN,BENIGN,0.5260663507109006,LOW_CONFIDENCE,nist-sp-800-61r3-response|nist-sp-800-61r3-containment,0,0,0,0.0,0,2,0.0,0.0
11740,VULNERABILITYSCAN,BENIGN,0.5433962264150943,LOW_CONFIDENCE,nist-sp-800-61r3-response|nist-sp-800-61r3-containment,0,0,0,0.0,0,2,0.0,0.0
11741,VULNERABILITYSCAN,BENIGN,0.5865921787709497,LOW_CONFIDENCE,nist-sp-800-61r3-response|nist-sp-800-61r3-containment,0,0,0,0.0,0,2,0.0,0.0
11742,VULNERABILITYSCAN,BENIGN,0.6767857142857143,LOW_CONFIDENCE,nist-sp-800-61r3-response|nist-sp-800-61r3-containment,0,0,0,0.0,0,2,0.0,0.0
11746,VULNERABILITYSCAN,BENIGN,0.6111111111111112,LOW_CONFIDENCE,nist-sp-800-61r3-response|nist-sp-800-61r3-containment,0,0,0,0.0,0,2,0.0,0.0
11747,VULNERABILITYSCAN,BENIGN,0.6767857142857143,LOW_CONFIDENCE,nist-sp-800-61r3-response|nist-sp-800-61r3-containment,0,0,0,0.0,0,2,0.0,0.0
11754,VULNERABILITYSCAN,BENIGN,0.6767857142857143,LOW_CONFIDENCE,nist-sp-800-61r3-response|nist-sp-800-61r3-containment,0,0,0,0.0,0,2,0.0,0.0
11755,VULNERABILITYSCAN,BENIGN,0.6881188118811881,LOW_CONFIDENCE,nist-sp-800-61r3-response|nist-sp-800-61r3-containment,0,0,0,0.0,0,2,0.0,0.0
11756,VULNERABILITYSCAN,BENIGN,0.5433962264150943,LOW_CONFIDENCE,nist-sp-800-61r3-response|nist-sp-800-61r3-containment|mitre-t1046-overview|mitre-t1498-detection,0,1,3,0.3333333333333333,1,4,0.25,0.25
11759,VULNERABILITYSCAN,BENIGN,0.6767857142857143,LOW_CONFIDENCE,nist-sp-800-61r3-response|nist-sp-800-61r3-containment,0,0,0,0.0,0,2,0.0,0.0
11762,VULNERABILITYSCAN,BENIGN,0.6754966887417219,LOW_CONFIDENCE,nist-sp-800-61r3-response|nist-sp-800-61r3-containment,0,0,0,0.0,0,2,0.0,0.0
11763,VULNERABILITYSCAN,BENIGN,0.6548672566371682,LOW_CONFIDENCE,nist-sp-800-61r3-response|nist-sp-800-61r3-containment,0,0,0,0.0,0,2,0.0,0.0
11769,VULNERABILITYSCAN,BENIGN,0.5865921787709497,LOW_CONFIDENCE,nist-sp-800-61r3-response|nist-sp-800-61r3-containment,0,0,0,0.0,0,2,0.0,0.0
11771,VULNERABILITYSCAN,BENIGN,0.6666666666666666,LOW_CONFIDENCE,nist-sp-800-61r3-response|nist-sp-800-61r3-containment,0,0,0,0.0,0,2,0.0,0.0
11773,VULNERABILITYSCAN,BENIGN,0.5433962264150943,LOW_CONFIDENCE,nist-sp-800-61r3-response|nist-sp-800-61r3-containment,0,0,0,0.0,0,2,0.0,0.0
11774,VULNERABILITYSCAN,BENIGN,0.6881188118811881,LOW_CONFIDENCE,nist-sp-800-61r3-response|nist-sp-800-61r3-containment|mitre-t1046-overview|mitre-t1498-detection,0,1,3,0.3333333333333333,1,4,0.25,0.25
11775,VULNERABILITYSCAN,BENIGN,0.6548672566371682,LOW_CONFIDENCE,nist-sp-800-61r3-response|nist-sp-800-61r3-containment,0,0,0,0.0,0,2,0.0,0.0
11780,VULNERABILITYSCAN,BENIGN,0.5865921787709497,LOW_CONFIDENCE,nist-sp-800-61r3-response|nist-sp-800-61r3-containment,0,0,0,0.0,0,2,0.0,0.0
11782,VULNERABILITYSCAN,BENIGN,0.6767857142857143,LOW_CONFIDENCE,nist-sp-800-61r3-response|nist-sp-800-61r3-containment,0,0,0,0.0,0,2,0.0,0.0
11784,VULNERABILITYSCAN,BENIGN,0.6754966887417219,LOW_CONFIDENCE,nist-sp-800-61r3-response|nist-sp-800-61r3-containment,0,0,0,0.0,0,2,0.0,0.0
11789,VULNERABILITYSCAN,BENIGN,0.5260663507109006,LOW_CONFIDENCE,nist-sp-800-61r3-response|nist-sp-800-61r3-containment,0,0,0,0.0,0,2,0.0,0.0
11792,VULNERABILITYSCAN,BENIGN,0.6767857142857143,LOW_CONFIDENCE,nist-sp-800-61r3-response|nist-sp-800-61r3-containment,0,0,0,0.0,0,2,0.0,0.0
11794,VULNERABILITYSCAN,BENIGN,0.5433962264150943,LOW_CONFIDENCE,nist-sp-800-61r3-response|nist-sp-800-61r3-containment|mitre-t1046-overview|mitre-t1498-detection,0,1,3,0.3333333333333333,1,4,0.25,0.25
11798,VULNERABILITYSCAN,BENIGN,0.5433962264150943,LOW_CONFIDENCE,nist-sp-800-61r3-response|nist-sp-800-61r3-containment,0,0,0,0.0,0,2,0.0,0.0
11800,VULNERABILITYSCAN,BENIGN,0.5821917808219178,LOW_CONFIDENCE,nist-sp-800-61r3-response|nist-sp-800-61r3-containment|mitre-t1046-overview|mitre-t1498-detection,0,1,3,0.3333333333333333,1,4,0.25,0.25
11802,VULNERABILITYSCAN,BENIGN,0.6111111111111112,LOW_CONFIDENCE,nist-sp-800-61r3-response|nist-sp-800-61r3-containment,0,0,0,0.0,0,2,0.0,0.0
11809,VULNERABILITYSCAN,BENIGN,0.6548672566371682,LOW_CONFIDENCE,nist-sp-800-61r3-response|nist-sp-800-61r3-containment,0,0,0,0.0,0,2,0.0,0.0
11815,VULNERABILITYSCAN,BENIGN,0.6767857142857143,LOW_CONFIDENCE,nist-sp-800-61r3-response|nist-sp-800-61r3-containment,0,0,0,0.0,0,2,0.0,0.0
11822,VULNERABILITYSCAN,BENIGN,0.5433962264150943,LOW_CONFIDENCE,nist-sp-800-61r3-response|nist-sp-800-61r3-containment,0,0,0,0.0,0,2,0.0,0.0
11827,VULNERABILITYSCAN,BENIGN,0.5821917808219178,LOW_CONFIDENCE,nist-sp-800-61r3-response|nist-sp-800-61r3-containment,0,0,0,0.0,0,2,0.0,0.0
11828,VULNERABILITYSCAN,BENIGN,0.6548672566371682,LOW_CONFIDENCE,nist-sp-800-61r3-response|nist-sp-800-61r3-containment,0,0,0,0.0,0,2,0.0,0.0
11831,VULNERABILITYSCAN,BENIGN,0.5260663507109006,LOW_CONFIDENCE,nist-sp-800-61r3-response|nist-sp-800-61r3-containment|mitre-t1046-overview|mitre-t1498-detection,0,1,3,0.3333333333333333,1,4,0.25,0.25
11834,VULNERABILITYSCAN,BENIGN,0.6111111111111112,LOW_CONFIDENCE,nist-sp-800-61r3-response|nist-sp-800-61r3-containment,0,0,0,0.0,0,2,0.0,0.0
11839,VULNERABILITYSCAN,BENIGN,0.6767857142857143,LOW_CONFIDENCE,nist-sp-800-61r3-response|nist-sp-800-61r3-containment|mitre-t1046-overview|mitre-t1498-detection,0,1,3,0.3333333333333333,1,4,0.25,0.25
11843,VULNERABILITYSCAN,BENIGN,0.5865921787709497,LOW_CONFIDENCE,nist-sp-800-61r3-response|nist-sp-800-61r3-containment|mitre-t1046-overview|mitre-t1498-detection,0,1,3,0.3333333333333333,1,4,0.25,0.25
11847,VULNERABILITYSCAN,BENIGN,0.625,LOW_CONFIDENCE,nist-sp-800-61r3-response|nist-sp-800-61r3-containment,0,0,0,0.0,0,2,0.0,0.0
11849,VULNERABILITYSCAN,BENIGN,0.6767857142857143,LOW_CONFIDENCE,nist-sp-800-61r3-response|nist-sp-800-61r3-containment,0,0,0,0.0,0,2,0.0,0.0
11851,VULNERABILITYSCAN,BENIGN,0.6881188118811881,LOW_CONFIDENCE,nist-sp-800-61r3-response|nist-sp-800-61r3-containment|mitre-t1046-overview|mitre-t1498-detection,0,1,3,0.3333333333333333,1,4,0.25,0.25
11852,VULNERABILITYSCAN,BENIGN,0.6282051282051282,LOW_CONFIDENCE,nist-sp-800-61r3-response|nist-sp-800-61r3-containment|mitre-t1046-overview|mitre-t1498-detection,0,1,3,0.3333333333333333,1,4,0.25,0.25
11855,DNS_SPOOFING,BENIGN,0.5821917808219178,LOW_CONFIDENCE,nist-sp-800-61r3-response|nist-sp-800-61r3-containment,0,0,0,0.0,0,2,0.0,0.0
11856,VULNERABILITYSCAN,BENIGN,0.5821917808219178,LOW_CONFIDENCE,nist-sp-800-61r3-response|nist-sp-800-61r3-containment,0,0,0,0.0,0,2,0.0,0.0
11858,VULNERABILITYSCAN,BENIGN,0.5260663507109006,LOW_CONFIDENCE,nist-sp-800-61r3-response|nist-sp-800-61r3-containment,0,0,0,0.0,0,2,0.0,0.0
11859,VULNERABILITYSCAN,BENIGN,0.5433962264150943,LOW_CONFIDENCE,nist-sp-800-61r3-response|nist-sp-800-61r3-containment,0,0,0,0.0,0,2,0.0,0.0
11866,VULNERABILITYSCAN,BENIGN,0.6548672566371682,LOW_CONFIDENCE,nist-sp-800-61r3-response|nist-sp-800-61r3-containment,0,0,0,0.0,0,2,0.0,0.0
11868,DNS_SPOOFING,BENIGN,0.625,LOW_CONFIDENCE,nist-sp-800-61r3-response|nist-sp-800-61r3-containment,0,0,0,0.0,0,2,0.0,0.0
11874,VULNERABILITYSCAN,BENIGN,0.6111111111111112,LOW_CONFIDENCE,nist-sp-800-61r3-response|nist-sp-800-61r3-containment,0,0,0,0.0,0,2,0.0,0.0
11876,VULNERABILITYSCAN,BENIGN,0.6767857142857143,LOW_CONFIDENCE,nist-sp-800-61r3-response|nist-sp-800-61r3-containment,0,0,0,0.0,0,2,0.0,0.0
11877,VULNERABILITYSCAN,BENIGN,0.5821917808219178,LOW_CONFIDENCE,nist-sp-800-61r3-response|nist-sp-800-61r3-containment|mitre-t1046-overview|mitre-t1498-detection,0,1,3,0.3333333333333333,1,4,0.25,0.25
11880,VULNERABILITYSCAN,BENIGN,0.625,LOW_CONFIDENCE,nist-sp-800-61r3-response|nist-sp-800-61r3-containment|mitre-t1046-overview|mitre-t1498-detection,0,1,3,0.3333333333333333,1,4,0.25,0.25
11881,VULNERABILITYSCAN,BENIGN,0.6767857142857143,LOW_CONFIDENCE,nist-sp-800-61r3-response|nist-sp-800-61r3-containment,0,0,0,0.0,0,2,0.0,0.0
11882,VULNERABILITYSCAN,BENIGN,0.6548672566371682,LOW_CONFIDENCE,nist-sp-800-61r3-response|nist-sp-800-61r3-containment,0,0,0,0.0,0,2,0.0,0.0
11889,VULNERABILITYSCAN,BENIGN,0.6881188118811881,LOW_CONFIDENCE,nist-sp-800-61r3-response|nist-sp-800-61r3-containment,0,0,0,0.0,0,2,0.0,0.0
11893,VULNERABILITYSCAN,BENIGN,0.5260663507109006,LOW_CONFIDENCE,nist-sp-800-61r3-response|nist-sp-800-61r3-containment|mitre-t1046-overview|mitre-t1498-detection,0,1,3,0.3333333333333333,1,4,0.25,0.25
11897,VULNERABILITYSCAN,BENIGN,0.6881188118811881,LOW_CONFIDENCE,nist-sp-800-61r3-response|nist-sp-800-61r3-containment|mitre-t1046-overview|mitre-t1498-detection,0,1,3,0.3333333333333333,1,4,0.25,0.25
11898,VULNERABILITYSCAN,BENIGN,0.5260663507109006,LOW_CONFIDENCE,nist-sp-800-61r3-response|nist-sp-800-61r3-containment,0,0,0,0.0,0,2,0.0,0.0
11903,VULNERABILITYSCAN,BENIGN,0.6881188118811881,LOW_CONFIDENCE,nist-sp-800-61r3-response|nist-sp-800-61r3-containment,0,0,0,0.0,0,2,0.0,0.0
11904,VULNERABILITYSCAN,BENIGN,0.6111111111111112,LOW_CONFIDENCE,nist-sp-800-61r3-response|nist-sp-800-61r3-containment,0,0,0,0.0,0,2,0.0,0.0
11906,VULNERABILITYSCAN,BENIGN,0.6767857142857143,LOW_CONFIDENCE,nist-sp-800-61r3-response|nist-sp-800-61r3-containment,0,0,0,0.0,0,2,0.0,0.0
11907,VULNERABILITYSCAN,BENIGN,0.5821917808219178,LOW_CONFIDENCE,nist-sp-800-61r3-response|nist-sp-800-61r3-containment|mitre-t1046-overview|mitre-t1498-detection,0,1,3,0.3333333333333333,1,4,0.25,0.25
11912,VULNERABILITYSCAN,BENIGN,0.5433962264150943,LOW_CONFIDENCE,nist-sp-800-61r3-response|nist-sp-800-61r3-containment,0,0,0,0.0,0,2,0.0,0.0
11913,VULNERABILITYSCAN,BENIGN,0.6111111111111112,LOW_CONFIDENCE,nist-sp-800-61r3-response|nist-sp-800-61r3-containment,0,0,0,0.0,0,2,0.0,0.0
11915,VULNERABILITYSCAN,BENIGN,0.5865921787709497,LOW_CONFIDENCE,nist-sp-800-61r3-response|nist-sp-800-61r3-containment,0,0,0,0.0,0,2,0.0,0.0
11916,VULNERABILITYSCAN,BENIGN,0.5433962264150943,LOW_CONFIDENCE,nist-sp-800-61r3-response|nist-sp-800-61r3-containment,0,0,0,0.0,0,2,0.0,0.0
11917,VULNERABILITYSCAN,BENIGN,0.6754966887417219,LOW_CONFIDENCE,nist-sp-800-61r3-response|nist-sp-800-61r3-containment|mitre-t1046-overview|mitre-t1498-detection,0,1,3,0.3333333333333333,1,4,0.25,0.25
11918,VULNERABILITYSCAN,BENIGN,0.5821917808219178,LOW_CONFIDENCE,nist-sp-800-61r3-response|nist-sp-800-61r3-containment,0,0,0,0.0,0,2,0.0,0.0
11919,VULNERABILITYSCAN,BENIGN,0.6548672566371682,LOW_CONFIDENCE,nist-sp-800-61r3-response|nist-sp-800-61r3-containment,0,0,0,0.0,0,2,0.0,0.0
11924,VULNERABILITYSCAN,BENIGN,0.6111111111111112,LOW_CONFIDENCE,nist-sp-800-61r3-response|nist-sp-800-61r3-containment,0,0,0,0.0,0,2,0.0,0.0
11926,VULNERABILITYSCAN,BENIGN,0.6548672566371682,LOW_CONFIDENCE,nist-sp-800-61r3-response|nist-sp-800-61r3-containment,0,0,0,0.0,0,2,0.0,0.0
11928,VULNERABILITYSCAN,BENIGN,0.5865921787709497,LOW_CONFIDENCE,nist-sp-800-61r3-response|nist-sp-800-61r3-containment,0,0,0,0.0,0,2,0.0,0.0
11929,VULNERABILITYSCAN,BENIGN,0.5865921787709497,LOW_CONFIDENCE,nist-sp-800-61r3-response|nist-sp-800-61r3-containment,0,0,0,0.0,0,2,0.0,0.0
11941,VULNERABILITYSCAN,BENIGN,0.5260663507109006,LOW_CONFIDENCE,nist-sp-800-61r3-response|nist-sp-800-61r3-containment,0,0,0,0.0,0,2,0.0,0.0
11948,VULNERABILITYSCAN,BENIGN,0.5260663507109006,LOW_CONFIDENCE,nist-sp-800-61r3-response|nist-sp-800-61r3-containment|mitre-t1046-overview|mitre-t1498-detection,0,1,3,0.3333333333333333,1,4,0.25,0.25
11951,VULNERABILITYSCAN,BENIGN,0.6767857142857143,LOW_CONFIDENCE,nist-sp-800-61r3-response|nist-sp-800-61r3-containment,0,0,0,0.0,0,2,0.0,0.0
11954,VULNERABILITYSCAN,BENIGN,0.6881188118811881,LOW_CONFIDENCE,nist-sp-800-61r3-response|nist-sp-800-61r3-containment,0,0,0,0.0,0,2,0.0,0.0
11959,VULNERABILITYSCAN,BENIGN,0.5821917808219178,LOW_CONFIDENCE,nist-sp-800-61r3-response|nist-sp-800-61r3-containment,0,0,0,0.0,0,2,0.0,0.0
11960,VULNERABILITYSCAN,BENIGN,0.6767857142857143,LOW_CONFIDENCE,nist-sp-800-61r3-response|nist-sp-800-61r3-containment,0,0,0,0.0,0,2,0.0,0.0
11963,VULNERABILITYSCAN,BENIGN,0.6767857142857143,LOW_CONFIDENCE,nist-sp-800-61r3-response|nist-sp-800-61r3-containment|mitre-t1046-overview|mitre-t1498-detection,0,1,3,0.3333333333333333,1,4,0.25,0.25
11967,VULNERABILITYSCAN,BENIGN,0.6767857142857143,LOW_CONFIDENCE,nist-sp-800-61r3-response|nist-sp-800-61r3-containment,0,0,0,0.0,0,2,0.0,0.0
11969,VULNERABILITYSCAN,BENIGN,0.5260663507109006,LOW_CONFIDENCE,nist-sp-800-61r3-response|nist-sp-800-61r3-containment,0,0,0,0.0,0,2,0.0,0.0
11971,VULNERABILITYSCAN,BENIGN,0.6111111111111112,LOW_CONFIDENCE,nist-sp-800-61r3-response|nist-sp-800-61r3-containment,0,0,0,0.0,0,2,0.0,0.0
11973,VULNERABILITYSCAN,BENIGN,0.6111111111111112,LOW_CONFIDENCE,nist-sp-800-61r3-response|nist-sp-800-61r3-containment|mitre-t1046-overview|mitre-t1498-detection,0,1,3,0.3333333333333333,1,4,0.25,0.25
11975,VULNERABILITYSCAN,BENIGN,0.6767857142857143,LOW_CONFIDENCE,nist-sp-800-61r3-response|nist-sp-800-61r3-containment,0,0,0,0.0,0,2,0.0,0.0
11976,VULNERABILITYSCAN,BENIGN,0.6767857142857143,LOW_CONFIDENCE,nist-sp-800-61r3-response|nist-sp-800-61r3-containment,0,0,0,0.0,0,2,0.0,0.0
11977,VULNERABILITYSCAN,BENIGN,0.6548672566371682,LOW_CONFIDENCE,nist-sp-800-61r3-response|nist-sp-800-61r3-containment,0,0,0,0.0,0,2,0.0,0.0
11980,VULNERABILITYSCAN,BENIGN,0.5865921787709497,LOW_CONFIDENCE,nist-sp-800-61r3-response|nist-sp-800-61r3-containment,0,0,0,0.0,0,2,0.0,0.0
11981,VULNERABILITYSCAN,BENIGN,0.5821917808219178,LOW_CONFIDENCE,nist-sp-800-61r3-response|nist-sp-800-61r3-containment|mitre-t1046-overview|mitre-t1498-detection,0,1,3,0.3333333333333333,1,4,0.25,0.25
11987,VULNERABILITYSCAN,BENIGN,0.6111111111111112,LOW_CONFIDENCE,nist-sp-800-61r3-response|nist-sp-800-61r3-containment,0,0,0,0.0,0,2,0.0,0.0
11988,VULNERABILITYSCAN,BENIGN,0.6548672566371682,LOW_CONFIDENCE,nist-sp-800-61r3-response|nist-sp-800-61r3-containment,0,0,0,0.0,0,2,0.0,0.0
11989,VULNERABILITYSCAN,BENIGN,0.5260663507109006,LOW_CONFIDENCE,nist-sp-800-61r3-response|nist-sp-800-61r3-containment,0,0,0,0.0,0,2,0.0,0.0
11990,VULNERABILITYSCAN,BENIGN,0.6881188118811881,LOW_CONFIDENCE,nist-sp-800-61r3-response|nist-sp-800-61r3-containment,0,0,0,0.0,0,2,0.0,0.0
11993,VULNERABILITYSCAN,BENIGN,0.5821917808219178,LOW_CONFIDENCE,nist-sp-800-61r3-response|nist-sp-800-61r3-containment,0,0,0,0.0,0,2,0.0,0.0
11996,VULNERABILITYSCAN,BENIGN,0.6767857142857143,LOW_CONFIDENCE,nist-sp-800-61r3-response|nist-sp-800-61r3-containment,0,0,0,0.0,0,2,0.0,0.0
11997,VULNERABILITYSCAN,BENIGN,0.6767857142857143,LOW_CONFIDENCE,nist-sp-800-61r3-response|nist-sp-800-61r3-containment,0,0,0,0.0,0,2,0.0,0.0
12000,VULNERABILITYSCAN,BENIGN,0.5827117692804851,LOW_CONFIDENCE,nist-sp-800-61r3-response|nist-sp-800-61r3-containment,0,0,0,0.0,0,2,0.0,0.0
12005,VULNERABILITYSCAN,BENIGN,0.6111111111111112,LOW_CONFIDENCE,nist-sp-800-61r3-response|nist-sp-800-61r3-containment|mitre-t1046-overview|mitre-t1498-detection,0,1,3,0.3333333333333333,1,4,0.25,0.25
12007,VULNERABILITYSCAN,BENIGN,0.6111111111111112,LOW_CONFIDENCE,nist-sp-800-61r3-response|nist-sp-800-61r3-containment,0,0,0,0.0,0,2,0.0,0.0
12008,VULNERABILITYSCAN,BENIGN,0.6767857142857143,LOW_CONFIDENCE,nist-sp-800-61r3-response|nist-sp-800-61r3-containment,0,0,0,0.0,0,2,0.0,0.0
12009,VULNERABILITYSCAN,BENIGN,0.6111111111111112,LOW_CONFIDENCE,nist-sp-800-61r3-response|nist-sp-800-61r3-containment|mitre-t1046-overview|mitre-t1498-detection,0,1,3,0.3333333333333333,1,4,0.25,0.25
12010,VULNERABILITYSCAN,BENIGN,0.6548672566371682,LOW_CONFIDENCE,nist-sp-800-61r3-response|nist-sp-800-61r3-containment,0,0,0,0.0,0,2,0.0,0.0
12011,VULNERABILITYSCAN,BENIGN,0.6111111111111112,LOW_CONFIDENCE,nist-sp-800-61r3-response|nist-sp-800-61r3-containment,0,0,0,0.0,0,2,0.0,0.0
12012,VULNERABILITYSCAN,BENIGN,0.6767857142857143,LOW_CONFIDENCE,nist-sp-800-61r3-response|nist-sp-800-61r3-containment,0,0,0,0.0,0,2,0.0,0.0
12016,VULNERABILITYSCAN,BENIGN,0.625,LOW_CONFIDENCE,nist-sp-800-61r3-response|nist-sp-800-61r3-containment,0,0,0,0.0,0,2,0.0,0.0
12023,VULNERABILITYSCAN,BENIGN,0.6881188118811881,LOW_CONFIDENCE,nist-sp-800-61r3-response|nist-sp-800-61r3-containment|mitre-t1046-overview|mitre-t1498-detection,0,1,3,0.3333333333333333,1,4,0.25,0.25
12025,VULNERABILITYSCAN,BENIGN,0.6767857142857143,LOW_CONFIDENCE,nist-sp-800-61r3-response|nist-sp-800-61r3-containment,0,0,0,0.0,0,2,0.0,0.0
12028,VULNERABILITYSCAN,BENIGN,0.6767857142857143,LOW_CONFIDENCE,nist-sp-800-61r3-response|nist-sp-800-61r3-containment,0,0,0,0.0,0,2,0.0,0.0
12029,VULNERABILITYSCAN,BENIGN,0.6548672566371682,LOW_CONFIDENCE,nist-sp-800-61r3-response|nist-sp-800-61r3-containment,0,0,0,0.0,0,2,0.0,0.0
12031,VULNERABILITYSCAN,BENIGN,0.5865921787709497,LOW_CONFIDENCE,nist-sp-800-61r3-response|nist-sp-800-61r3-containment,0,0,0,0.0,0,2,0.0,0.0
12032,DNS_SPOOFING,BENIGN,0.5433962264150943,LOW_CONFIDENCE,nist-sp-800-61r3-response|nist-sp-800-61r3-containment|mitre-t1046-overview|mitre-t1498-detection,0,0,0,0.0,0,4,0.0,0.0
12034,VULNERABILITYSCAN,BENIGN,0.6767857142857143,LOW_CONFIDENCE,nist-sp-800-61r3-response|nist-sp-800-61r3-containment,0,0,0,0.0,0,2,0.0,0.0
12038,VULNERABILITYSCAN,BENIGN,0.5865921787709497,LOW_CONFIDENCE,nist-sp-800-61r3-response|nist-sp-800-61r3-containment,0,0,0,0.0,0,2,0.0,0.0
12039,VULNERABILITYSCAN,BENIGN,0.6282051282051282,LOW_CONFIDENCE,nist-sp-800-61r3-response|nist-sp-800-61r3-containment,0,0,0,0.0,0,2,0.0,0.0
12044,VULNERABILITYSCAN,BENIGN,0.6282051282051282,LOW_CONFIDENCE,nist-sp-800-61r3-response|nist-sp-800-61r3-containment|mitre-t1046-overview|mitre-t1498-detection,0,1,3,0.3333333333333333,1,4,0.25,0.25
12045,VULNERABILITYSCAN,BENIGN,0.6548672566371682,LOW_CONFIDENCE,nist-sp-800-61r3-response|nist-sp-800-61r3-containment,0,0,0,0.0,0,2,0.0,0.0
12050,VULNERABILITYSCAN,BENIGN,0.5865921787709497,LOW_CONFIDENCE,nist-sp-800-61r3-response|nist-sp-800-61r3-containment,0,0,0,0.0,0,2,0.0,0.0
12053,VULNERABILITYSCAN,BENIGN,0.6548672566371682,LOW_CONFIDENCE,nist-sp-800-61r3-response|nist-sp-800-61r3-containment,0,0,0,0.0,0,2,0.0,0.0
12054,VULNERABILITYSCAN,BENIGN,0.6111111111111112,LOW_CONFIDENCE,nist-sp-800-61r3-response|nist-sp-800-61r3-containment|mitre-t1046-overview|mitre-t1498-detection,0,1,3,0.3333333333333333,1,4,0.25,0.25
12055,VULNERABILITYSCAN,BENIGN,0.6881188118811881,LOW_CONFIDENCE,nist-sp-800-61r3-response|nist-sp-800-61r3-containment,0,0,0,0.0,0,2,0.0,0.0
12056,VULNERABILITYSCAN,BENIGN,0.6767857142857143,LOW_CONFIDENCE,nist-sp-800-61r3-response|nist-sp-800-61r3-containment,0,0,0,0.0,0,2,0.0,0.0
12057,VULNERABILITYSCAN,BENIGN,0.5865921787709497,LOW_CONFIDENCE,nist-sp-800-61r3-response|nist-sp-800-61r3-containment,0,0,0,0.0,0,2,0.0,0.0
12060,VULNERABILITYSCAN,BENIGN,0.6767857142857143,LOW_CONFIDENCE,nist-sp-800-61r3-response|nist-sp-800-61r3-containment,0,0,0,0.0,0,2,0.0,0.0
12064,VULNERABILITYSCAN,BENIGN,0.6111111111111112,LOW_CONFIDENCE,nist-sp-800-61r3-response|nist-sp-800-61r3-containment|mitre-t1046-overview|mitre-t1498-detection,0,1,3,0.3333333333333333,1,4,0.25,0.25
12067,VULNERABILITYSCAN,BENIGN,0.5260663507109006,LOW_CONFIDENCE,nist-sp-800-61r3-response|nist-sp-800-61r3-containment,0,0,0,0.0,0,2,0.0,0.0
12068,VULNERABILITYSCAN,BENIGN,0.6881188118811881,LOW_CONFIDENCE,nist-sp-800-61r3-response|nist-sp-800-61r3-containment|mitre-t1046-overview|mitre-t1498-detection,0,1,3,0.3333333333333333,1,4,0.25,0.25
12069,DNS_SPOOFING,BENIGN,0.6754966887417219,LOW_CONFIDENCE,nist-sp-800-61r3-response|nist-sp-800-61r3-containment|mitre-t1046-overview|mitre-t1498-detection,0,0,0,0.0,0,4,0.0,0.0
12070,VULNERABILITYSCAN,BENIGN,0.6111111111111112,LOW_CONFIDENCE,nist-sp-800-61r3-response|nist-sp-800-61r3-containment,0,0,0,0.0,0,2,0.0,0.0
12073,VULNERABILITYSCAN,BENIGN,0.6111111111111112,LOW_CONFIDENCE,nist-sp-800-61r3-response|nist-sp-800-61r3-containment,0,0,0,0.0,0,2,0.0,0.0
12074,VULNERABILITYSCAN,BENIGN,0.5260663507109006,LOW_CONFIDENCE,nist-sp-800-61r3-response|nist-sp-800-61r3-containment,0,0,0,0.0,0,2,0.0,0.0
12077,VULNERABILITYSCAN,BENIGN,0.6111111111111112,LOW_CONFIDENCE,nist-sp-800-61r3-response|nist-sp-800-61r3-containment,0,0,0,0.0,0,2,0.0,0.0
12079,VULNERABILITYSCAN,BENIGN,0.6767857142857143,LOW_CONFIDENCE,nist-sp-800-61r3-response|nist-sp-800-61r3-containment,0,0,0,0.0,0,2,0.0,0.0
12081,VULNERABILITYSCAN,BENIGN,0.5260663507109006,LOW_CONFIDENCE,nist-sp-800-61r3-response|nist-sp-800-61r3-containment,0,0,0,0.0,0,2,0.0,0.0
12083,VULNERABILITYSCAN,BENIGN,0.6767857142857143,LOW_CONFIDENCE,nist-sp-800-61r3-response|nist-sp-800-61r3-containment,0,0,0,0.0,0,2,0.0,0.0
12086,VULNERABILITYSCAN,BENIGN,0.6767857142857143,LOW_CONFIDENCE,nist-sp-800-61r3-response|nist-sp-800-61r3-containment,0,0,0,0.0,0,2,0.0,0.0
12090,VULNERABILITYSCAN,BENIGN,0.6548672566371682,LOW_CONFIDENCE,nist-sp-800-61r3-response|nist-sp-800-61r3-containment,0,0,0,0.0,0,2,0.0,0.0
12091,VULNERABILITYSCAN,BENIGN,0.5865921787709497,LOW_CONFIDENCE,nist-sp-800-61r3-response|nist-sp-800-61r3-containment,0,0,0,0.0,0,2,0.0,0.0
12092,VULNERABILITYSCAN,BENIGN,0.6548672566371682,LOW_CONFIDENCE,nist-sp-800-61r3-response|nist-sp-800-61r3-containment,0,0,0,0.0,0,2,0.0,0.0
12093,VULNERABILITYSCAN,BENIGN,0.6282051282051282,LOW_CONFIDENCE,nist-sp-800-61r3-response|nist-sp-800-61r3-containment|mitre-t1046-overview|mitre-t1498-detection,0,1,3,0.3333333333333333,1,4,0.25,0.25
12098,VULNERABILITYSCAN,BENIGN,0.6767857142857143,LOW_CONFIDENCE,nist-sp-800-61r3-response|nist-sp-800-61r3-containment,0,0,0,0.0,0,2,0.0,0.0
12099,VULNERABILITYSCAN,BENIGN,0.5821917808219178,LOW_CONFIDENCE,nist-sp-800-61r3-response|nist-sp-800-61r3-containment|mitre-t1046-overview|mitre-t1498-detection,0,1,3,0.3333333333333333,1,4,0.25,0.25
12103,VULNERABILITYSCAN,BENIGN,0.6666666666666666,LOW_CONFIDENCE,nist-sp-800-61r3-response|nist-sp-800-61r3-containment|mitre-t1046-overview|mitre-t1498-detection,0,1,3,0.3333333333333333,1,4,0.25,0.25
12105,VULNERABILITYSCAN,BENIGN,0.6111111111111112,LOW_CONFIDENCE,nist-sp-800-61r3-response|nist-sp-800-61r3-containment,0,0,0,0.0,0,2,0.0,0.0
12109,DNS_SPOOFING,BENIGN,0.5433962264150943,LOW_CONFIDENCE,nist-sp-800-61r3-response|nist-sp-800-61r3-containment|mitre-t1046-overview|mitre-t1498-detection,0,0,0,0.0,0,4,0.0,0.0
12111,VULNERABILITYSCAN,BENIGN,0.625,LOW_CONFIDENCE,nist-sp-800-61r3-response|nist-sp-800-61r3-containment,0,0,0,0.0,0,2,0.0,0.0
12113,VULNERABILITYSCAN,BENIGN,0.6111111111111112,LOW_CONFIDENCE,nist-sp-800-61r3-response|nist-sp-800-61r3-containment,0,0,0,0.0,0,2,0.0,0.0
12115,VULNERABILITYSCAN,BENIGN,0.6767857142857143,LOW_CONFIDENCE,nist-sp-800-61r3-response|nist-sp-800-61r3-containment,0,0,0,0.0,0,2,0.0,0.0
12117,VULNERABILITYSCAN,BENIGN,0.6881188118811881,LOW_CONFIDENCE,nist-sp-800-61r3-response|nist-sp-800-61r3-containment|mitre-t1046-overview|mitre-t1498-detection,0,1,3,0.3333333333333333,1,4,0.25,0.25
12120,VULNERABILITYSCAN,BENIGN,0.5865921787709497,LOW_CONFIDENCE,nist-sp-800-61r3-response|nist-sp-800-61r3-containment|mitre-t1046-overview|mitre-t1498-detection,0,1,3,0.3333333333333333,1,4,0.25,0.25
12121,VULNERABILITYSCAN,BENIGN,0.6282051282051282,LOW_CONFIDENCE,nist-sp-800-61r3-response|nist-sp-800-61r3-containment,0,0,0,0.0,0,2,0.0,0.0
12122,VULNERABILITYSCAN,BENIGN,0.6111111111111112,LOW_CONFIDENCE,nist-sp-800-61r3-response|nist-sp-800-61r3-containment,0,0,0,0.0,0,2,0.0,0.0
12124,VULNERABILITYSCAN,BENIGN,0.6767857142857143,LOW_CONFIDENCE,nist-sp-800-61r3-response|nist-sp-800-61r3-containment,0,0,0,0.0,0,2,0.0,0.0
12126,VULNERABILITYSCAN,BENIGN,0.5433962264150943,LOW_CONFIDENCE,nist-sp-800-61r3-response|nist-sp-800-61r3-containment,0,0,0,0.0,0,2,0.0,0.0
12127,VULNERABILITYSCAN,BENIGN,0.6548672566371682,LOW_CONFIDENCE,nist-sp-800-61r3-response|nist-sp-800-61r3-containment,0,0,0,0.0,0,2,0.0,0.0
12128,VULNERABILITYSCAN,BENIGN,0.5260663507109006,LOW_CONFIDENCE,nist-sp-800-61r3-response|nist-sp-800-61r3-containment,0,0,0,0.0,0,2,0.0,0.0
12130,VULNERABILITYSCAN,BENIGN,0.5821917808219178,LOW_CONFIDENCE,nist-sp-800-61r3-response|nist-sp-800-61r3-containment,0,0,0,0.0,0,2,0.0,0.0
12136,VULNERABILITYSCAN,BENIGN,0.6548672566371682,LOW_CONFIDENCE,nist-sp-800-61r3-response|nist-sp-800-61r3-containment,0,0,0,0.0,0,2,0.0,0.0
12140,VULNERABILITYSCAN,BENIGN,0.5433962264150943,LOW_CONFIDENCE,nist-sp-800-61r3-response|nist-sp-800-61r3-containment,0,0,0,0.0,0,2,0.0,0.0
12142,VULNERABILITYSCAN,BENIGN,0.6881188118811881,LOW_CONFIDENCE,nist-sp-800-61r3-response|nist-sp-800-61r3-containment|mitre-t1046-overview|mitre-t1498-detection,0,1,3,0.3333333333333333,1,4,0.25,0.25
12147,VULNERABILITYSCAN,BENIGN,0.6767857142857143,LOW_CONFIDENCE,nist-sp-800-61r3-response|nist-sp-800-61r3-containment,0,0,0,0.0,0,2,0.0,0.0
12148,VULNERABILITYSCAN,BENIGN,0.6767857142857143,LOW_CONFIDENCE,nist-sp-800-61r3-response|nist-sp-800-61r3-containment,0,0,0,0.0,0,2,0.0,0.0
12150,VULNERABILITYSCAN,BENIGN,0.6881188118811881,LOW_CONFIDENCE,nist-sp-800-61r3-response|nist-sp-800-61r3-containment|mitre-t1046-overview|mitre-t1498-detection,0,1,3,0.3333333333333333,1,4,0.25,0.25
12153,VULNERABILITYSCAN,BENIGN,0.5433962264150943,LOW_CONFIDENCE,nist-sp-800-61r3-response|nist-sp-800-61r3-containment,0,0,0,0.0,0,2,0.0,0.0
12156,VULNERABILITYSCAN,BENIGN,0.6754966887417219,LOW_CONFIDENCE,nist-sp-800-61r3-response|nist-sp-800-61r3-containment,0,0,0,0.0,0,2,0.0,0.0
12157,VULNERABILITYSCAN,BENIGN,0.6767857142857143,LOW_CONFIDENCE,nist-sp-800-61r3-response|nist-sp-800-61r3-containment,0,0,0,0.0,0,2,0.0,0.0
12159,VULNERABILITYSCAN,BENIGN,0.6111111111111112,LOW_CONFIDENCE,nist-sp-800-61r3-response|nist-sp-800-61r3-containment,0,0,0,0.0,0,2,0.0,0.0
12160,VULNERABILITYSCAN,BENIGN,0.6881188118811881,LOW_CONFIDENCE,nist-sp-800-61r3-response|nist-sp-800-61r3-containment,0,0,0,0.0,0,2,0.0,0.0
12162,VULNERABILITYSCAN,BENIGN,0.5865921787709497,LOW_CONFIDENCE,nist-sp-800-61r3-response|nist-sp-800-61r3-containment|mitre-t1046-overview|mitre-t1498-detection,0,1,3,0.3333333333333333,1,4,0.25,0.25
12163,VULNERABILITYSCAN,BENIGN,0.5260663507109006,LOW_CONFIDENCE,nist-sp-800-61r3-response|nist-sp-800-61r3-containment,0,0,0,0.0,0,2,0.0,0.0
12165,VULNERABILITYSCAN,BENIGN,0.6548672566371682,LOW_CONFIDENCE,nist-sp-800-61r3-response|mitre-t1557-001-indicators|nist-sp-800-61r3-containment,0,0,0,0.0,0,3,0.0,0.0
12166,VULNERABILITYSCAN,BENIGN,0.6767857142857143,LOW_CONFIDENCE,nist-sp-800-61r3-response|nist-sp-800-61r3-containment,0,0,0,0.0,0,2,0.0,0.0
12169,VULNERABILITYSCAN,BENIGN,0.6111111111111112,LOW_CONFIDENCE,nist-sp-800-61r3-response|nist-sp-800-61r3-containment,0,0,0,0.0,0,2,0.0,0.0
12171,VULNERABILITYSCAN,BENIGN,0.6767857142857143,LOW_CONFIDENCE,nist-sp-800-61r3-response|nist-sp-800-61r3-containment,0,0,0,0.0,0,2,0.0,0.0
12172,VULNERABILITYSCAN,BENIGN,0.6767857142857143,LOW_CONFIDENCE,nist-sp-800-61r3-response|nist-sp-800-61r3-containment|mitre-t1046-overview|mitre-t1498-detection,0,1,3,0.3333333333333333,1,4,0.25,0.25
12175,VULNERABILITYSCAN,BENIGN,0.625,LOW_CONFIDENCE,nist-sp-800-61r3-response|nist-sp-800-61r3-containment,0,0,0,0.0,0,2,0.0,0.0
12177,VULNERABILITYSCAN,BENIGN,0.6111111111111112,LOW_CONFIDENCE,nist-sp-800-61r3-response|nist-sp-800-61r3-containment,0,0,0,0.0,0,2,0.0,0.0
12182,VULNERABILITYSCAN,BENIGN,0.6666666666666666,LOW_CONFIDENCE,nist-sp-800-61r3-response|nist-sp-800-61r3-containment,0,0,0,0.0,0,2,0.0,0.0
12183,VULNERABILITYSCAN,BENIGN,0.6881188118811881,LOW_CONFIDENCE,nist-sp-800-61r3-response|nist-sp-800-61r3-containment|mitre-t1046-overview|mitre-t1498-detection,0,1,3,0.3333333333333333,1,4,0.25,0.25
12184,VULNERABILITYSCAN,BENIGN,0.5865921787709497,LOW_CONFIDENCE,nist-sp-800-61r3-response|nist-sp-800-61r3-containment,0,0,0,0.0,0,2,0.0,0.0
12189,VULNERABILITYSCAN,BENIGN,0.6754966887417219,LOW_CONFIDENCE,nist-sp-800-61r3-response|nist-sp-800-61r3-containment,0,0,0,0.0,0,2,0.0,0.0
12190,VULNERABILITYSCAN,BENIGN,0.6767857142857143,LOW_CONFIDENCE,nist-sp-800-61r3-response|nist-sp-800-61r3-containment,0,0,0,0.0,0,2,0.0,0.0
12191,VULNERABILITYSCAN,BENIGN,0.6767857142857143,LOW_CONFIDENCE,nist-sp-800-61r3-response|nist-sp-800-61r3-containment,0,0,0,0.0,0,2,0.0,0.0
12192,VULNERABILITYSCAN,BENIGN,0.6548672566371682,LOW_CONFIDENCE,nist-sp-800-61r3-response|nist-sp-800-61r3-containment,0,0,0,0.0,0,2,0.0,0.0
12195,VULNERABILITYSCAN,BENIGN,0.5433962264150943,LOW_CONFIDENCE,nist-sp-800-61r3-response|nist-sp-800-61r3-containment|mitre-t1046-overview|mitre-t1498-detection,0,1,3,0.3333333333333333,1,4,0.25,0.25
12196,VULNERABILITYSCAN,BENIGN,0.6754966887417219,LOW_CONFIDENCE,nist-sp-800-61r3-response|nist-sp-800-61r3-containment|mitre-t1046-overview|mitre-t1498-detection,0,1,3,0.3333333333333333,1,4,0.25,0.25
12201,DNS_SPOOFING,BENIGN,0.5865921787709497,LOW_CONFIDENCE,nist-sp-800-61r3-response|nist-sp-800-61r3-containment,0,0,0,0.0,0,2,0.0,0.0
12208,DNS_SPOOFING,BENIGN,0.5433962264150943,LOW_CONFIDENCE,nist-sp-800-61r3-response|nist-sp-800-61r3-containment,0,0,0,0.0,0,2,0.0,0.0
12216,VULNERABILITYSCAN,BENIGN,0.6767857142857143,LOW_CONFIDENCE,nist-sp-800-61r3-response|nist-sp-800-61r3-containment,0,0,0,0.0,0,2,0.0,0.0
12218,VULNERABILITYSCAN,BENIGN,0.6111111111111112,LOW_CONFIDENCE,nist-sp-800-61r3-response|nist-sp-800-61r3-containment,0,0,0,0.0,0,2,0.0,0.0
12221,VULNERABILITYSCAN,BENIGN,0.6881188118811881,LOW_CONFIDENCE,nist-sp-800-61r3-response|nist-sp-800-61r3-containment,0,0,0,0.0,0,2,0.0,0.0
12223,VULNERABILITYSCAN,BENIGN,0.6282051282051282,LOW_CONFIDENCE,nist-sp-800-61r3-response|nist-sp-800-61r3-containment|mitre-t1046-overview|mitre-t1498-detection,0,1,3,0.3333333333333333,1,4,0.25,0.25
12226,VULNERABILITYSCAN,BENIGN,0.5433962264150943,LOW_CONFIDENCE,nist-sp-800-61r3-response|nist-sp-800-61r3-containment,0,0,0,0.0,0,2,0.0,0.0
12228,VULNERABILITYSCAN,BENIGN,0.5433962264150943,LOW_CONFIDENCE,nist-sp-800-61r3-response|nist-sp-800-61r3-containment,0,0,0,0.0,0,2,0.0,0.0
12231,VULNERABILITYSCAN,BENIGN,0.625,LOW_CONFIDENCE,nist-sp-800-61r3-response|nist-sp-800-61r3-containment,0,0,0,0.0,0,2,0.0,0.0
12234,VULNERABILITYSCAN,BENIGN,0.5260663507109006,LOW_CONFIDENCE,nist-sp-800-61r3-response|nist-sp-800-61r3-containment,0,0,0,0.0,0,2,0.0,0.0
12236,DNS_SPOOFING,BENIGN,0.6754966887417219,LOW_CONFIDENCE,nist-sp-800-61r3-response|nist-sp-800-61r3-containment|mitre-t1046-overview|mitre-t1498-detection,0,0,0,0.0,0,4,0.0,0.0
12238,VULNERABILITYSCAN,BENIGN,0.6754966887417219,LOW_CONFIDENCE,nist-sp-800-61r3-response|nist-sp-800-61r3-containment|mitre-t1046-overview|mitre-t1498-detection,0,1,3,0.3333333333333333,1,4,0.25,0.25
12239,DNS_SPOOFING,BENIGN,0.5260663507109006,LOW_CONFIDENCE,nist-sp-800-61r3-response|nist-sp-800-61r3-containment,0,0,0,0.0,0,2,0.0,0.0
12240,VULNERABILITYSCAN,BENIGN,0.5433962264150943,LOW_CONFIDENCE,nist-sp-800-61r3-response|nist-sp-800-61r3-containment,0,0,0,0.0,0,2,0.0,0.0
12246,VULNERABILITYSCAN,BENIGN,0.5865921787709497,LOW_CONFIDENCE,nist-sp-800-61r3-response|nist-sp-800-61r3-containment,0,0,0,0.0,0,2,0.0,0.0
12250,VULNERABILITYSCAN,BENIGN,0.6767857142857143,LOW_CONFIDENCE,nist-sp-800-61r3-response|nist-sp-800-61r3-containment,0,0,0,0.0,0,2,0.0,0.0
12251,VULNERABILITYSCAN,BENIGN,0.6548672566371682,LOW_CONFIDENCE,nist-sp-800-61r3-response|nist-sp-800-61r3-containment,0,0,0,0.0,0,2,0.0,0.0
12253,VULNERABILITYSCAN,BENIGN,0.6767857142857143,LOW_CONFIDENCE,nist-sp-800-61r3-response|nist-sp-800-61r3-containment,0,0,0,0.0,0,2,0.0,0.0
12255,VULNERABILITYSCAN,BENIGN,0.6111111111111112,LOW_CONFIDENCE,nist-sp-800-61r3-response|nist-sp-800-61r3-containment,0,0,0,0.0,0,2,0.0,0.0
12259,VULNERABILITYSCAN,BENIGN,0.6881188118811881,LOW_CONFIDENCE,nist-sp-800-61r3-response|nist-sp-800-61r3-containment,0,0,0,0.0,0,2,0.0,0.0
12262,VULNERABILITYSCAN,BENIGN,0.6767857142857143,LOW_CONFIDENCE,nist-sp-800-61r3-response|nist-sp-800-61r3-containment,0,0,0,0.0,0,2,0.0,0.0
12263,VULNERABILITYSCAN,BENIGN,0.5433962264150943,LOW_CONFIDENCE,nist-sp-800-61r3-response|nist-sp-800-61r3-containment|mitre-t1046-overview|mitre-t1498-detection,0,1,3,0.3333333333333333,1,4,0.25,0.25
12265,VULNERABILITYSCAN,BENIGN,0.6548672566371682,LOW_CONFIDENCE,nist-sp-800-61r3-response|nist-sp-800-61r3-containment,0,0,0,0.0,0,2,0.0,0.0
12270,VULNERABILITYSCAN,BENIGN,0.6111111111111112,LOW_CONFIDENCE,nist-sp-800-61r3-response|nist-sp-800-61r3-containment,0,0,0,0.0,0,2,0.0,0.0
12271,VULNERABILITYSCAN,BENIGN,0.6754966887417219,LOW_CONFIDENCE,nist-sp-800-61r3-response|nist-sp-800-61r3-containment|mitre-t1046-overview|mitre-t1498-detection,0,1,3,0.3333333333333333,1,4,0.25,0.25
12277,VULNERABILITYSCAN,BENIGN,0.6548672566371682,LOW_CONFIDENCE,nist-sp-800-61r3-response|nist-sp-800-61r3-containment,0,0,0,0.0,0,2,0.0,0.0
12280,VULNERABILITYSCAN,BENIGN,0.6881188118811881,LOW_CONFIDENCE,nist-sp-800-61r3-response|nist-sp-800-61r3-containment,0,0,0,0.0,0,2,0.0,0.0
12284,VULNERABILITYSCAN,BENIGN,0.6881188118811881,LOW_CONFIDENCE,nist-sp-800-61r3-response|nist-sp-800-61r3-containment|mitre-t1046-overview|mitre-t1498-detection,0,1,3,0.3333333333333333,1,4,0.25,0.25
12291,VULNERABILITYSCAN,BENIGN,0.6282051282051282,LOW_CONFIDENCE,nist-sp-800-61r3-response|nist-sp-800-61r3-containment,0,0,0,0.0,0,2,0.0,0.0
12299,VULNERABILITYSCAN,BENIGN,0.6767857142857143,LOW_CONFIDENCE,nist-sp-800-61r3-response|nist-sp-800-61r3-containment,0,0,0,0.0,0,2,0.0,0.0
12301,VULNERABILITYSCAN,BENIGN,0.6666666666666667,LOW_CONFIDENCE,nist-sp-800-61r3-response|nist-sp-800-61r3-containment,0,0,0,0.0,0,2,0.0,0.0
12303,VULNERABILITYSCAN,BENIGN,0.6521739130434783,LOW_CONFIDENCE,nist-sp-800-61r3-response|nist-sp-800-61r3-containment,0,0,0,0.0,0,2,0.0,0.0
12304,VULNERABILITYSCAN,BENIGN,0.6767857142857143,LOW_CONFIDENCE,nist-sp-800-61r3-response|nist-sp-800-61r3-containment,0,0,0,0.0,0,2,0.0,0.0
12306,DNS_SPOOFING,BENIGN,0.5433962264150943,LOW_CONFIDENCE,nist-sp-800-61r3-response|nist-sp-800-61r3-containment,0,0,0,0.0,0,2,0.0,0.0
12307,VULNERABILITYSCAN,BENIGN,0.5433962264150943,LOW_CONFIDENCE,nist-sp-800-61r3-response|nist-sp-800-61r3-containment,0,0,0,0.0,0,2,0.0,0.0
12308,VULNERABILITYSCAN,BENIGN,0.6767857142857143,LOW_CONFIDENCE,nist-sp-800-61r3-response|nist-sp-800-61r3-containment,0,0,0,0.0,0,2,0.0,0.0
12309,VULNERABILITYSCAN,BENIGN,0.5865921787709497,LOW_CONFIDENCE,nist-sp-800-61r3-response|nist-sp-800-61r3-containment,0,0,0,0.0,0,2,0.0,0.0
12310,VULNERABILITYSCAN,BENIGN,0.5821917808219178,LOW_CONFIDENCE,nist-sp-800-61r3-response|nist-sp-800-61r3-containment,0,0,0,0.0,0,2,0.0,0.0
12314,DNS_SPOOFING,BENIGN,0.6548672566371682,LOW_CONFIDENCE,nist-sp-800-61r3-response|nist-sp-800-61r3-containment,0,0,0,0.0,0,2,0.0,0.0
12316,VULNERABILITYSCAN,BENIGN,0.5865921787709497,LOW_CONFIDENCE,nist-sp-800-61r3-response|nist-sp-800-61r3-containment,0,0,0,0.0,0,2,0.0,0.0
12317,VULNERABILITYSCAN,BENIGN,0.6111111111111112,LOW_CONFIDENCE,nist-sp-800-61r3-response|nist-sp-800-61r3-containment,0,0,0,0.0,0,2,0.0,0.0
12321,VULNERABILITYSCAN,BENIGN,0.6116276158608979,LOW_CONFIDENCE,nist-sp-800-61r3-response|nist-sp-800-61r3-containment,0,0,0,0.0,0,2,0.0,0.0
12325,VULNERABILITYSCAN,BENIGN,0.5260663507109006,LOW_CONFIDENCE,nist-sp-800-61r3-response|nist-sp-800-61r3-containment|mitre-t1046-overview|mitre-t1498-detection,0,1,3,0.3333333333333333,1,4,0.25,0.25
12326,DNS_SPOOFING,BENIGN,0.6881188118811881,LOW_CONFIDENCE,nist-sp-800-61r3-response|nist-sp-800-61r3-containment|mitre-t1046-overview|mitre-t1498-detection,0,0,0,0.0,0,4,0.0,0.0
12329,VULNERABILITYSCAN,BENIGN,0.6767857142857143,LOW_CONFIDENCE,nist-sp-800-61r3-response|nist-sp-800-61r3-containment,0,0,0,0.0,0,2,0.0,0.0
12330,VULNERABILITYSCAN,BENIGN,0.6548672566371682,LOW_CONFIDENCE,nist-sp-800-61r3-response|nist-sp-800-61r3-containment,0,0,0,0.0,0,2,0.0,0.0
12331,VULNERABILITYSCAN,BENIGN,0.5821917808219178,LOW_CONFIDENCE,nist-sp-800-61r3-response|nist-sp-800-61r3-containment,0,0,0,0.0,0,2,0.0,0.0
12334,VULNERABILITYSCAN,BENIGN,0.625,LOW_CONFIDENCE,nist-sp-800-61r3-response|nist-sp-800-61r3-containment,0,0,0,0.0,0,2,0.0,0.0
12336,VULNERABILITYSCAN,BENIGN,0.6767857142857143,LOW_CONFIDENCE,nist-sp-800-61r3-response|nist-sp-800-61r3-containment,0,0,0,0.0,0,2,0.0,0.0
12338,VULNERABILITYSCAN,BENIGN,0.6767857142857143,LOW_CONFIDENCE,nist-sp-800-61r3-response|nist-sp-800-61r3-containment,0,0,0,0.0,0,2,0.0,0.0
12341,VULNERABILITYSCAN,BENIGN,0.5865921787709497,LOW_CONFIDENCE,nist-sp-800-61r3-response|nist-sp-800-61r3-containment,0,0,0,0.0,0,2,0.0,0.0
12343,VULNERABILITYSCAN,BENIGN,0.6666666666666666,LOW_CONFIDENCE,nist-sp-800-61r3-response|nist-sp-800-61r3-containment,0,0,0,0.0,0,2,0.0,0.0
12344,VULNERABILITYSCAN,BENIGN,0.5433962264150943,LOW_CONFIDENCE,nist-sp-800-61r3-response|nist-sp-800-61r3-containment|mitre-t1046-overview|mitre-t1498-detection,0,1,3,0.3333333333333333,1,4,0.25,0.25
12347,VULNERABILITYSCAN,BENIGN,0.6767857142857143,LOW_CONFIDENCE,nist-sp-800-61r3-response|nist-sp-800-61r3-containment,0,0,0,0.0,0,2,0.0,0.0
12349,DNS_SPOOFING,BENIGN,0.6767857142857143,LOW_CONFIDENCE,nist-sp-800-61r3-response|nist-sp-800-61r3-containment,0,0,0,0.0,0,2,0.0,0.0
12352,VULNERABILITYSCAN,BENIGN,0.5260663507109006,LOW_CONFIDENCE,nist-sp-800-61r3-response|nist-sp-800-61r3-containment,0,0,0,0.0,0,2,0.0,0.0
12356,VULNERABILITYSCAN,BENIGN,0.5260663507109006,LOW_CONFIDENCE,nist-sp-800-61r3-response|nist-sp-800-61r3-containment,0,0,0,0.0,0,2,0.0,0.0
12368,VULNERABILITYSCAN,BENIGN,0.6881188118811881,LOW_CONFIDENCE,nist-sp-800-61r3-response|nist-sp-800-61r3-containment|mitre-t1046-overview|mitre-t1498-detection,0,1,3,0.3333333333333333,1,4,0.25,0.25
12369,VULNERABILITYSCAN,BENIGN,0.5865921787709497,LOW_CONFIDENCE,nist-sp-800-61r3-response|nist-sp-800-61r3-containment,0,0,0,0.0,0,2,0.0,0.0
12371,VULNERABILITYSCAN,BENIGN,0.5260663507109006,LOW_CONFIDENCE,nist-sp-800-61r3-response|nist-sp-800-61r3-containment|mitre-t1046-overview|mitre-t1498-detection,0,1,3,0.3333333333333333,1,4,0.25,0.25
12372,VULNERABILITYSCAN,BENIGN,0.6767857142857143,LOW_CONFIDENCE,nist-sp-800-61r3-response|nist-sp-800-61r3-containment,0,0,0,0.0,0,2,0.0,0.0
12373,VULNERABILITYSCAN,BENIGN,0.625,LOW_CONFIDENCE,nist-sp-800-61r3-response|nist-sp-800-61r3-containment,0,0,0,0.0,0,2,0.0,0.0
12374,VULNERABILITYSCAN,BENIGN,0.6767857142857143,LOW_CONFIDENCE,nist-sp-800-61r3-response|nist-sp-800-61r3-containment|mitre-t1046-overview|mitre-t1498-detection,0,1,3,0.3333333333333333,1,4,0.25,0.25
12379,VULNERABILITYSCAN,BENIGN,0.5433962264150943,LOW_CONFIDENCE,nist-sp-800-61r3-response|nist-sp-800-61r3-containment,0,0,0,0.0,0,2,0.0,0.0
12382,VULNERABILITYSCAN,BENIGN,0.6767857142857143,LOW_CONFIDENCE,nist-sp-800-61r3-response|nist-sp-800-61r3-containment|mitre-t1046-overview|mitre-t1498-detection,0,1,3,0.3333333333333333,1,4,0.25,0.25
12383,VULNERABILITYSCAN,BENIGN,0.6282051282051282,LOW_CONFIDENCE,nist-sp-800-61r3-response|nist-sp-800-61r3-containment,0,0,0,0.0,0,2,0.0,0.0
12385,VULNERABILITYSCAN,BENIGN,0.6111111111111112,LOW_CONFIDENCE,nist-sp-800-61r3-response|nist-sp-800-61r3-containment,0,0,0,0.0,0,2,0.0,0.0
12391,VULNERABILITYSCAN,BENIGN,0.5821917808219178,LOW_CONFIDENCE,nist-sp-800-61r3-response|nist-sp-800-61r3-containment|mitre-t1046-overview|mitre-t1498-detection,0,1,3,0.3333333333333333,1,4,0.25,0.25
12395,VULNERABILITYSCAN,BENIGN,0.6548672566371682,LOW_CONFIDENCE,nist-sp-800-61r3-response|nist-sp-800-61r3-containment,0,0,0,0.0,0,2,0.0,0.0
12396,VULNERABILITYSCAN,BENIGN,0.5821917808219178,LOW_CONFIDENCE,nist-sp-800-61r3-response|nist-sp-800-61r3-containment|mitre-t1046-overview|mitre-t1498-detection,0,1,3,0.3333333333333333,1,4,0.25,0.25
12399,VULNERABILITYSCAN,BENIGN,0.6754966887417219,LOW_CONFIDENCE,nist-sp-800-61r3-response|nist-sp-800-61r3-containment,0,0,0,0.0,0,2,0.0,0.0
12400,VULNERABILITYSCAN,BENIGN,0.5433962264150943,LOW_CONFIDENCE,nist-sp-800-61r3-response|nist-sp-800-61r3-containment,0,0,0,0.0,0,2,0.0,0.0
12403,VULNERABILITYSCAN,BENIGN,0.5433962264150943,LOW_CONFIDENCE,nist-sp-800-61r3-response|nist-sp-800-61r3-containment|mitre-t1046-overview|mitre-t1498-detection,0,1,3,0.3333333333333333,1,4,0.25,0.25
12406,VULNERABILITYSCAN,BENIGN,0.6754966887417219,LOW_CONFIDENCE,nist-sp-800-61r3-response|nist-sp-800-61r3-containment,0,0,0,0.0,0,2,0.0,0.0
12407,VULNERABILITYSCAN,BENIGN,0.5433962264150943,LOW_CONFIDENCE,nist-sp-800-61r3-response|nist-sp-800-61r3-containment,0,0,0,0.0,0,2,0.0,0.0
12408,DNS_SPOOFING,BENIGN,0.6767857142857143,LOW_CONFIDENCE,nist-sp-800-61r3-response|nist-sp-800-61r3-containment,0,0,0,0.0,0,2,0.0,0.0
12410,VULNERABILITYSCAN,BENIGN,0.6881188118811881,LOW_CONFIDENCE,nist-sp-800-61r3-response|nist-sp-800-61r3-containment|mitre-t1046-overview|mitre-t1498-detection,0,1,3,0.3333333333333333,1,4,0.25,0.25
12411,DNS_SPOOFING,BENIGN,0.6767857142857143,LOW_CONFIDENCE,nist-sp-800-61r3-response|nist-sp-800-61r3-containment,0,0,0,0.0,0,2,0.0,0.0
12413,VULNERABILITYSCAN,BENIGN,0.6111111111111112,LOW_CONFIDENCE,nist-sp-800-61r3-response|nist-sp-800-61r3-containment|mitre-t1046-overview|mitre-t1498-detection,0,1,3,0.3333333333333333,1,4,0.25,0.25
12414,VULNERABILITYSCAN,BENIGN,0.6881188118811881,LOW_CONFIDENCE,nist-sp-800-61r3-response|nist-sp-800-61r3-containment|mitre-t1046-overview|mitre-t1498-detection,0,1,3,0.3333333333333333,1,4,0.25,0.25
12415,VULNERABILITYSCAN,BENIGN,0.6767857142857143,LOW_CONFIDENCE,nist-sp-800-61r3-response|nist-sp-800-61r3-containment|mitre-t1046-overview|mitre-t1498-detection,0,1,3,0.3333333333333333,1,4,0.25,0.25
12416,VULNERABILITYSCAN,BENIGN,0.5260663507109006,LOW_CONFIDENCE,nist-sp-800-61r3-response|nist-sp-800-61r3-containment|mitre-t1046-overview|mitre-t1498-detection,0,1,3,0.3333333333333333,1,4,0.25,0.25
12420,VULNERABILITYSCAN,BENIGN,0.5821917808219178,LOW_CONFIDENCE,nist-sp-800-61r3-response|nist-sp-800-61r3-containment,0,0,0,0.0,0,2,0.0,0.0
12424,VULNERABILITYSCAN,BENIGN,0.6111111111111112,LOW_CONFIDENCE,nist-sp-800-61r3-response|nist-sp-800-61r3-containment,0,0,0,0.0,0,2,0.0,0.0
12425,VULNERABILITYSCAN,BENIGN,0.5433962264150943,LOW_CONFIDENCE,nist-sp-800-61r3-response|nist-sp-800-61r3-containment|mitre-t1046-overview|mitre-t1498-detection,0,1,3,0.3333333333333333,1,4,0.25,0.25
12427,VULNERABILITYSCAN,BENIGN,0.625,LOW_CONFIDENCE,nist-sp-800-61r3-response|nist-sp-800-61r3-containment,0,0,0,0.0,0,2,0.0,0.0
12430,VULNERABILITYSCAN,BENIGN,0.5821917808219178,LOW_CONFIDENCE,nist-sp-800-61r3-response|nist-sp-800-61r3-containment,0,0,0,0.0,0,2,0.0,0.0
12431,VULNERABILITYSCAN,BENIGN,0.6282051282051282,LOW_CONFIDENCE,nist-sp-800-61r3-response|nist-sp-800-61r3-containment|mitre-t1046-overview|mitre-t1498-detection,0,1,3,0.3333333333333333,1,4,0.25,0.25
12438,VULNERABILITYSCAN,BENIGN,0.5260663507109006,LOW_CONFIDENCE,nist-sp-800-61r3-response|nist-sp-800-61r3-containment|mitre-t1046-overview|mitre-t1498-detection,0,1,3,0.3333333333333333,1,4,0.25,0.25
12441,VULNERABILITYSCAN,BENIGN,0.6767857142857143,LOW_CONFIDENCE,nist-sp-800-61r3-response|nist-sp-800-61r3-containment,0,0,0,0.0,0,2,0.0,0.0
12443,VULNERABILITYSCAN,BENIGN,0.6548672566371682,LOW_CONFIDENCE,nist-sp-800-61r3-response|nist-sp-800-61r3-containment,0,0,0,0.0,0,2,0.0,0.0
12445,VULNERABILITYSCAN,BENIGN,0.6881188118811881,LOW_CONFIDENCE,nist-sp-800-61r3-response|nist-sp-800-61r3-containment|mitre-t1046-overview|mitre-t1498-detection,0,1,3,0.3333333333333333,1,4,0.25,0.25
12447,VULNERABILITYSCAN,BENIGN,0.5260663507109006,LOW_CONFIDENCE,nist-sp-800-61r3-response|nist-sp-800-61r3-containment|mitre-t1046-overview|mitre-t1498-detection,0,1,3,0.3333333333333333,1,4,0.25,0.25
12448,VULNERABILITYSCAN,BENIGN,0.5260663507109006,LOW_CONFIDENCE,nist-sp-800-61r3-response|nist-sp-800-61r3-containment,0,0,0,0.0,0,2,0.0,0.0
12450,VULNERABILITYSCAN,BENIGN,0.6767857142857143,LOW_CONFIDENCE,nist-sp-800-61r3-response|nist-sp-800-61r3-containment,0,0,0,0.0,0,2,0.0,0.0
12452,VULNERABILITYSCAN,BENIGN,0.6111111111111112,LOW_CONFIDENCE,nist-sp-800-61r3-response|nist-sp-800-61r3-containment|mitre-t1046-overview|mitre-t1498-detection,0,1,3,0.3333333333333333,1,4,0.25,0.25
12453,VULNERABILITYSCAN,BENIGN,0.6111111111111112,LOW_CONFIDENCE,nist-sp-800-61r3-response|nist-sp-800-61r3-containment|mitre-t1046-overview|mitre-t1498-detection,0,1,3,0.3333333333333333,1,4,0.25,0.25
12454,VULNERABILITYSCAN,BENIGN,0.5260663507109006,LOW_CONFIDENCE,nist-sp-800-61r3-response|nist-sp-800-61r3-containment|mitre-t1046-overview|mitre-t1498-detection,0,1,3,0.3333333333333333,1,4,0.25,0.25
12455,VULNERABILITYSCAN,BENIGN,0.6767857142857143,LOW_CONFIDENCE,nist-sp-800-61r3-response|nist-sp-800-61r3-containment,0,0,0,0.0,0,2,0.0,0.0
12459,VULNERABILITYSCAN,BENIGN,0.6767857142857143,LOW_CONFIDENCE,nist-sp-800-61r3-response|nist-sp-800-61r3-containment,0,0,0,0.0,0,2,0.0,0.0
12462,DNS_SPOOFING,BENIGN,0.6881188118811881,LOW_CONFIDENCE,nist-sp-800-61r3-response|nist-sp-800-61r3-containment|mitre-t1046-overview|mitre-t1498-detection,0,0,0,0.0,0,4,0.0,0.0
12465,VULNERABILITYSCAN,BENIGN,0.6767857142857143,LOW_CONFIDENCE,nist-sp-800-61r3-response|mitre-t1557-001-indicators|nist-sp-800-61r3-containment,0,0,0,0.0,0,3,0.0,0.0
12466,VULNERABILITYSCAN,BENIGN,0.5260663507109006,LOW_CONFIDENCE,nist-sp-800-61r3-response|nist-sp-800-61r3-containment,0,0,0,0.0,0,2,0.0,0.0
12468,VULNERABILITYSCAN,BENIGN,0.6767857142857143,LOW_CONFIDENCE,nist-sp-800-61r3-response|nist-sp-800-61r3-containment,0,0,0,0.0,0,2,0.0,0.0
12471,VULNERABILITYSCAN,BENIGN,0.6881188118811881,LOW_CONFIDENCE,nist-sp-800-61r3-response|nist-sp-800-61r3-containment,0,0,0,0.0,0,2,0.0,0.0
12472,VULNERABILITYSCAN,BENIGN,0.5821917808219178,LOW_CONFIDENCE,nist-sp-800-61r3-response|nist-sp-800-61r3-containment,0,0,0,0.0,0,2,0.0,0.0
12475,VULNERABILITYSCAN,BENIGN,0.6767857142857143,LOW_CONFIDENCE,nist-sp-800-61r3-response|nist-sp-800-61r3-containment,0,0,0,0.0,0,2,0.0,0.0
12477,VULNERABILITYSCAN,BENIGN,0.5433962264150943,LOW_CONFIDENCE,nist-sp-800-61r3-response|nist-sp-800-61r3-containment,0,0,0,0.0,0,2,0.0,0.0
12478,VULNERABILITYSCAN,BENIGN,0.6548672566371682,LOW_CONFIDENCE,nist-sp-800-61r3-response|nist-sp-800-61r3-containment|mitre-t1046-overview|mitre-t1498-detection,0,1,3,0.3333333333333333,1,4,0.25,0.25
12479,VULNERABILITYSCAN,BENIGN,0.6666666666666666,LOW_CONFIDENCE,nist-sp-800-61r3-response|nist-sp-800-61r3-containment|mitre-t1046-overview|mitre-t1498-detection,0,1,3,0.3333333333333333,1,4,0.25,0.25
12482,VULNERABILITYSCAN,BENIGN,0.6548672566371682,LOW_CONFIDENCE,nist-sp-800-61r3-response|nist-sp-800-61r3-containment,0,0,0,0.0,0,2,0.0,0.0
12484,VULNERABILITYSCAN,BENIGN,0.6282051282051282,LOW_CONFIDENCE,nist-sp-800-61r3-response|nist-sp-800-61r3-containment,0,0,0,0.0,0,2,0.0,0.0
12485,VULNERABILITYSCAN,BENIGN,0.6767857142857143,LOW_CONFIDENCE,nist-sp-800-61r3-response|nist-sp-800-61r3-containment,0,0,0,0.0,0,2,0.0,0.0
12486,VULNERABILITYSCAN,BENIGN,0.5821917808219178,LOW_CONFIDENCE,nist-sp-800-61r3-response|nist-sp-800-61r3-containment,0,0,0,0.0,0,2,0.0,0.0
12487,VULNERABILITYSCAN,BENIGN,0.6548672566371682,LOW_CONFIDENCE,nist-sp-800-61r3-response|nist-sp-800-61r3-containment,0,0,0,0.0,0,2,0.0,0.0
12489,VULNERABILITYSCAN,BENIGN,0.5433962264150943,LOW_CONFIDENCE,nist-sp-800-61r3-response|nist-sp-800-61r3-containment,0,0,0,0.0,0,2,0.0,0.0
12490,VULNERABILITYSCAN,BENIGN,0.6767857142857143,LOW_CONFIDENCE,nist-sp-800-61r3-response|nist-sp-800-61r3-containment,0,0,0,0.0,0,2,0.0,0.0
12493,VULNERABILITYSCAN,BENIGN,0.6881188118811881,LOW_CONFIDENCE,nist-sp-800-61r3-response|nist-sp-800-61r3-containment|mitre-t1046-overview|mitre-t1498-detection,0,1,3,0.3333333333333333,1,4,0.25,0.25
12495,VULNERABILITYSCAN,BENIGN,0.6754966887417219,LOW_CONFIDENCE,nist-sp-800-61r3-response|nist-sp-800-61r3-containment,0,0,0,0.0,0,2,0.0,0.0
12498,VULNERABILITYSCAN,BENIGN,0.6881188118811881,LOW_CONFIDENCE,nist-sp-800-61r3-response|nist-sp-800-61r3-containment|mitre-t1046-overview|mitre-t1498-detection,0,1,3,0.3333333333333333,1,4,0.25,0.25
12499,VULNERABILITYSCAN,BENIGN,0.6666666666666667,LOW_CONFIDENCE,nist-sp-800-61r3-response|nist-sp-800-61r3-containment,0,0,0,0.0,0,2,0.0,0.0
12500,VULNERABILITYSCAN,BENIGN,0.5260663507109006,LOW_CONFIDENCE,nist-sp-800-61r3-response|nist-sp-800-61r3-containment|mitre-t1046-overview|mitre-t1498-detection,0,1,3,0.3333333333333333,1,4,0.25,0.25
12501,VULNERABILITYSCAN,BENIGN,0.6767857142857143,LOW_CONFIDENCE,nist-sp-800-61r3-response|nist-sp-800-61r3-containment,0,0,0,0.0,0,2,0.0,0.0
12503,VULNERABILITYSCAN,BENIGN,0.6111111111111112,LOW_CONFIDENCE,nist-sp-800-61r3-response|nist-sp-800-61r3-containment,0,0,0,0.0,0,2,0.0,0.0
12508,VULNERABILITYSCAN,BENIGN,0.6548672566371682,LOW_CONFIDENCE,nist-sp-800-61r3-response|nist-sp-800-61r3-containment,0,0,0,0.0,0,2,0.0,0.0
12509,VULNERABILITYSCAN,BENIGN,0.6548672566371682,LOW_CONFIDENCE,nist-sp-800-61r3-response|nist-sp-800-61r3-containment,0,0,0,0.0,0,2,0.0,0.0
12512,VULNERABILITYSCAN,BENIGN,0.5821917808219178,LOW_CONFIDENCE,nist-sp-800-61r3-response|nist-sp-800-61r3-containment,0,0,0,0.0,0,2,0.0,0.0
12515,VULNERABILITYSCAN,BENIGN,0.6767857142857143,LOW_CONFIDENCE,nist-sp-800-61r3-response|nist-sp-800-61r3-containment,0,0,0,0.0,0,2,0.0,0.0
12516,VULNERABILITYSCAN,BENIGN,0.6767857142857143,LOW_CONFIDENCE,nist-sp-800-61r3-response|nist-sp-800-61r3-containment,0,0,0,0.0,0,2,0.0,0.0
12517,VULNERABILITYSCAN,BENIGN,0.5260663507109006,LOW_CONFIDENCE,nist-sp-800-61r3-response|nist-sp-800-61r3-containment|mitre-t1046-overview|mitre-t1498-detection,0,1,3,0.3333333333333333,1,4,0.25,0.25
12521,VULNERABILITYSCAN,BENIGN,0.6111111111111112,LOW_CONFIDENCE,nist-sp-800-61r3-response|nist-sp-800-61r3-containment,0,0,0,0.0,0,2,0.0,0.0
12523,VULNERABILITYSCAN,BENIGN,0.5260663507109006,LOW_CONFIDENCE,nist-sp-800-61r3-response|nist-sp-800-61r3-containment,0,0,0,0.0,0,2,0.0,0.0
12526,VULNERABILITYSCAN,BENIGN,0.6111111111111112,LOW_CONFIDENCE,nist-sp-800-61r3-response|nist-sp-800-61r3-containment,0,0,0,0.0,0,2,0.0,0.0
12528,VULNERABILITYSCAN,BENIGN,0.5821917808219178,LOW_CONFIDENCE,nist-sp-800-61r3-response|nist-sp-800-61r3-containment,0,0,0,0.0,0,2,0.0,0.0
12529,VULNERABILITYSCAN,BENIGN,0.5821917808219178,LOW_CONFIDENCE,nist-sp-800-61r3-response|nist-sp-800-61r3-containment,0,0,0,0.0,0,2,0.0,0.0
12533,VULNERABILITYSCAN,BENIGN,0.6666666666666667,LOW_CONFIDENCE,nist-sp-800-61r3-response|nist-sp-800-61r3-containment,0,0,0,0.0,0,2,0.0,0.0
12534,VULNERABILITYSCAN,BENIGN,0.5260663507109006,LOW_CONFIDENCE,nist-sp-800-61r3-response|nist-sp-800-61r3-containment|mitre-t1046-overview|mitre-t1498-detection,0,1,3,0.3333333333333333,1,4,0.25,0.25
12536,VULNERABILITYSCAN,BENIGN,0.6111111111111112,LOW_CONFIDENCE,nist-sp-800-61r3-response|nist-sp-800-61r3-containment,0,0,0,0.0,0,2,0.0,0.0
12537,VULNERABILITYSCAN,BENIGN,0.6767857142857143,LOW_CONFIDENCE,nist-sp-800-61r3-response|nist-sp-800-61r3-containment,0,0,0,0.0,0,2,0.0,0.0
12540,VULNERABILITYSCAN,BENIGN,0.625,LOW_CONFIDENCE,nist-sp-800-61r3-response|nist-sp-800-61r3-containment,0,0,0,0.0,0,2,0.0,0.0
12543,VULNERABILITYSCAN,BENIGN,0.6881188118811881,LOW_CONFIDENCE,nist-sp-800-61r3-response|nist-sp-800-61r3-containment|mitre-t1046-overview|mitre-t1498-detection,0,1,3,0.3333333333333333,1,4,0.25,0.25
12544,VULNERABILITYSCAN,BENIGN,0.6767857142857143,LOW_CONFIDENCE,nist-sp-800-61r3-response|nist-sp-800-61r3-containment,0,0,0,0.0,0,2,0.0,0.0
12546,VULNERABILITYSCAN,BENIGN,0.6666666666666667,LOW_CONFIDENCE,nist-sp-800-61r3-response|nist-sp-800-61r3-containment,0,0,0,0.0,0,2,0.0,0.0
12549,VULNERABILITYSCAN,BENIGN,0.6881188118811881,LOW_CONFIDENCE,nist-sp-800-61r3-response|nist-sp-800-61r3-containment|mitre-t1046-overview|mitre-t1498-detection,0,1,3,0.3333333333333333,1,4,0.25,0.25
12550,VULNERABILITYSCAN,BENIGN,0.6881188118811881,LOW_CONFIDENCE,nist-sp-800-61r3-response|nist-sp-800-61r3-containment|mitre-t1046-overview|mitre-t1498-detection,0,1,3,0.3333333333333333,1,4,0.25,0.25
12551,VULNERABILITYSCAN,BENIGN,0.6767857142857143,LOW_CONFIDENCE,nist-sp-800-61r3-response|nist-sp-800-61r3-containment|mitre-t1046-overview|mitre-t1498-detection,0,1,3,0.3333333333333333,1,4,0.25,0.25
12552,DNS_SPOOFING,BENIGN,0.6881188118811881,LOW_CONFIDENCE,nist-sp-800-61r3-response|nist-sp-800-61r3-containment|mitre-t1046-overview|mitre-t1498-detection,0,0,0,0.0,0,4,0.0,0.0
12554,VULNERABILITYSCAN,BENIGN,0.625,LOW_CONFIDENCE,nist-sp-800-61r3-response|nist-sp-800-61r3-containment,0,0,0,0.0,0,2,0.0,0.0
12555,VULNERABILITYSCAN,BENIGN,0.6767857142857143,LOW_CONFIDENCE,nist-sp-800-61r3-response|nist-sp-800-61r3-containment,0,0,0,0.0,0,2,0.0,0.0
12557,VULNERABILITYSCAN,BENIGN,0.6881188118811881,LOW_CONFIDENCE,nist-sp-800-61r3-response|nist-sp-800-61r3-containment|mitre-t1046-overview|mitre-t1498-detection,0,1,3,0.3333333333333333,1,4,0.25,0.25
12560,DNS_SPOOFING,BENIGN,0.5260663507109006,LOW_CONFIDENCE,nist-sp-800-61r3-response|nist-sp-800-61r3-containment|mitre-t1046-overview|mitre-t1498-detection,0,0,0,0.0,0,4,0.0,0.0
12564,VULNERABILITYSCAN,BENIGN,0.6548672566371682,LOW_CONFIDENCE,nist-sp-800-61r3-response|nist-sp-800-61r3-containment,0,0,0,0.0,0,2,0.0,0.0
12568,VULNERABILITYSCAN,BENIGN,0.6881188118811881,LOW_CONFIDENCE,nist-sp-800-61r3-response|nist-sp-800-61r3-containment,0,0,0,0.0,0,2,0.0,0.0
12576,VULNERABILITYSCAN,BENIGN,0.6881188118811881,LOW_CONFIDENCE,nist-sp-800-61r3-response|nist-sp-800-61r3-containment|mitre-t1046-overview|mitre-t1498-detection,0,1,3,0.3333333333333333,1,4,0.25,0.25
12579,VULNERABILITYSCAN,BENIGN,0.6666666666666667,LOW_CONFIDENCE,nist-sp-800-61r3-response|nist-sp-800-61r3-containment,0,0,0,0.0,0,2,0.0,0.0
12581,VULNERABILITYSCAN,BENIGN,0.6881188118811881,LOW_CONFIDENCE,nist-sp-800-61r3-response|nist-sp-800-61r3-containment|mitre-t1046-overview|mitre-t1498-detection,0,1,3,0.3333333333333333,1,4,0.25,0.25
12583,VULNERABILITYSCAN,BENIGN,0.6548672566371682,LOW_CONFIDENCE,nist-sp-800-61r3-response|nist-sp-800-61r3-containment,0,0,0,0.0,0,2,0.0,0.0
12584,VULNERABILITYSCAN,BENIGN,0.6548672566371682,LOW_CONFIDENCE,nist-sp-800-61r3-response|nist-sp-800-61r3-containment,0,0,0,0.0,0,2,0.0,0.0
12585,VULNERABILITYSCAN,BENIGN,0.5433962264150943,LOW_CONFIDENCE,nist-sp-800-61r3-response|nist-sp-800-61r3-containment|mitre-t1046-overview|mitre-t1498-detection,0,1,3,0.3333333333333333,1,4,0.25,0.25
12587,VULNERABILITYSCAN,BENIGN,0.6767857142857143,LOW_CONFIDENCE,nist-sp-800-61r3-response|nist-sp-800-61r3-containment,0,0,0,0.0,0,2,0.0,0.0
12590,VULNERABILITYSCAN,BENIGN,0.5433962264150943,LOW_CONFIDENCE,nist-sp-800-61r3-response|nist-sp-800-61r3-containment,0,0,0,0.0,0,2,0.0,0.0
12592,VULNERABILITYSCAN,BENIGN,0.5433962264150943,LOW_CONFIDENCE,nist-sp-800-61r3-response|nist-sp-800-61r3-containment,0,0,0,0.0,0,2,0.0,0.0
12593,VULNERABILITYSCAN,BENIGN,0.5821917808219178,LOW_CONFIDENCE,nist-sp-800-61r3-response|nist-sp-800-61r3-containment,0,0,0,0.0,0,2,0.0,0.0
12595,VULNERABILITYSCAN,BENIGN,0.5260663507109006,LOW_CONFIDENCE,nist-sp-800-61r3-response|nist-sp-800-61r3-containment,0,0,0,0.0,0,2,0.0,0.0
12597,VULNERABILITYSCAN,BENIGN,0.5433962264150943,LOW_CONFIDENCE,nist-sp-800-61r3-response|nist-sp-800-61r3-containment,0,0,0,0.0,0,2,0.0,0.0
12600,VULNERABILITYSCAN,BENIGN,0.6767857142857143,LOW_CONFIDENCE,nist-sp-800-61r3-response|nist-sp-800-61r3-containment,0,0,0,0.0,0,2,0.0,0.0
12601,VULNERABILITYSCAN,BENIGN,0.5433962264150943,LOW_CONFIDENCE,nist-sp-800-61r3-response|nist-sp-800-61r3-containment,0,0,0,0.0,0,2,0.0,0.0
12604,VULNERABILITYSCAN,BENIGN,0.5433962264150943,LOW_CONFIDENCE,nist-sp-800-61r3-response|nist-sp-800-61r3-containment,0,0,0,0.0,0,2,0.0,0.0
12606,VULNERABILITYSCAN,BENIGN,0.6881188118811881,LOW_CONFIDENCE,nist-sp-800-61r3-response|nist-sp-800-61r3-containment|mitre-t1046-overview|mitre-t1498-detection,0,1,3,0.3333333333333333,1,4,0.25,0.25
12608,VULNERABILITYSCAN,BENIGN,0.5821917808219178,LOW_CONFIDENCE,nist-sp-800-61r3-response|nist-sp-800-61r3-containment|mitre-t1046-overview|mitre-t1498-detection,0,1,3,0.3333333333333333,1,4,0.25,0.25
12614,VULNERABILITYSCAN,BENIGN,0.6548672566371682,LOW_CONFIDENCE,nist-sp-800-61r3-response|nist-sp-800-61r3-containment,0,0,0,0.0,0,2,0.0,0.0
12617,VULNERABILITYSCAN,BENIGN,0.6548672566371682,LOW_CONFIDENCE,nist-sp-800-61r3-response|nist-sp-800-61r3-containment,0,0,0,0.0,0,2,0.0,0.0
12620,DNS_SPOOFING,BENIGN,0.6521739130434783,LOW_CONFIDENCE,nist-sp-800-61r3-response|nist-sp-800-61r3-containment|mitre-t1046-overview|mitre-t1498-detection,0,0,0,0.0,0,4,0.0,0.0
12626,VULNERABILITYSCAN,BENIGN,0.6767857142857143,LOW_CONFIDENCE,nist-sp-800-61r3-response|nist-sp-800-61r3-containment,0,0,0,0.0,0,2,0.0,0.0
12629,VULNERABILITYSCAN,BENIGN,0.5821917808219178,LOW_CONFIDENCE,nist-sp-800-61r3-response|nist-sp-800-61r3-containment|mitre-t1046-overview|mitre-t1498-detection,0,1,3,0.3333333333333333,1,4,0.25,0.25
12631,VULNERABILITYSCAN,BENIGN,0.625,LOW_CONFIDENCE,nist-sp-800-61r3-response|nist-sp-800-61r3-containment,0,0,0,0.0,0,2,0.0,0.0
12633,VULNERABILITYSCAN,BENIGN,0.5433962264150943,LOW_CONFIDENCE,nist-sp-800-61r3-response|nist-sp-800-61r3-containment,0,0,0,0.0,0,2,0.0,0.0
12634,DNS_SPOOFING,BENIGN,0.5433962264150943,LOW_CONFIDENCE,nist-sp-800-61r3-response|nist-sp-800-61r3-containment,0,0,0,0.0,0,2,0.0,0.0
12635,VULNERABILITYSCAN,BENIGN,0.625,LOW_CONFIDENCE,nist-sp-800-61r3-response|nist-sp-800-61r3-containment|mitre-t1046-overview|mitre-t1498-detection,0,1,3,0.3333333333333333,1,4,0.25,0.25
12637,VULNERABILITYSCAN,BENIGN,0.6881188118811881,LOW_CONFIDENCE,nist-sp-800-61r3-response|nist-sp-800-61r3-containment,0,0,0,0.0,0,2,0.0,0.0
12640,DNS_SPOOFING,BENIGN,0.6754966887417219,LOW_CONFIDENCE,nist-sp-800-61r3-response|nist-sp-800-61r3-containment|mitre-t1046-overview|mitre-t1498-detection,0,0,0,0.0,0,4,0.0,0.0
12641,VULNERABILITYSCAN,BENIGN,0.6666666666666667,LOW_CONFIDENCE,nist-sp-800-61r3-response|nist-sp-800-61r3-containment,0,0,0,0.0,0,2,0.0,0.0
12647,VULNERABILITYSCAN,BENIGN,0.6881188118811881,LOW_CONFIDENCE,nist-sp-800-61r3-response|nist-sp-800-61r3-containment|mitre-t1046-overview|mitre-t1498-detection,0,1,3,0.3333333333333333,1,4,0.25,0.25
12650,VULNERABILITYSCAN,BENIGN,0.6767857142857143,LOW_CONFIDENCE,nist-sp-800-61r3-response|nist-sp-800-61r3-containment,0,0,0,0.0,0,2,0.0,0.0
12653,VULNERABILITYSCAN,BENIGN,0.5433962264150943,LOW_CONFIDENCE,nist-sp-800-61r3-response|nist-sp-800-61r3-containment|mitre-t1046-overview|mitre-t1498-detection,0,1,3,0.3333333333333333,1,4,0.25,0.25
12655,VULNERABILITYSCAN,BENIGN,0.5260663507109006,LOW_CONFIDENCE,nist-sp-800-61r3-response|nist-sp-800-61r3-containment|mitre-t1046-overview|mitre-t1498-detection,0,1,3,0.3333333333333333,1,4,0.25,0.25
12657,VULNERABILITYSCAN,BENIGN,0.5821917808219178,LOW_CONFIDENCE,nist-sp-800-61r3-response|nist-sp-800-61r3-containment,0,0,0,0.0,0,2,0.0,0.0
12659,VULNERABILITYSCAN,BENIGN,0.5865921787709497,LOW_CONFIDENCE,nist-sp-800-61r3-response|nist-sp-800-61r3-containment,0,0,0,0.0,0,2,0.0,0.0
12662,VULNERABILITYSCAN,BENIGN,0.6767857142857143,LOW_CONFIDENCE,nist-sp-800-61r3-response|nist-sp-800-61r3-containment|mitre-t1046-overview|mitre-t1498-detection,0,1,3,0.3333333333333333,1,4,0.25,0.25
12667,VULNERABILITYSCAN,BENIGN,0.6767857142857143,LOW_CONFIDENCE,nist-sp-800-61r3-response|nist-sp-800-61r3-containment,0,0,0,0.0,0,2,0.0,0.0
12668,VULNERABILITYSCAN,BENIGN,0.5821917808219178,LOW_CONFIDENCE,nist-sp-800-61r3-response|nist-sp-800-61r3-containment|mitre-t1046-overview|mitre-t1498-detection,0,1,3,0.3333333333333333,1,4,0.25,0.25
12669,VULNERABILITYSCAN,BENIGN,0.5433962264150943,LOW_CONFIDENCE,nist-sp-800-61r3-response|nist-sp-800-61r3-containment|mitre-t1046-overview|mitre-t1498-detection,0,1,3,0.3333333333333333,1,4,0.25,0.25
12670,VULNERABILITYSCAN,BENIGN,0.5260663507109006,LOW_CONFIDENCE,nist-sp-800-61r3-response|nist-sp-800-61r3-containment|mitre-t1046-overview|mitre-t1498-detection,0,1,3,0.3333333333333333,1,4,0.25,0.25
12672,VULNERABILITYSCAN,BENIGN,0.5821917808219178,LOW_CONFIDENCE,nist-sp-800-61r3-response|nist-sp-800-61r3-containment|mitre-t1046-overview|mitre-t1498-detection,0,1,3,0.3333333333333333,1,4,0.25,0.25
12673,VULNERABILITYSCAN,BENIGN,0.6767857142857143,LOW_CONFIDENCE,nist-sp-800-61r3-response|nist-sp-800-61r3-containment,0,0,0,0.0,0,2,0.0,0.0
12674,VULNERABILITYSCAN,BENIGN,0.6767857142857143,LOW_CONFIDENCE,nist-sp-800-61r3-response|nist-sp-800-61r3-containment,0,0,0,0.0,0,2,0.0,0.0
12675,VULNERABILITYSCAN,BENIGN,0.6767857142857143,LOW_CONFIDENCE,nist-sp-800-61r3-response|nist-sp-800-61r3-containment,0,0,0,0.0,0,2,0.0,0.0
12680,VULNERABILITYSCAN,BENIGN,0.5865921787709497,LOW_CONFIDENCE,nist-sp-800-61r3-response|nist-sp-800-61r3-containment,0,0,0,0.0,0,2,0.0,0.0
12681,VULNERABILITYSCAN,BENIGN,0.6111111111111112,LOW_CONFIDENCE,nist-sp-800-61r3-response|nist-sp-800-61r3-containment,0,0,0,0.0,0,2,0.0,0.0
12682,VULNERABILITYSCAN,BENIGN,0.5865921787709497,LOW_CONFIDENCE,nist-sp-800-61r3-response|nist-sp-800-61r3-containment,0,0,0,0.0,0,2,0.0,0.0
12683,VULNERABILITYSCAN,BENIGN,0.6767857142857143,LOW_CONFIDENCE,nist-sp-800-61r3-response|nist-sp-800-61r3-containment,0,0,0,0.0,0,2,0.0,0.0
12684,VULNERABILITYSCAN,BENIGN,0.6111111111111112,LOW_CONFIDENCE,nist-sp-800-61r3-response|nist-sp-800-61r3-containment,0,0,0,0.0,0,2,0.0,0.0
12686,DNS_SPOOFING,BENIGN,0.5433962264150943,LOW_CONFIDENCE,nist-sp-800-61r3-response|nist-sp-800-61r3-containment,0,0,0,0.0,0,2,0.0,0.0
12689,VULNERABILITYSCAN,BENIGN,0.6767857142857143,LOW_CONFIDENCE,nist-sp-800-61r3-response|nist-sp-800-61r3-containment,0,0,0,0.0,0,2,0.0,0.0
12693,DNS_SPOOFING,BENIGN,0.5821917808219178,LOW_CONFIDENCE,nist-sp-800-61r3-response|nist-sp-800-61r3-containment|mitre-t1046-overview|mitre-t1498-detection,0,0,0,0.0,0,4,0.0,0.0
12694,VULNERABILITYSCAN,BENIGN,0.6754966887417219,LOW_CONFIDENCE,nist-sp-800-61r3-response|nist-sp-800-61r3-containment,0,0,0,0.0,0,2,0.0,0.0
12695,VULNERABILITYSCAN,BENIGN,0.5433962264150943,LOW_CONFIDENCE,nist-sp-800-61r3-response|nist-sp-800-61r3-containment,0,0,0,0.0,0,2,0.0,0.0
12698,VULNERABILITYSCAN,BENIGN,0.6548672566371682,LOW_CONFIDENCE,nist-sp-800-61r3-response|nist-sp-800-61r3-containment,0,0,0,0.0,0,2,0.0,0.0
12699,VULNERABILITYSCAN,BENIGN,0.5865921787709497,LOW_CONFIDENCE,nist-sp-800-61r3-response|nist-sp-800-61r3-containment,0,0,0,0.0,0,2,0.0,0.0
12704,VULNERABILITYSCAN,BENIGN,0.6881188118811881,LOW_CONFIDENCE,nist-sp-800-61r3-response|nist-sp-800-61r3-containment|mitre-t1046-overview|mitre-t1498-detection,0,1,3,0.3333333333333333,1,4,0.25,0.25
12706,DNS_SPOOFING,BENIGN,0.6111111111111112,LOW_CONFIDENCE,nist-sp-800-61r3-response|nist-sp-800-61r3-containment,0,0,0,0.0,0,2,0.0,0.0
12707,VULNERABILITYSCAN,BENIGN,0.5260663507109006,LOW_CONFIDENCE,nist-sp-800-61r3-response|nist-sp-800-61r3-containment,0,0,0,0.0,0,2,0.0,0.0
12708,VULNERABILITYSCAN,BENIGN,0.6767857142857143,LOW_CONFIDENCE,nist-sp-800-61r3-response|nist-sp-800-61r3-containment,0,0,0,0.0,0,2,0.0,0.0
12711,VULNERABILITYSCAN,BENIGN,0.6881188118811881,LOW_CONFIDENCE,nist-sp-800-61r3-response|nist-sp-800-61r3-containment|mitre-t1046-overview|mitre-t1498-detection,0,1,3,0.3333333333333333,1,4,0.25,0.25
12712,VULNERABILITYSCAN,BENIGN,0.6754966887417219,LOW_CONFIDENCE,nist-sp-800-61r3-response|nist-sp-800-61r3-containment|mitre-t1046-overview|mitre-t1498-detection,0,1,3,0.3333333333333333,1,4,0.25,0.25
12713,VULNERABILITYSCAN,BENIGN,0.6754966887417219,LOW_CONFIDENCE,nist-sp-800-61r3-response|nist-sp-800-61r3-containment|mitre-t1046-overview|mitre-t1498-detection,0,1,3,0.3333333333333333,1,4,0.25,0.25
12717,VULNERABILITYSCAN,BENIGN,0.6767857142857143,LOW_CONFIDENCE,nist-sp-800-61r3-response|nist-sp-800-61r3-containment|mitre-t1046-overview|mitre-t1498-detection,0,1,3,0.3333333333333333,1,4,0.25,0.25
12718,VULNERABILITYSCAN,BENIGN,0.5433962264150943,LOW_CONFIDENCE,nist-sp-800-61r3-response|nist-sp-800-61r3-containment,0,0,0,0.0,0,2,0.0,0.0
12721,VULNERABILITYSCAN,BENIGN,0.5821917808219178,LOW_CONFIDENCE,nist-sp-800-61r3-response|nist-sp-800-61r3-containment,0,0,0,0.0,0,2,0.0,0.0
12722,VULNERABILITYSCAN,BENIGN,0.6881188118811881,LOW_CONFIDENCE,nist-sp-800-61r3-response|nist-sp-800-61r3-containment,0,0,0,0.0,0,2,0.0,0.0
12723,VULNERABILITYSCAN,BENIGN,0.6881188118811881,LOW_CONFIDENCE,nist-sp-800-61r3-response|nist-sp-800-61r3-containment,0,0,0,0.0,0,2,0.0,0.0
12724,DNS_SPOOFING,BENIGN,0.5865921787709497,LOW_CONFIDENCE,nist-sp-800-61r3-response|nist-sp-800-61r3-containment|mitre-t1046-overview|mitre-t1498-detection,0,0,0,0.0,0,4,0.0,0.0
12727,VULNERABILITYSCAN,BENIGN,0.6767857142857143,LOW_CONFIDENCE,nist-sp-800-61r3-response|nist-sp-800-61r3-containment,0,0,0,0.0,0,2,0.0,0.0
12729,VULNERABILITYSCAN,BENIGN,0.6111111111111112,LOW_CONFIDENCE,nist-sp-800-61r3-response|nist-sp-800-61r3-containment,0,0,0,0.0,0,2,0.0,0.0
12730,VULNERABILITYSCAN,BENIGN,0.6767857142857143,LOW_CONFIDENCE,nist-sp-800-61r3-response|nist-sp-800-61r3-containment,0,0,0,0.0,0,2,0.0,0.0
12734,VULNERABILITYSCAN,BENIGN,0.6767857142857143,LOW_CONFIDENCE,nist-sp-800-61r3-response|nist-sp-800-61r3-containment,0,0,0,0.0,0,2,0.0,0.0
12740,VULNERABILITYSCAN,BENIGN,0.6767857142857143,LOW_CONFIDENCE,nist-sp-800-61r3-response|nist-sp-800-61r3-containment,0,0,0,0.0,0,2,0.0,0.0
12743,VULNERABILITYSCAN,BENIGN,0.6767857142857143,LOW_CONFIDENCE,nist-sp-800-61r3-response|nist-sp-800-61r3-containment,0,0,0,0.0,0,2,0.0,0.0
12746,DNS_SPOOFING,BENIGN,0.5865921787709497,LOW_CONFIDENCE,nist-sp-800-61r3-response|nist-sp-800-61r3-containment,0,0,0,0.0,0,2,0.0,0.0
12748,VULNERABILITYSCAN,BENIGN,0.6881188118811881,LOW_CONFIDENCE,nist-sp-800-61r3-response|nist-sp-800-61r3-containment,0,0,0,0.0,0,2,0.0,0.0
12753,VULNERABILITYSCAN,BENIGN,0.6767857142857143,LOW_CONFIDENCE,nist-sp-800-61r3-response|nist-sp-800-61r3-containment,0,0,0,0.0,0,2,0.0,0.0
12756,VULNERABILITYSCAN,BENIGN,0.5260663507109006,LOW_CONFIDENCE,nist-sp-800-61r3-response|nist-sp-800-61r3-containment|mitre-t1046-overview|mitre-t1498-detection,0,1,3,0.3333333333333333,1,4,0.25,0.25
12757,VULNERABILITYSCAN,BENIGN,0.6767857142857143,LOW_CONFIDENCE,nist-sp-800-61r3-response|nist-sp-800-61r3-containment,0,0,0,0.0,0,2,0.0,0.0
12759,VULNERABILITYSCAN,BENIGN,0.5260663507109006,LOW_CONFIDENCE,nist-sp-800-61r3-response|nist-sp-800-61r3-containment|mitre-t1046-overview|mitre-t1498-detection,0,1,3,0.3333333333333333,1,4,0.25,0.25
12761,VULNERABILITYSCAN,BENIGN,0.6767857142857143,LOW_CONFIDENCE,nist-sp-800-61r3-response|nist-sp-800-61r3-containment,0,0,0,0.0,0,2,0.0,0.0
12763,VULNERABILITYSCAN,BENIGN,0.6291360578989004,LOW_CONFIDENCE,nist-sp-800-61r3-response|nist-sp-800-61r3-containment|mitre-t1046-overview|mitre-t1498-detection,0,1,3,0.3333333333333333,1,4,0.25,0.25
12764,VULNERABILITYSCAN,BENIGN,0.6111111111111112,LOW_CONFIDENCE,nist-sp-800-61r3-response|nist-sp-800-61r3-containment,0,0,0,0.0,0,2,0.0,0.0
12765,VULNERABILITYSCAN,BENIGN,0.6767857142857143,LOW_CONFIDENCE,nist-sp-800-61r3-response|nist-sp-800-61r3-containment,0,0,0,0.0,0,2,0.0,0.0
12767,VULNERABILITYSCAN,BENIGN,0.6282051282051282,LOW_CONFIDENCE,nist-sp-800-61r3-response|nist-sp-800-61r3-containment|mitre-t1046-overview|mitre-t1498-detection,0,1,3,0.3333333333333333,1,4,0.25,0.25
12770,VULNERABILITYSCAN,BENIGN,0.5260663507109006,LOW_CONFIDENCE,nist-sp-800-61r3-response|nist-sp-800-61r3-containment,0,0,0,0.0,0,2,0.0,0.0
12775,VULNERABILITYSCAN,BENIGN,0.6548672566371682,LOW_CONFIDENCE,nist-sp-800-61r3-response|nist-sp-800-61r3-containment,0,0,0,0.0,0,2,0.0,0.0
12776,VULNERABILITYSCAN,BENIGN,0.6111111111111112,LOW_CONFIDENCE,nist-sp-800-61r3-response|nist-sp-800-61r3-containment,0,0,0,0.0,0,2,0.0,0.0
12777,VULNERABILITYSCAN,BENIGN,0.6111111111111112,LOW_CONFIDENCE,nist-sp-800-61r3-response|nist-sp-800-61r3-containment,0,0,0,0.0,0,2,0.0,0.0
12780,VULNERABILITYSCAN,BENIGN,0.6767857142857143,LOW_CONFIDENCE,nist-sp-800-61r3-response|nist-sp-800-61r3-containment,0,0,0,0.0,0,2,0.0,0.0
12781,VULNERABILITYSCAN,BENIGN,0.6767857142857143,LOW_CONFIDENCE,nist-sp-800-61r3-response|nist-sp-800-61r3-containment,0,0,0,0.0,0,2,0.0,0.0
12782,VULNERABILITYSCAN,BENIGN,0.6754966887417219,LOW_CONFIDENCE,nist-sp-800-61r3-response|nist-sp-800-61r3-containment,0,0,0,0.0,0,2,0.0,0.0
12786,VULNERABILITYSCAN,BENIGN,0.5821917808219178,LOW_CONFIDENCE,nist-sp-800-61r3-response|nist-sp-800-61r3-containment|mitre-t1046-overview|mitre-t1498-detection,0,1,3,0.3333333333333333,1,4,0.25,0.25
12787,VULNERABILITYSCAN,BENIGN,0.6767857142857143,LOW_CONFIDENCE,nist-sp-800-61r3-response|nist-sp-800-61r3-containment,0,0,0,0.0,0,2,0.0,0.0
12792,VULNERABILITYSCAN,BENIGN,0.6282051282051282,LOW_CONFIDENCE,nist-sp-800-61r3-response|nist-sp-800-61r3-containment,0,0,0,0.0,0,2,0.0,0.0
12796,VULNERABILITYSCAN,BENIGN,0.6767857142857143,LOW_CONFIDENCE,nist-sp-800-61r3-response|nist-sp-800-61r3-containment,0,0,0,0.0,0,2,0.0,0.0
12799,VULNERABILITYSCAN,BENIGN,0.5433962264150943,LOW_CONFIDENCE,nist-sp-800-61r3-response|nist-sp-800-61r3-containment,0,0,0,0.0,0,2,0.0,0.0
12800,VULNERABILITYSCAN,BENIGN,0.5865921787709497,LOW_CONFIDENCE,nist-sp-800-61r3-response|nist-sp-800-61r3-containment,0,0,0,0.0,0,2,0.0,0.0
12801,DNS_SPOOFING,BENIGN,0.625,LOW_CONFIDENCE,nist-sp-800-61r3-response|nist-sp-800-61r3-containment|mitre-t1046-overview|mitre-t1498-detection,0,0,0,0.0,0,4,0.0,0.0
12808,VULNERABILITYSCAN,BENIGN,0.6767857142857143,LOW_CONFIDENCE,nist-sp-800-61r3-response|nist-sp-800-61r3-containment,0,0,0,0.0,0,2,0.0,0.0
12810,VULNERABILITYSCAN,BENIGN,0.5433962264150943,LOW_CONFIDENCE,nist-sp-800-61r3-response|nist-sp-800-61r3-containment,0,0,0,0.0,0,2,0.0,0.0
12811,VULNERABILITYSCAN,BENIGN,0.6111111111111112,LOW_CONFIDENCE,nist-sp-800-61r3-response|nist-sp-800-61r3-containment,0,0,0,0.0,0,2,0.0,0.0
12814,VULNERABILITYSCAN,BENIGN,0.5821917808219178,LOW_CONFIDENCE,nist-sp-800-61r3-response|nist-sp-800-61r3-containment|mitre-t1046-overview|mitre-t1498-detection,0,1,3,0.3333333333333333,1,4,0.25,0.25
12815,VULNERABILITYSCAN,BENIGN,0.6754966887417219,LOW_CONFIDENCE,nist-sp-800-61r3-response|nist-sp-800-61r3-containment,0,0,0,0.0,0,2,0.0,0.0
12820,VULNERABILITYSCAN,BENIGN,0.6754966887417219,LOW_CONFIDENCE,nist-sp-800-61r3-response|nist-sp-800-61r3-containment,0,0,0,0.0,0,2,0.0,0.0
12823,VULNERABILITYSCAN,BENIGN,0.6754966887417219,LOW_CONFIDENCE,nist-sp-800-61r3-response|nist-sp-800-61r3-containment,0,0,0,0.0,0,2,0.0,0.0
12824,VULNERABILITYSCAN,BENIGN,0.6111111111111112,LOW_CONFIDENCE,nist-sp-800-61r3-response|nist-sp-800-61r3-containment,0,0,0,0.0,0,2,0.0,0.0
12827,VULNERABILITYSCAN,BENIGN,0.6767857142857143,LOW_CONFIDENCE,nist-sp-800-61r3-response|nist-sp-800-61r3-containment,0,0,0,0.0,0,2,0.0,0.0
12830,VULNERABILITYSCAN,BENIGN,0.6754966887417219,LOW_CONFIDENCE,nist-sp-800-61r3-response|nist-sp-800-61r3-containment|mitre-t1046-overview|mitre-t1498-detection,0,1,3,0.3333333333333333,1,4,0.25,0.25
12831,VULNERABILITYSCAN,BENIGN,0.6767857142857143,LOW_CONFIDENCE,nist-sp-800-61r3-response|nist-sp-800-61r3-containment|mitre-t1046-overview|mitre-t1498-detection,0,1,3,0.3333333333333333,1,4,0.25,0.25
12835,VULNERABILITYSCAN,BENIGN,0.6767857142857143,LOW_CONFIDENCE,nist-sp-800-61r3-response|nist-sp-800-61r3-containment|mitre-t1046-overview|mitre-t1498-detection,0,1,3,0.3333333333333333,1,4,0.25,0.25
12839,VULNERABILITYSCAN,BENIGN,0.6881188118811881,LOW_CONFIDENCE,nist-sp-800-61r3-response|nist-sp-800-61r3-containment|mitre-t1046-overview|mitre-t1498-detection,0,1,3,0.3333333333333333,1,4,0.25,0.25
12840,VULNERABILITYSCAN,BENIGN,0.5260663507109006,LOW_CONFIDENCE,nist-sp-800-61r3-response|nist-sp-800-61r3-containment|mitre-t1046-overview|mitre-t1498-detection,0,1,3,0.3333333333333333,1,4,0.25,0.25
12842,VULNERABILITYSCAN,BENIGN,0.6767857142857143,LOW_CONFIDENCE,nist-sp-800-61r3-response|nist-sp-800-61r3-containment,0,0,0,0.0,0,2,0.0,0.0
12844,VULNERABILITYSCAN,BENIGN,0.5260663507109006,LOW_CONFIDENCE,nist-sp-800-61r3-response|nist-sp-800-61r3-containment,0,0,0,0.0,0,2,0.0,0.0
12845,VULNERABILITYSCAN,BENIGN,0.6767857142857143,LOW_CONFIDENCE,nist-sp-800-61r3-response|nist-sp-800-61r3-containment,0,0,0,0.0,0,2,0.0,0.0
12848,VULNERABILITYSCAN,BENIGN,0.5433962264150943,LOW_CONFIDENCE,nist-sp-800-61r3-response|nist-sp-800-61r3-containment,0,0,0,0.0,0,2,0.0,0.0
12849,VULNERABILITYSCAN,BENIGN,0.5865921787709497,LOW_CONFIDENCE,nist-sp-800-61r3-response|nist-sp-800-61r3-containment,0,0,0,0.0,0,2,0.0,0.0
12850,VULNERABILITYSCAN,BENIGN,0.5433962264150943,LOW_CONFIDENCE,nist-sp-800-61r3-response|nist-sp-800-61r3-containment,0,0,0,0.0,0,2,0.0,0.0
12860,VULNERABILITYSCAN,BENIGN,0.5865921787709497,LOW_CONFIDENCE,nist-sp-800-61r3-response|nist-sp-800-61r3-containment,0,0,0,0.0,0,2,0.0,0.0
12861,DNS_SPOOFING,BENIGN,0.6881188118811881,LOW_CONFIDENCE,nist-sp-800-61r3-response|nist-sp-800-61r3-containment|mitre-t1046-overview|mitre-t1498-detection,0,0,0,0.0,0,4,0.0,0.0
12863,VULNERABILITYSCAN,BENIGN,0.6282051282051282,LOW_CONFIDENCE,nist-sp-800-61r3-response|nist-sp-800-61r3-containment,0,0,0,0.0,0,2,0.0,0.0
12866,VULNERABILITYSCAN,BENIGN,0.6767857142857143,LOW_CONFIDENCE,nist-sp-800-61r3-response|nist-sp-800-61r3-containment,0,0,0,0.0,0,2,0.0,0.0
12872,VULNERABILITYSCAN,BENIGN,0.6767857142857143,LOW_CONFIDENCE,nist-sp-800-61r3-response|nist-sp-800-61r3-containment,0,0,0,0.0,0,2,0.0,0.0
12875,VULNERABILITYSCAN,BENIGN,0.6111111111111112,LOW_CONFIDENCE,nist-sp-800-61r3-response|nist-sp-800-61r3-containment,0,0,0,0.0,0,2,0.0,0.0
12876,VULNERABILITYSCAN,BENIGN,0.6767857142857143,LOW_CONFIDENCE,nist-sp-800-61r3-response|nist-sp-800-61r3-containment,0,0,0,0.0,0,2,0.0,0.0
12877,VULNERABILITYSCAN,BENIGN,0.5865921787709497,LOW_CONFIDENCE,nist-sp-800-61r3-response|nist-sp-800-61r3-containment,0,0,0,0.0,0,2,0.0,0.0
12880,VULNERABILITYSCAN,BENIGN,0.5433962264150943,LOW_CONFIDENCE,nist-sp-800-61r3-response|nist-sp-800-61r3-containment,0,0,0,0.0,0,2,0.0,0.0
12881,VULNERABILITYSCAN,BENIGN,0.6111111111111112,LOW_CONFIDENCE,nist-sp-800-61r3-response|nist-sp-800-61r3-containment,0,0,0,0.0,0,2,0.0,0.0
12882,VULNERABILITYSCAN,BENIGN,0.5865921787709497,LOW_CONFIDENCE,nist-sp-800-61r3-response|nist-sp-800-61r3-containment,0,0,0,0.0,0,2,0.0,0.0
12886,VULNERABILITYSCAN,BENIGN,0.5821917808219178,LOW_CONFIDENCE,nist-sp-800-61r3-response|nist-sp-800-61r3-containment,0,0,0,0.0,0,2,0.0,0.0
12888,VULNERABILITYSCAN,BENIGN,0.6111111111111112,LOW_CONFIDENCE,nist-sp-800-61r3-response|nist-sp-800-61r3-containment,0,0,0,0.0,0,2,0.0,0.0
12889,VULNERABILITYSCAN,BENIGN,0.6282051282051282,LOW_CONFIDENCE,nist-sp-800-61r3-response|nist-sp-800-61r3-containment|mitre-t1046-overview|mitre-t1498-detection,0,1,3,0.3333333333333333,1,4,0.25,0.25
12890,VULNERABILITYSCAN,BENIGN,0.6881188118811881,LOW_CONFIDENCE,nist-sp-800-61r3-response|nist-sp-800-61r3-containment|mitre-t1046-overview|mitre-t1498-detection,0,1,3,0.3333333333333333,1,4,0.25,0.25
12896,VULNERABILITYSCAN,BENIGN,0.5260663507109006,LOW_CONFIDENCE,nist-sp-800-61r3-response|nist-sp-800-61r3-containment|mitre-t1046-overview|mitre-t1498-detection,0,1,3,0.3333333333333333,1,4,0.25,0.25
12900,VULNERABILITYSCAN,BENIGN,0.6754966887417219,LOW_CONFIDENCE,nist-sp-800-61r3-response|nist-sp-800-61r3-containment|mitre-t1046-overview|mitre-t1498-detection,0,1,3,0.3333333333333333,1,4,0.25,0.25
12902,VULNERABILITYSCAN,BENIGN,0.5289501625888958,LOW_CONFIDENCE,nist-sp-800-61r3-response|nist-sp-800-61r3-containment,0,0,0,0.0,0,2,0.0,0.0
12904,VULNERABILITYSCAN,BENIGN,0.6111111111111112,LOW_CONFIDENCE,nist-sp-800-61r3-response|nist-sp-800-61r3-containment|mitre-t1046-overview|mitre-t1498-detection,0,1,3,0.3333333333333333,1,4,0.25,0.25
12908,VULNERABILITYSCAN,BENIGN,0.6282051282051282,LOW_CONFIDENCE,nist-sp-800-61r3-response|nist-sp-800-61r3-containment,0,0,0,0.0,0,2,0.0,0.0
12909,VULNERABILITYSCAN,BENIGN,0.6111111111111112,LOW_CONFIDENCE,nist-sp-800-61r3-response|nist-sp-800-61r3-containment,0,0,0,0.0,0,2,0.0,0.0
12912,VULNERABILITYSCAN,BENIGN,0.6767857142857143,LOW_CONFIDENCE,nist-sp-800-61r3-response|nist-sp-800-61r3-containment,0,0,0,0.0,0,2,0.0,0.0
12918,VULNERABILITYSCAN,BENIGN,0.6548672566371682,LOW_CONFIDENCE,nist-sp-800-61r3-response|nist-sp-800-61r3-containment,0,0,0,0.0,0,2,0.0,0.0
12920,VULNERABILITYSCAN,BENIGN,0.5433962264150943,LOW_CONFIDENCE,nist-sp-800-61r3-response|nist-sp-800-61r3-containment|mitre-t1046-overview|mitre-t1498-detection,0,1,3,0.3333333333333333,1,4,0.25,0.25
12921,VULNERABILITYSCAN,BENIGN,0.6881188118811881,LOW_CONFIDENCE,nist-sp-800-61r3-response|nist-sp-800-61r3-containment,0,0,0,0.0,0,2,0.0,0.0
12922,VULNERABILITYSCAN,BENIGN,0.6548672566371682,LOW_CONFIDENCE,nist-sp-800-61r3-response|nist-sp-800-61r3-containment,0,0,0,0.0,0,2,0.0,0.0
12923,VULNERABILITYSCAN,BENIGN,0.625,LOW_CONFIDENCE,nist-sp-800-61r3-response|nist-sp-800-61r3-containment,0,0,0,0.0,0,2,0.0,0.0
12924,VULNERABILITYSCAN,BENIGN,0.625,LOW_CONFIDENCE,nist-sp-800-61r3-response|nist-sp-800-61r3-containment,0,0,0,0.0,0,2,0.0,0.0
12928,VULNERABILITYSCAN,BENIGN,0.6548672566371682,LOW_CONFIDENCE,nist-sp-800-61r3-response|nist-sp-800-61r3-containment,0,0,0,0.0,0,2,0.0,0.0
12930,VULNERABILITYSCAN,BENIGN,0.5433962264150943,LOW_CONFIDENCE,nist-sp-800-61r3-response|nist-sp-800-61r3-containment,0,0,0,0.0,0,2,0.0,0.0
12932,VULNERABILITYSCAN,BENIGN,0.5433962264150943,LOW_CONFIDENCE,nist-sp-800-61r3-response|nist-sp-800-61r3-containment,0,0,0,0.0,0,2,0.0,0.0
12933,VULNERABILITYSCAN,BENIGN,0.5433962264150943,LOW_CONFIDENCE,nist-sp-800-61r3-response|nist-sp-800-61r3-containment|mitre-t1046-overview|mitre-t1498-detection,0,1,3,0.3333333333333333,1,4,0.25,0.25
12934,VULNERABILITYSCAN,BENIGN,0.6111111111111112,LOW_CONFIDENCE,nist-sp-800-61r3-response|nist-sp-800-61r3-containment,0,0,0,0.0,0,2,0.0,0.0
12938,VULNERABILITYSCAN,BENIGN,0.6767857142857143,LOW_CONFIDENCE,nist-sp-800-61r3-response|nist-sp-800-61r3-containment,0,0,0,0.0,0,2,0.0,0.0
12941,VULNERABILITYSCAN,BENIGN,0.5821917808219178,LOW_CONFIDENCE,nist-sp-800-61r3-response|nist-sp-800-61r3-containment,0,0,0,0.0,0,2,0.0,0.0
12944,VULNERABILITYSCAN,BENIGN,0.6767857142857143,LOW_CONFIDENCE,nist-sp-800-61r3-response|nist-sp-800-61r3-containment,0,0,0,0.0,0,2,0.0,0.0
12946,VULNERABILITYSCAN,BENIGN,0.6767857142857143,LOW_CONFIDENCE,nist-sp-800-61r3-response|nist-sp-800-61r3-containment,0,0,0,0.0,0,2,0.0,0.0
12947,VULNERABILITYSCAN,BENIGN,0.6754966887417219,LOW_CONFIDENCE,nist-sp-800-61r3-response|nist-sp-800-61r3-containment,0,0,0,0.0,0,2,0.0,0.0
12951,VULNERABILITYSCAN,BENIGN,0.6767857142857143,LOW_CONFIDENCE,nist-sp-800-61r3-response|nist-sp-800-61r3-containment,0,0,0,0.0,0,2,0.0,0.0
12953,VULNERABILITYSCAN,BENIGN,0.5433962264150943,LOW_CONFIDENCE,nist-sp-800-61r3-response|nist-sp-800-61r3-containment|mitre-t1046-overview|mitre-t1498-detection,0,1,3,0.3333333333333333,1,4,0.25,0.25
12955,VULNERABILITYSCAN,BENIGN,0.625,LOW_CONFIDENCE,nist-sp-800-61r3-response|nist-sp-800-61r3-containment,0,0,0,0.0,0,2,0.0,0.0
12956,VULNERABILITYSCAN,BENIGN,0.5821917808219178,LOW_CONFIDENCE,nist-sp-800-61r3-response|nist-sp-800-61r3-containment,0,0,0,0.0,0,2,0.0,0.0
12957,VULNERABILITYSCAN,BENIGN,0.6767857142857143,LOW_CONFIDENCE,nist-sp-800-61r3-response|nist-sp-800-61r3-containment,0,0,0,0.0,0,2,0.0,0.0
12961,VULNERABILITYSCAN,BENIGN,0.6111111111111112,LOW_CONFIDENCE,nist-sp-800-61r3-response|nist-sp-800-61r3-containment|mitre-t1046-overview|mitre-t1498-detection,0,1,3,0.3333333333333333,1,4,0.25,0.25
12964,VULNERABILITYSCAN,BENIGN,0.6111111111111112,LOW_CONFIDENCE,nist-sp-800-61r3-response|nist-sp-800-61r3-containment,0,0,0,0.0,0,2,0.0,0.0
12966,VULNERABILITYSCAN,BENIGN,0.5821917808219178,LOW_CONFIDENCE,nist-sp-800-61r3-response|nist-sp-800-61r3-containment|mitre-t1046-overview|mitre-t1498-detection,0,1,3,0.3333333333333333,1,4,0.25,0.25
12973,DNS_SPOOFING,BENIGN,0.6767857142857143,LOW_CONFIDENCE,nist-sp-800-61r3-response|nist-sp-800-61r3-containment,0,0,0,0.0,0,2,0.0,0.0
12974,VULNERABILITYSCAN,BENIGN,0.6402646260766433,LOW_CONFIDENCE,nist-sp-800-61r3-response|nist-sp-800-61r3-containment,0,0,0,0.0,0,2,0.0,0.0
12976,VULNERABILITYSCAN,BENIGN,0.5433962264150943,LOW_CONFIDENCE,nist-sp-800-61r3-response|nist-sp-800-61r3-containment,0,0,0,0.0,0,2,0.0,0.0
12979,VULNERABILITYSCAN,BENIGN,0.6754966887417219,LOW_CONFIDENCE,nist-sp-800-61r3-response|nist-sp-800-61r3-containment,0,0,0,0.0,0,2,0.0,0.0
12980,VULNERABILITYSCAN,BENIGN,0.6111111111111112,LOW_CONFIDENCE,nist-sp-800-61r3-response|nist-sp-800-61r3-containment,0,0,0,0.0,0,2,0.0,0.0
12983,VULNERABILITYSCAN,BENIGN,0.6881188118811881,LOW_CONFIDENCE,nist-sp-800-61r3-response|nist-sp-800-61r3-containment,0,0,0,0.0,0,2,0.0,0.0
12984,VULNERABILITYSCAN,BENIGN,0.6767857142857143,LOW_CONFIDENCE,nist-sp-800-61r3-response|nist-sp-800-61r3-containment,0,0,0,0.0,0,2,0.0,0.0
12987,VULNERABILITYSCAN,BENIGN,0.5821917808219178,LOW_CONFIDENCE,nist-sp-800-61r3-response|nist-sp-800-61r3-containment|mitre-t1046-overview|mitre-t1498-detection,0,1,3,0.3333333333333333,1,4,0.25,0.25
12994,VULNERABILITYSCAN,BENIGN,0.5865921787709497,LOW_CONFIDENCE,nist-sp-800-61r3-response|nist-sp-800-61r3-containment,0,0,0,0.0,0,2,0.0,0.0
12995,VULNERABILITYSCAN,BENIGN,0.5433962264150943,LOW_CONFIDENCE,nist-sp-800-61r3-response|nist-sp-800-61r3-containment|mitre-t1046-overview|mitre-t1498-detection,0,1,3,0.3333333333333333,1,4,0.25,0.25
12997,VULNERABILITYSCAN,BENIGN,0.6767857142857143,LOW_CONFIDENCE,nist-sp-800-61r3-response|nist-sp-800-61r3-containment,0,0,0,0.0,0,2,0.0,0.0
13000,VULNERABILITYSCAN,BENIGN,0.5433962264150943,LOW_CONFIDENCE,nist-sp-800-61r3-response|nist-sp-800-61r3-containment,0,0,0,0.0,0,2,0.0,0.0
13001,VULNERABILITYSCAN,BENIGN,0.6767857142857143,LOW_CONFIDENCE,nist-sp-800-61r3-response|nist-sp-800-61r3-containment,0,0,0,0.0,0,2,0.0,0.0
13008,VULNERABILITYSCAN,BENIGN,0.5260663507109006,LOW_CONFIDENCE,nist-sp-800-61r3-response|nist-sp-800-61r3-containment,0,0,0,0.0,0,2,0.0,0.0
13010,VULNERABILITYSCAN,BENIGN,0.5260663507109006,LOW_CONFIDENCE,nist-sp-800-61r3-response|nist-sp-800-61r3-containment,0,0,0,0.0,0,2,0.0,0.0
13011,VULNERABILITYSCAN,BENIGN,0.5260663507109006,LOW_CONFIDENCE,nist-sp-800-61r3-response|nist-sp-800-61r3-containment,0,0,0,0.0,0,2,0.0,0.0
13012,VULNERABILITYSCAN,BENIGN,0.5260663507109006,LOW_CONFIDENCE,nist-sp-800-61r3-response|nist-sp-800-61r3-containment,0,0,0,0.0,0,2,0.0,0.0
13015,VULNERABILITYSCAN,BENIGN,0.6111111111111112,LOW_CONFIDENCE,nist-sp-800-61r3-response|mitre-t1557-001-indicators|nist-sp-800-61r3-containment,0,0,0,0.0,0,3,0.0,0.0
13016,VULNERABILITYSCAN,BENIGN,0.6767857142857143,LOW_CONFIDENCE,nist-sp-800-61r3-response|nist-sp-800-61r3-containment,0,0,0,0.0,0,2,0.0,0.0
13018,VULNERABILITYSCAN,BENIGN,0.6881188118811881,LOW_CONFIDENCE,nist-sp-800-61r3-response|nist-sp-800-61r3-containment,0,0,0,0.0,0,2,0.0,0.0
13019,VULNERABILITYSCAN,BENIGN,0.6666666666666667,LOW_CONFIDENCE,nist-sp-800-61r3-response|nist-sp-800-61r3-containment,0,0,0,0.0,0,2,0.0,0.0
13020,VULNERABILITYSCAN,BENIGN,0.5433962264150943,LOW_CONFIDENCE,nist-sp-800-61r3-response|nist-sp-800-61r3-containment,0,0,0,0.0,0,2,0.0,0.0
13024,VULNERABILITYSCAN,BENIGN,0.6881188118811881,LOW_CONFIDENCE,nist-sp-800-61r3-response|nist-sp-800-61r3-containment,0,0,0,0.0,0,2,0.0,0.0
13026,VULNERABILITYSCAN,BENIGN,0.6111111111111112,LOW_CONFIDENCE,nist-sp-800-61r3-response|nist-sp-800-61r3-containment,0,0,0,0.0,0,2,0.0,0.0
13029,VULNERABILITYSCAN,BENIGN,0.5433962264150943,LOW_CONFIDENCE,nist-sp-800-61r3-response|nist-sp-800-61r3-containment,0,0,0,0.0,0,2,0.0,0.0
13035,VULNERABILITYSCAN,BENIGN,0.6548672566371682,LOW_CONFIDENCE,nist-sp-800-61r3-response|nist-sp-800-61r3-containment,0,0,0,0.0,0,2,0.0,0.0
13036,VULNERABILITYSCAN,BENIGN,0.6767857142857143,LOW_CONFIDENCE,nist-sp-800-61r3-response|nist-sp-800-61r3-containment,0,0,0,0.0,0,2,0.0,0.0
13041,VULNERABILITYSCAN,BENIGN,0.5865921787709497,LOW_CONFIDENCE,nist-sp-800-61r3-response|mitre-t1557-001-indicators|nist-sp-800-61r3-containment,0,0,0,0.0,0,3,0.0,0.0
13043,VULNERABILITYSCAN,BENIGN,0.6767857142857143,LOW_CONFIDENCE,nist-sp-800-61r3-response|nist-sp-800-61r3-containment,0,0,0,0.0,0,2,0.0,0.0
13045,VULNERABILITYSCAN,BENIGN,0.6767857142857143,LOW_CONFIDENCE,nist-sp-800-61r3-response|nist-sp-800-61r3-containment,0,0,0,0.0,0,2,0.0,0.0
13046,VULNERABILITYSCAN,BENIGN,0.5260663507109006,LOW_CONFIDENCE,nist-sp-800-61r3-response|nist-sp-800-61r3-containment,0,0,0,0.0,0,2,0.0,0.0
13053,VULNERABILITYSCAN,BENIGN,0.5433962264150943,LOW_CONFIDENCE,nist-sp-800-61r3-response|nist-sp-800-61r3-containment,0,0,0,0.0,0,2,0.0,0.0
13055,VULNERABILITYSCAN,BENIGN,0.6548672566371682,LOW_CONFIDENCE,nist-sp-800-61r3-response|nist-sp-800-61r3-containment,0,0,0,0.0,0,2,0.0,0.0
13064,VULNERABILITYSCAN,BENIGN,0.6754966887417219,LOW_CONFIDENCE,nist-sp-800-61r3-response|nist-sp-800-61r3-containment,0,0,0,0.0,0,2,0.0,0.0
13070,VULNERABILITYSCAN,BENIGN,0.6767857142857143,LOW_CONFIDENCE,nist-sp-800-61r3-response|nist-sp-800-61r3-containment,0,0,0,0.0,0,2,0.0,0.0
13074,VULNERABILITYSCAN,BENIGN,0.6767857142857143,LOW_CONFIDENCE,nist-sp-800-61r3-response|nist-sp-800-61r3-containment,0,0,0,0.0,0,2,0.0,0.0
13076,VULNERABILITYSCAN,BENIGN,0.5260663507109006,LOW_CONFIDENCE,nist-sp-800-61r3-response|nist-sp-800-61r3-containment|mitre-t1046-overview|mitre-t1498-detection,0,1,3,0.3333333333333333,1,4,0.25,0.25
13093,VULNERABILITYSCAN,BENIGN,0.6767857142857143,LOW_CONFIDENCE,nist-sp-800-61r3-response|nist-sp-800-61r3-containment,0,0,0,0.0,0,2,0.0,0.0
13098,VULNERABILITYSCAN,BENIGN,0.5433962264150943,LOW_CONFIDENCE,nist-sp-800-61r3-response|nist-sp-800-61r3-containment,0,0,0,0.0,0,2,0.0,0.0
13101,DNS_SPOOFING,BENIGN,0.6767857142857143,LOW_CONFIDENCE,nist-sp-800-61r3-response|nist-sp-800-61r3-containment,0,0,0,0.0,0,2,0.0,0.0
13103,VULNERABILITYSCAN,BENIGN,0.6521739130434783,LOW_CONFIDENCE,nist-sp-800-61r3-response|nist-sp-800-61r3-containment,0,0,0,0.0,0,2,0.0,0.0
13105,VULNERABILITYSCAN,BENIGN,0.6767857142857143,LOW_CONFIDENCE,nist-sp-800-61r3-response|nist-sp-800-61r3-containment,0,0,0,0.0,0,2,0.0,0.0
13107,VULNERABILITYSCAN,BENIGN,0.6767857142857143,LOW_CONFIDENCE,nist-sp-800-61r3-response|nist-sp-800-61r3-containment,0,0,0,0.0,0,2,0.0,0.0
13109,VULNERABILITYSCAN,BENIGN,0.6282051282051282,LOW_CONFIDENCE,nist-sp-800-61r3-response|nist-sp-800-61r3-containment,0,0,0,0.0,0,2,0.0,0.0
13110,VULNERABILITYSCAN,BENIGN,0.6548672566371682,LOW_CONFIDENCE,nist-sp-800-61r3-response|nist-sp-800-61r3-containment,0,0,0,0.0,0,2,0.0,0.0
13113,VULNERABILITYSCAN,BENIGN,0.6767857142857143,LOW_CONFIDENCE,nist-sp-800-61r3-response|nist-sp-800-61r3-containment,0,0,0,0.0,0,2,0.0,0.0
13116,VULNERABILITYSCAN,BENIGN,0.6111111111111112,LOW_CONFIDENCE,nist-sp-800-61r3-response|nist-sp-800-61r3-containment,0,0,0,0.0,0,2,0.0,0.0
13117,VULNERABILITYSCAN,BENIGN,0.6754966887417219,LOW_CONFIDENCE,nist-sp-800-61r3-response|nist-sp-800-61r3-containment|mitre-t1046-overview|mitre-t1498-detection,0,1,3,0.3333333333333333,1,4,0.25,0.25
13119,VULNERABILITYSCAN,BENIGN,0.5865921787709497,LOW_CONFIDENCE,nist-sp-800-61r3-response|nist-sp-800-61r3-containment,0,0,0,0.0,0,2,0.0,0.0
13122,VULNERABILITYSCAN,BENIGN,0.5433962264150943,LOW_CONFIDENCE,nist-sp-800-61r3-response|nist-sp-800-61r3-containment,0,0,0,0.0,0,2,0.0,0.0
13123,VULNERABILITYSCAN,BENIGN,0.6548672566371682,LOW_CONFIDENCE,nist-sp-800-61r3-response|nist-sp-800-61r3-containment,0,0,0,0.0,0,2,0.0,0.0
13130,VULNERABILITYSCAN,BENIGN,0.6548672566371682,LOW_CONFIDENCE,nist-sp-800-61r3-response|nist-sp-800-61r3-containment|mitre-t1046-overview|mitre-t1498-detection,0,1,3,0.3333333333333333,1,4,0.25,0.25
13132,VULNERABILITYSCAN,BENIGN,0.6111111111111112,LOW_CONFIDENCE,nist-sp-800-61r3-response|nist-sp-800-61r3-containment,0,0,0,0.0,0,2,0.0,0.0
13133,VULNERABILITYSCAN,BENIGN,0.6881188118811881,LOW_CONFIDENCE,nist-sp-800-61r3-response|nist-sp-800-61r3-containment,0,0,0,0.0,0,2,0.0,0.0
13134,VULNERABILITYSCAN,BENIGN,0.6548672566371682,LOW_CONFIDENCE,nist-sp-800-61r3-response|nist-sp-800-61r3-containment|mitre-t1046-overview|mitre-t1498-detection,0,1,3,0.3333333333333333,1,4,0.25,0.25
13135,VULNERABILITYSCAN,BENIGN,0.5260663507109006,LOW_CONFIDENCE,nist-sp-800-61r3-response|nist-sp-800-61r3-containment|mitre-t1046-overview|mitre-t1498-detection,0,1,3,0.3333333333333333,1,4,0.25,0.25
13144,VULNERABILITYSCAN,BENIGN,0.6767857142857143,LOW_CONFIDENCE,nist-sp-800-61r3-response|nist-sp-800-61r3-containment,0,0,0,0.0,0,2,0.0,0.0
13148,VULNERABILITYSCAN,BENIGN,0.6111111111111112,LOW_CONFIDENCE,nist-sp-800-61r3-response|nist-sp-800-61r3-containment,0,0,0,0.0,0,2,0.0,0.0
13150,VULNERABILITYSCAN,BENIGN,0.6881188118811881,LOW_CONFIDENCE,nist-sp-800-61r3-response|nist-sp-800-61r3-containment,0,0,0,0.0,0,2,0.0,0.0
13152,VULNERABILITYSCAN,BENIGN,0.5260663507109006,LOW_CONFIDENCE,nist-sp-800-61r3-response|nist-sp-800-61r3-containment,0,0,0,0.0,0,2,0.0,0.0
13154,VULNERABILITYSCAN,BENIGN,0.5821917808219178,LOW_CONFIDENCE,nist-sp-800-61r3-response|nist-sp-800-61r3-containment|mitre-t1046-overview|mitre-t1498-detection,0,1,3,0.3333333333333333,1,4,0.25,0.25
13155,VULNERABILITYSCAN,BENIGN,0.5433962264150943,LOW_CONFIDENCE,nist-sp-800-61r3-response|nist-sp-800-61r3-containment,0,0,0,0.0,0,2,0.0,0.0
13158,VULNERABILITYSCAN,BENIGN,0.6282051282051282,LOW_CONFIDENCE,nist-sp-800-61r3-response|nist-sp-800-61r3-containment|mitre-t1046-overview|mitre-t1498-detection,0,1,3,0.3333333333333333,1,4,0.25,0.25
13159,VULNERABILITYSCAN,BENIGN,0.6767857142857143,LOW_CONFIDENCE,nist-sp-800-61r3-response|nist-sp-800-61r3-containment|mitre-t1046-overview|mitre-t1498-detection,0,1,3,0.3333333333333333,1,4,0.25,0.25
13160,VULNERABILITYSCAN,BENIGN,0.5433962264150943,LOW_CONFIDENCE,nist-sp-800-61r3-response|nist-sp-800-61r3-containment|mitre-t1046-overview|mitre-t1498-detection,0,1,3,0.3333333333333333,1,4,0.25,0.25
13162,VULNERABILITYSCAN,BENIGN,0.6111111111111112,LOW_CONFIDENCE,nist-sp-800-61r3-response|nist-sp-800-61r3-containment,0,0,0,0.0,0,2,0.0,0.0
13164,VULNERABILITYSCAN,BENIGN,0.6767857142857143,LOW_CONFIDENCE,nist-sp-800-61r3-response|nist-sp-800-61r3-containment,0,0,0,0.0,0,2,0.0,0.0
13166,VULNERABILITYSCAN,BENIGN,0.6548672566371682,LOW_CONFIDENCE,nist-sp-800-61r3-response|nist-sp-800-61r3-containment,0,0,0,0.0,0,2,0.0,0.0
13170,VULNERABILITYSCAN,BENIGN,0.6881188118811881,LOW_CONFIDENCE,nist-sp-800-61r3-response|nist-sp-800-61r3-containment,0,0,0,0.0,0,2,0.0,0.0
13171,VULNERABILITYSCAN,BENIGN,0.5433962264150943,LOW_CONFIDENCE,nist-sp-800-61r3-response|nist-sp-800-61r3-containment,0,0,0,0.0,0,2,0.0,0.0
13172,VULNERABILITYSCAN,BENIGN,0.6767857142857143,LOW_CONFIDENCE,nist-sp-800-61r3-response|nist-sp-800-61r3-containment|mitre-t1046-overview|mitre-t1498-detection,0,1,3,0.3333333333333333,1,4,0.25,0.25
13177,VULNERABILITYSCAN,BENIGN,0.6767857142857143,LOW_CONFIDENCE,nist-sp-800-61r3-response|nist-sp-800-61r3-containment,0,0,0,0.0,0,2,0.0,0.0
13178,VULNERABILITYSCAN,BENIGN,0.6767857142857143,LOW_CONFIDENCE,nist-sp-800-61r3-response|nist-sp-800-61r3-containment,0,0,0,0.0,0,2,0.0,0.0
13183,VULNERABILITYSCAN,BENIGN,0.5433962264150943,LOW_CONFIDENCE,nist-sp-800-61r3-response|nist-sp-800-61r3-containment,0,0,0,0.0,0,2,0.0,0.0
13189,VULNERABILITYSCAN,BENIGN,0.5260663507109006,LOW_CONFIDENCE,nist-sp-800-61r3-response|nist-sp-800-61r3-containment,0,0,0,0.0,0,2,0.0,0.0
13191,VULNERABILITYSCAN,BENIGN,0.5433962264150943,LOW_CONFIDENCE,nist-sp-800-61r3-response|nist-sp-800-61r3-containment,0,0,0,0.0,0,2,0.0,0.0
13193,VULNERABILITYSCAN,BENIGN,0.6767857142857143,LOW_CONFIDENCE,nist-sp-800-61r3-response|nist-sp-800-61r3-containment,0,0,0,0.0,0,2,0.0,0.0
13195,VULNERABILITYSCAN,BENIGN,0.5260663507109006,LOW_CONFIDENCE,nist-sp-800-61r3-response|nist-sp-800-61r3-containment|mitre-t1046-overview|mitre-t1498-detection,0,1,3,0.3333333333333333,1,4,0.25,0.25
13200,VULNERABILITYSCAN,BENIGN,0.5433962264150943,LOW_CONFIDENCE,nist-sp-800-61r3-response|nist-sp-800-61r3-containment,0,0,0,0.0,0,2,0.0,0.0
13201,DNS_SPOOFING,BENIGN,0.6282051282051282,LOW_CONFIDENCE,nist-sp-800-61r3-response|nist-sp-800-61r3-containment|mitre-t1046-overview|mitre-t1498-detection,0,0,0,0.0,0,4,0.0,0.0
13202,VULNERABILITYSCAN,BENIGN,0.6548672566371682,LOW_CONFIDENCE,nist-sp-800-61r3-response|nist-sp-800-61r3-containment,0,0,0,0.0,0,2,0.0,0.0
13205,VULNERABILITYSCAN,BENIGN,0.6111111111111112,LOW_CONFIDENCE,nist-sp-800-61r3-response|nist-sp-800-61r3-containment,0,0,0,0.0,0,2,0.0,0.0
13206,VULNERABILITYSCAN,BENIGN,0.5260663507109006,LOW_CONFIDENCE,nist-sp-800-61r3-response|nist-sp-800-61r3-containment|mitre-t1046-overview|mitre-t1498-detection,0,1,3,0.3333333333333333,1,4,0.25,0.25
13209,VULNERABILITYSCAN,BENIGN,0.5821917808219178,LOW_CONFIDENCE,nist-sp-800-61r3-response|nist-sp-800-61r3-containment|mitre-t1046-overview|mitre-t1498-detection,0,1,3,0.3333333333333333,1,4,0.25,0.25
13212,VULNERABILITYSCAN,BENIGN,0.6111111111111112,LOW_CONFIDENCE,nist-sp-800-61r3-response|nist-sp-800-61r3-containment|mitre-t1046-overview|mitre-t1498-detection,0,1,3,0.3333333333333333,1,4,0.25,0.25
13218,VULNERABILITYSCAN,BENIGN,0.6282051282051282,LOW_CONFIDENCE,nist-sp-800-61r3-response|nist-sp-800-61r3-containment,0,0,0,0.0,0,2,0.0,0.0
13225,VULNERABILITYSCAN,BENIGN,0.5865921787709497,LOW_CONFIDENCE,nist-sp-800-61r3-response|nist-sp-800-61r3-containment,0,0,0,0.0,0,2,0.0,0.0
13228,VULNERABILITYSCAN,BENIGN,0.5433962264150943,LOW_CONFIDENCE,nist-sp-800-61r3-response|nist-sp-800-61r3-containment,0,0,0,0.0,0,2,0.0,0.0
13229,VULNERABILITYSCAN,BENIGN,0.6767857142857143,LOW_CONFIDENCE,nist-sp-800-61r3-response|nist-sp-800-61r3-containment,0,0,0,0.0,0,2,0.0,0.0
13231,VULNERABILITYSCAN,BENIGN,0.6548672566371682,LOW_CONFIDENCE,nist-sp-800-61r3-response|nist-sp-800-61r3-containment,0,0,0,0.0,0,2,0.0,0.0
13232,DNS_SPOOFING,BENIGN,0.6754966887417219,LOW_CONFIDENCE,nist-sp-800-61r3-response|nist-sp-800-61r3-containment|mitre-t1046-overview|mitre-t1498-detection,0,0,0,0.0,0,4,0.0,0.0
13238,VULNERABILITYSCAN,BENIGN,0.6548672566371682,LOW_CONFIDENCE,nist-sp-800-61r3-response|nist-sp-800-61r3-containment,0,0,0,0.0,0,2,0.0,0.0
13241,VULNERABILITYSCAN,BENIGN,0.6767857142857143,LOW_CONFIDENCE,nist-sp-800-61r3-response|nist-sp-800-61r3-containment,0,0,0,0.0,0,2,0.0,0.0
13251,VULNERABILITYSCAN,BENIGN,0.5821917808219178,LOW_CONFIDENCE,nist-sp-800-61r3-response|nist-sp-800-61r3-containment,0,0,0,0.0,0,2,0.0,0.0
13252,VULNERABILITYSCAN,BENIGN,0.5433962264150943,LOW_CONFIDENCE,nist-sp-800-61r3-response|nist-sp-800-61r3-containment,0,0,0,0.0,0,2,0.0,0.0
13254,VULNERABILITYSCAN,BENIGN,0.6111111111111112,LOW_CONFIDENCE,nist-sp-800-61r3-response|nist-sp-800-61r3-containment,0,0,0,0.0,0,2,0.0,0.0
13257,VULNERABILITYSCAN,BENIGN,0.5260663507109006,LOW_CONFIDENCE,nist-sp-800-61r3-response|nist-sp-800-61r3-containment,0,0,0,0.0,0,2,0.0,0.0
13259,VULNERABILITYSCAN,BENIGN,0.5260663507109006,LOW_CONFIDENCE,nist-sp-800-61r3-response|nist-sp-800-61r3-containment|mitre-t1046-overview|mitre-t1498-detection,0,1,3,0.3333333333333333,1,4,0.25,0.25
13266,VULNERABILITYSCAN,BENIGN,0.6767857142857143,LOW_CONFIDENCE,nist-sp-800-61r3-response|nist-sp-800-61r3-containment,0,0,0,0.0,0,2,0.0,0.0
13269,VULNERABILITYSCAN,BENIGN,0.6111111111111112,LOW_CONFIDENCE,nist-sp-800-61r3-response|nist-sp-800-61r3-containment,0,0,0,0.0,0,2,0.0,0.0
13271,VULNERABILITYSCAN,BENIGN,0.6767857142857143,LOW_CONFIDENCE,nist-sp-800-61r3-response|nist-sp-800-61r3-containment|mitre-t1046-overview|mitre-t1498-detection,0,1,3,0.3333333333333333,1,4,0.25,0.25
13272,VULNERABILITYSCAN,BENIGN,0.6767857142857143,LOW_CONFIDENCE,nist-sp-800-61r3-response|nist-sp-800-61r3-containment,0,0,0,0.0,0,2,0.0,0.0
13275,VULNERABILITYSCAN,BENIGN,0.6111111111111112,LOW_CONFIDENCE,nist-sp-800-61r3-response|nist-sp-800-61r3-containment|mitre-t1046-overview|mitre-t1498-detection,0,1,3,0.3333333333333333,1,4,0.25,0.25
13276,VULNERABILITYSCAN,BENIGN,0.5260663507109006,LOW_CONFIDENCE,nist-sp-800-61r3-response|nist-sp-800-61r3-containment,0,0,0,0.0,0,2,0.0,0.0
13278,VULNERABILITYSCAN,BENIGN,0.6767857142857143,LOW_CONFIDENCE,nist-sp-800-61r3-response|nist-sp-800-61r3-containment,0,0,0,0.0,0,2,0.0,0.0
13280,VULNERABILITYSCAN,BENIGN,0.5865921787709497,LOW_CONFIDENCE,nist-sp-800-61r3-response|nist-sp-800-61r3-containment,0,0,0,0.0,0,2,0.0,0.0
13281,VULNERABILITYSCAN,BENIGN,0.5821917808219178,LOW_CONFIDENCE,nist-sp-800-61r3-response|nist-sp-800-61r3-containment,0,0,0,0.0,0,2,0.0,0.0
13282,VULNERABILITYSCAN,BENIGN,0.6548672566371682,LOW_CONFIDENCE,nist-sp-800-61r3-response|nist-sp-800-61r3-containment|mitre-t1046-overview|mitre-t1498-detection,0,1,3,0.3333333333333333,1,4,0.25,0.25
13285,VULNERABILITYSCAN,BENIGN,0.5433962264150943,LOW_CONFIDENCE,nist-sp-800-61r3-response|nist-sp-800-61r3-containment|mitre-t1046-overview|mitre-t1498-detection,0,1,3,0.3333333333333333,1,4,0.25,0.25
13286,VULNERABILITYSCAN,BENIGN,0.5260663507109006,LOW_CONFIDENCE,nist-sp-800-61r3-response|nist-sp-800-61r3-containment,0,0,0,0.0,0,2,0.0,0.0
13289,VULNERABILITYSCAN,BENIGN,0.6767857142857143,LOW_CONFIDENCE,nist-sp-800-61r3-response|nist-sp-800-61r3-containment|mitre-t1046-overview|mitre-t1498-detection,0,1,3,0.3333333333333333,1,4,0.25,0.25
13293,VULNERABILITYSCAN,BENIGN,0.6548672566371682,LOW_CONFIDENCE,nist-sp-800-61r3-response|nist-sp-800-61r3-containment,0,0,0,0.0,0,2,0.0,0.0
13297,DNS_SPOOFING,BENIGN,0.6767857142857143,LOW_CONFIDENCE,nist-sp-800-61r3-response|nist-sp-800-61r3-containment|mitre-t1046-overview|mitre-t1498-detection,0,0,0,0.0,0,4,0.0,0.0
13301,VULNERABILITYSCAN,BENIGN,0.5260663507109006,LOW_CONFIDENCE,nist-sp-800-61r3-response|nist-sp-800-61r3-containment,0,0,0,0.0,0,2,0.0,0.0
13302,VULNERABILITYSCAN,BENIGN,0.6282051282051282,LOW_CONFIDENCE,nist-sp-800-61r3-response|nist-sp-800-61r3-containment,0,0,0,0.0,0,2,0.0,0.0
13304,VULNERABILITYSCAN,BENIGN,0.6767857142857143,LOW_CONFIDENCE,nist-sp-800-61r3-response|nist-sp-800-61r3-containment,0,0,0,0.0,0,2,0.0,0.0
13305,VULNERABILITYSCAN,BENIGN,0.6754966887417219,LOW_CONFIDENCE,nist-sp-800-61r3-response|nist-sp-800-61r3-containment,0,0,0,0.0,0,2,0.0,0.0
13307,VULNERABILITYSCAN,BENIGN,0.6548672566371682,LOW_CONFIDENCE,nist-sp-800-61r3-response|nist-sp-800-61r3-containment,0,0,0,0.0,0,2,0.0,0.0
13309,VULNERABILITYSCAN,BENIGN,0.5433962264150943,LOW_CONFIDENCE,nist-sp-800-61r3-response|nist-sp-800-61r3-containment,0,0,0,0.0,0,2,0.0,0.0
13310,VULNERABILITYSCAN,BENIGN,0.6767857142857143,LOW_CONFIDENCE,nist-sp-800-61r3-response|nist-sp-800-61r3-containment,0,0,0,0.0,0,2,0.0,0.0
13311,VULNERABILITYSCAN,BENIGN,0.6548672566371682,LOW_CONFIDENCE,nist-sp-800-61r3-response|nist-sp-800-61r3-containment,0,0,0,0.0,0,2,0.0,0.0
13316,VULNERABILITYSCAN,BENIGN,0.6881188118811881,LOW_CONFIDENCE,nist-sp-800-61r3-response|nist-sp-800-61r3-containment,0,0,0,0.0,0,2,0.0,0.0
13318,VULNERABILITYSCAN,BENIGN,0.6767857142857143,LOW_CONFIDENCE,nist-sp-800-61r3-response|nist-sp-800-61r3-containment,0,0,0,0.0,0,2,0.0,0.0
13321,VULNERABILITYSCAN,BENIGN,0.5433962264150943,LOW_CONFIDENCE,nist-sp-800-61r3-response|nist-sp-800-61r3-containment,0,0,0,0.0,0,2,0.0,0.0
13323,VULNERABILITYSCAN,BENIGN,0.6111111111111112,LOW_CONFIDENCE,nist-sp-800-61r3-response|nist-sp-800-61r3-containment,0,0,0,0.0,0,2,0.0,0.0
13327,VULNERABILITYSCAN,BENIGN,0.5433962264150943,LOW_CONFIDENCE,nist-sp-800-61r3-response|nist-sp-800-61r3-containment,0,0,0,0.0,0,2,0.0,0.0
13331,VULNERABILITYSCAN,BENIGN,0.5260663507109006,LOW_CONFIDENCE,nist-sp-800-61r3-response|nist-sp-800-61r3-containment,0,0,0,0.0,0,2,0.0,0.0
13332,VULNERABILITYSCAN,BENIGN,0.5865921787709497,LOW_CONFIDENCE,nist-sp-800-61r3-response|nist-sp-800-61r3-containment,0,0,0,0.0,0,2,0.0,0.0
13334,VULNERABILITYSCAN,BENIGN,0.6111111111111112,LOW_CONFIDENCE,nist-sp-800-61r3-response|nist-sp-800-61r3-containment,0,0,0,0.0,0,2,0.0,0.0
13339,VULNERABILITYSCAN,BENIGN,0.6767857142857143,LOW_CONFIDENCE,nist-sp-800-61r3-response|nist-sp-800-61r3-containment|mitre-t1046-overview|mitre-t1498-detection,0,1,3,0.3333333333333333,1,4,0.25,0.25
13344,VULNERABILITYSCAN,BENIGN,0.6548672566371682,LOW_CONFIDENCE,nist-sp-800-61r3-response|nist-sp-800-61r3-containment,0,0,0,0.0,0,2,0.0,0.0
13350,VULNERABILITYSCAN,BENIGN,0.6767857142857143,LOW_CONFIDENCE,nist-sp-800-61r3-response|nist-sp-800-61r3-containment,0,0,0,0.0,0,2,0.0,0.0
13353,VULNERABILITYSCAN,BENIGN,0.6666666666666667,LOW_CONFIDENCE,nist-sp-800-61r3-response|nist-sp-800-61r3-containment,0,0,0,0.0,0,2,0.0,0.0
13354,VULNERABILITYSCAN,BENIGN,0.5865921787709497,LOW_CONFIDENCE,nist-sp-800-61r3-response|nist-sp-800-61r3-containment,0,0,0,0.0,0,2,0.0,0.0
13356,VULNERABILITYSCAN,BENIGN,0.6111111111111112,LOW_CONFIDENCE,nist-sp-800-61r3-response|nist-sp-800-61r3-containment,0,0,0,0.0,0,2,0.0,0.0
13361,VULNERABILITYSCAN,BENIGN,0.5865921787709497,LOW_CONFIDENCE,nist-sp-800-61r3-response|nist-sp-800-61r3-containment,0,0,0,0.0,0,2,0.0,0.0
13363,VULNERABILITYSCAN,BENIGN,0.5865921787709497,LOW_CONFIDENCE,nist-sp-800-61r3-response|nist-sp-800-61r3-containment,0,0,0,0.0,0,2,0.0,0.0
13364,VULNERABILITYSCAN,BENIGN,0.6111111111111112,LOW_CONFIDENCE,nist-sp-800-61r3-response|nist-sp-800-61r3-containment,0,0,0,0.0,0,2,0.0,0.0
13365,VULNERABILITYSCAN,BENIGN,0.6548672566371682,LOW_CONFIDENCE,nist-sp-800-61r3-response|nist-sp-800-61r3-containment,0,0,0,0.0,0,2,0.0,0.0
13367,VULNERABILITYSCAN,BENIGN,0.6767857142857143,LOW_CONFIDENCE,nist-sp-800-61r3-response|nist-sp-800-61r3-containment,0,0,0,0.0,0,2,0.0,0.0
13372,VULNERABILITYSCAN,BENIGN,0.6282051282051282,LOW_CONFIDENCE,nist-sp-800-61r3-response|nist-sp-800-61r3-containment,0,0,0,0.0,0,2,0.0,0.0
13375,VULNERABILITYSCAN,BENIGN,0.5865921787709497,LOW_CONFIDENCE,nist-sp-800-61r3-response|nist-sp-800-61r3-containment,0,0,0,0.0,0,2,0.0,0.0
13376,VULNERABILITYSCAN,BENIGN,0.625,LOW_CONFIDENCE,nist-sp-800-61r3-response|nist-sp-800-61r3-containment,0,0,0,0.0,0,2,0.0,0.0
13377,VULNERABILITYSCAN,BENIGN,0.6767857142857143,LOW_CONFIDENCE,nist-sp-800-61r3-response|nist-sp-800-61r3-containment,0,0,0,0.0,0,2,0.0,0.0
13380,VULNERABILITYSCAN,BENIGN,0.5821917808219178,LOW_CONFIDENCE,nist-sp-800-61r3-response|nist-sp-800-61r3-containment,0,0,0,0.0,0,2,0.0,0.0
13382,VULNERABILITYSCAN,BENIGN,0.6881188118811881,LOW_CONFIDENCE,nist-sp-800-61r3-response|nist-sp-800-61r3-containment,0,0,0,0.0,0,2,0.0,0.0
13387,VULNERABILITYSCAN,BENIGN,0.5433962264150943,LOW_CONFIDENCE,nist-sp-800-61r3-response|nist-sp-800-61r3-containment|mitre-t1046-overview|mitre-t1498-detection,0,1,3,0.3333333333333333,1,4,0.25,0.25
13388,VULNERABILITYSCAN,BENIGN,0.5821917808219178,LOW_CONFIDENCE,nist-sp-800-61r3-response|nist-sp-800-61r3-containment,0,0,0,0.0,0,2,0.0,0.0
13392,VULNERABILITYSCAN,BENIGN,0.6548672566371682,LOW_CONFIDENCE,nist-sp-800-61r3-response|nist-sp-800-61r3-containment|mitre-t1046-overview|mitre-t1498-detection,0,1,3,0.3333333333333333,1,4,0.25,0.25
13393,VULNERABILITYSCAN,BENIGN,0.6666666666666666,LOW_CONFIDENCE,nist-sp-800-61r3-response|nist-sp-800-61r3-containment|mitre-t1046-overview|mitre-t1498-detection,0,1,3,0.3333333333333333,1,4,0.25,0.25
13397,VULNERABILITYSCAN,BENIGN,0.6767857142857143,LOW_CONFIDENCE,nist-sp-800-61r3-response|nist-sp-800-61r3-containment,0,0,0,0.0,0,2,0.0,0.0
13403,VULNERABILITYSCAN,BENIGN,0.5260663507109006,LOW_CONFIDENCE,nist-sp-800-61r3-response|nist-sp-800-61r3-containment,0,0,0,0.0,0,2,0.0,0.0
13406,VULNERABILITYSCAN,BENIGN,0.5260663507109006,LOW_CONFIDENCE,nist-sp-800-61r3-response|nist-sp-800-61r3-containment,0,0,0,0.0,0,2,0.0,0.0
13409,VULNERABILITYSCAN,BENIGN,0.6767857142857143,LOW_CONFIDENCE,nist-sp-800-61r3-response|nist-sp-800-61r3-containment,0,0,0,0.0,0,2,0.0,0.0
13416,VULNERABILITYSCAN,BENIGN,0.6881188118811881,LOW_CONFIDENCE,nist-sp-800-61r3-response|nist-sp-800-61r3-containment|mitre-t1046-overview|mitre-t1498-detection,0,1,3,0.3333333333333333,1,4,0.25,0.25
13419,VULNERABILITYSCAN,BENIGN,0.6881188118811881,LOW_CONFIDENCE,nist-sp-800-61r3-response|nist-sp-800-61r3-containment|mitre-t1046-overview|mitre-t1498-detection,0,1,3,0.3333333333333333,1,4,0.25,0.25
13421,VULNERABILITYSCAN,BENIGN,0.6111111111111112,LOW_CONFIDENCE,nist-sp-800-61r3-response|nist-sp-800-61r3-containment|mitre-t1046-overview|mitre-t1498-detection,0,1,3,0.3333333333333333,1,4,0.25,0.25
13424,VULNERABILITYSCAN,BENIGN,0.6282051282051282,LOW_CONFIDENCE,nist-sp-800-61r3-response|nist-sp-800-61r3-containment,0,0,0,0.0,0,2,0.0,0.0
13426,VULNERABILITYSCAN,BENIGN,0.6548672566371682,LOW_CONFIDENCE,nist-sp-800-61r3-response|nist-sp-800-61r3-containment,0,0,0,0.0,0,2,0.0,0.0
13428,DNS_SPOOFING,BENIGN,0.6767857142857143,LOW_CONFIDENCE,nist-sp-800-61r3-response|nist-sp-800-61r3-containment,0,0,0,0.0,0,2,0.0,0.0
13430,VULNERABILITYSCAN,BENIGN,0.6111111111111112,LOW_CONFIDENCE,nist-sp-800-61r3-response|nist-sp-800-61r3-containment,0,0,0,0.0,0,2,0.0,0.0
13433,VULNERABILITYSCAN,BENIGN,0.6282051282051282,LOW_CONFIDENCE,nist-sp-800-61r3-response|nist-sp-800-61r3-containment|mitre-t1046-overview|mitre-t1498-detection,0,1,3,0.3333333333333333,1,4,0.25,0.25
13436,VULNERABILITYSCAN,BENIGN,0.6548672566371682,LOW_CONFIDENCE,nist-sp-800-61r3-response|nist-sp-800-61r3-containment,0,0,0,0.0,0,2,0.0,0.0
13438,VULNERABILITYSCAN,BENIGN,0.6111111111111112,LOW_CONFIDENCE,nist-sp-800-61r3-response|mitre-t1557-001-indicators|nist-sp-800-61r3-containment,0,0,0,0.0,0,3,0.0,0.0
13439,VULNERABILITYSCAN,BENIGN,0.6111111111111112,LOW_CONFIDENCE,nist-sp-800-61r3-response|nist-sp-800-61r3-containment,0,0,0,0.0,0,2,0.0,0.0
13440,VULNERABILITYSCAN,BENIGN,0.6881188118811881,LOW_CONFIDENCE,nist-sp-800-61r3-response|nist-sp-800-61r3-containment,0,0,0,0.0,0,2,0.0,0.0
13442,VULNERABILITYSCAN,BENIGN,0.6881188118811881,LOW_CONFIDENCE,nist-sp-800-61r3-response|nist-sp-800-61r3-containment,0,0,0,0.0,0,2,0.0,0.0
13443,VULNERABILITYSCAN,BENIGN,0.6548672566371682,LOW_CONFIDENCE,nist-sp-800-61r3-response|nist-sp-800-61r3-containment,0,0,0,0.0,0,2,0.0,0.0
13444,VULNERABILITYSCAN,BENIGN,0.6666666666666667,LOW_CONFIDENCE,nist-sp-800-61r3-response|nist-sp-800-61r3-containment,0,0,0,0.0,0,2,0.0,0.0
13449,VULNERABILITYSCAN,BENIGN,0.6548672566371682,LOW_CONFIDENCE,nist-sp-800-61r3-response|nist-sp-800-61r3-containment,0,0,0,0.0,0,2,0.0,0.0
13459,VULNERABILITYSCAN,BENIGN,0.6754966887417219,LOW_CONFIDENCE,nist-sp-800-61r3-response|nist-sp-800-61r3-containment|mitre-t1046-overview|mitre-t1498-detection,0,1,3,0.3333333333333333,1,4,0.25,0.25
13462,VULNERABILITYSCAN,BENIGN,0.6548672566371682,LOW_CONFIDENCE,nist-sp-800-61r3-response|nist-sp-800-61r3-containment|mitre-t1046-overview|mitre-t1498-detection,0,1,3,0.3333333333333333,1,4,0.25,0.25
13465,VULNERABILITYSCAN,BENIGN,0.5821917808219178,LOW_CONFIDENCE,nist-sp-800-61r3-response|nist-sp-800-61r3-containment,0,0,0,0.0,0,2,0.0,0.0
13468,VULNERABILITYSCAN,BENIGN,0.6767857142857143,LOW_CONFIDENCE,nist-sp-800-61r3-response|nist-sp-800-61r3-containment,0,0,0,0.0,0,2,0.0,0.0
13469,VULNERABILITYSCAN,BENIGN,0.6767857142857143,LOW_CONFIDENCE,nist-sp-800-61r3-response|nist-sp-800-61r3-containment,0,0,0,0.0,0,2,0.0,0.0
13471,VULNERABILITYSCAN,BENIGN,0.5865921787709497,LOW_CONFIDENCE,nist-sp-800-61r3-response|nist-sp-800-61r3-containment,0,0,0,0.0,0,2,0.0,0.0
13484,VULNERABILITYSCAN,BENIGN,0.6881188118811881,LOW_CONFIDENCE,nist-sp-800-61r3-response|nist-sp-800-61r3-containment,0,0,0,0.0,0,2,0.0,0.0
13485,VULNERABILITYSCAN,BENIGN,0.5433962264150943,LOW_CONFIDENCE,nist-sp-800-61r3-response|nist-sp-800-61r3-containment,0,0,0,0.0,0,2,0.0,0.0
13490,VULNERABILITYSCAN,BENIGN,0.5260663507109006,LOW_CONFIDENCE,nist-sp-800-61r3-response|nist-sp-800-61r3-containment|mitre-t1046-overview|mitre-t1498-detection,0,1,3,0.3333333333333333,1,4,0.25,0.25
13497,VULNERABILITYSCAN,BENIGN,0.5865921787709497,LOW_CONFIDENCE,nist-sp-800-61r3-response|nist-sp-800-61r3-containment,0,0,0,0.0,0,2,0.0,0.0
13502,VULNERABILITYSCAN,BENIGN,0.6548672566371682,LOW_CONFIDENCE,nist-sp-800-61r3-response|nist-sp-800-61r3-containment,0,0,0,0.0,0,2,0.0,0.0
13506,VULNERABILITYSCAN,BENIGN,0.5433962264150943,LOW_CONFIDENCE,nist-sp-800-61r3-response|nist-sp-800-61r3-containment|mitre-t1046-overview|mitre-t1498-detection,0,1,3,0.3333333333333333,1,4,0.25,0.25
13507,VULNERABILITYSCAN,BENIGN,0.6754966887417219,LOW_CONFIDENCE,nist-sp-800-61r3-response|nist-sp-800-61r3-containment|mitre-t1046-overview|mitre-t1498-detection,0,1,3,0.3333333333333333,1,4,0.25,0.25
13510,VULNERABILITYSCAN,BENIGN,0.6767857142857143,LOW_CONFIDENCE,nist-sp-800-61r3-response|nist-sp-800-61r3-containment,0,0,0,0.0,0,2,0.0,0.0
13517,VULNERABILITYSCAN,BENIGN,0.6548672566371682,LOW_CONFIDENCE,nist-sp-800-61r3-response|nist-sp-800-61r3-containment,0,0,0,0.0,0,2,0.0,0.0
13520,VULNERABILITYSCAN,BENIGN,0.6754966887417219,LOW_CONFIDENCE,nist-sp-800-61r3-response|nist-sp-800-61r3-containment,0,0,0,0.0,0,2,0.0,0.0
13522,VULNERABILITYSCAN,BENIGN,0.5260663507109006,LOW_CONFIDENCE,nist-sp-800-61r3-response|nist-sp-800-61r3-containment,0,0,0,0.0,0,2,0.0,0.0
13524,VULNERABILITYSCAN,BENIGN,0.6767857142857143,LOW_CONFIDENCE,nist-sp-800-61r3-response|nist-sp-800-61r3-containment,0,0,0,0.0,0,2,0.0,0.0
13525,VULNERABILITYSCAN,BENIGN,0.5260663507109006,LOW_CONFIDENCE,nist-sp-800-61r3-response|nist-sp-800-61r3-containment|mitre-t1046-overview|mitre-t1498-detection,0,1,3,0.3333333333333333,1,4,0.25,0.25
13526,VULNERABILITYSCAN,BENIGN,0.6767857142857143,LOW_CONFIDENCE,nist-sp-800-61r3-response|nist-sp-800-61r3-containment|mitre-t1046-overview|mitre-t1498-detection,0,1,3,0.3333333333333333,1,4,0.25,0.25
13527,VULNERABILITYSCAN,BENIGN,0.6548672566371682,LOW_CONFIDENCE,nist-sp-800-61r3-response|nist-sp-800-61r3-containment|mitre-t1046-overview|mitre-t1498-detection,0,1,3,0.3333333333333333,1,4,0.25,0.25
13532,VULNERABILITYSCAN,BENIGN,0.5433962264150943,LOW_CONFIDENCE,nist-sp-800-61r3-response|nist-sp-800-61r3-containment,0,0,0,0.0,0,2,0.0,0.0
13533,VULNERABILITYSCAN,BENIGN,0.6767857142857143,LOW_CONFIDENCE,nist-sp-800-61r3-response|nist-sp-800-61r3-containment,0,0,0,0.0,0,2,0.0,0.0
13535,VULNERABILITYSCAN,BENIGN,0.5865921787709497,LOW_CONFIDENCE,nist-sp-800-61r3-response|nist-sp-800-61r3-containment|mitre-t1046-overview|mitre-t1498-detection,0,1,3,0.3333333333333333,1,4,0.25,0.25
13536,VULNERABILITYSCAN,BENIGN,0.6548672566371682,LOW_CONFIDENCE,nist-sp-800-61r3-response|nist-sp-800-61r3-containment,0,0,0,0.0,0,2,0.0,0.0
13537,VULNERABILITYSCAN,BENIGN,0.6767857142857143,LOW_CONFIDENCE,nist-sp-800-61r3-response|nist-sp-800-61r3-containment,0,0,0,0.0,0,2,0.0,0.0
13539,VULNERABILITYSCAN,BENIGN,0.5433962264150943,LOW_CONFIDENCE,nist-sp-800-61r3-response|nist-sp-800-61r3-containment,0,0,0,0.0,0,2,0.0,0.0
13541,VULNERABILITYSCAN,BENIGN,0.6548672566371682,LOW_CONFIDENCE,nist-sp-800-61r3-response|nist-sp-800-61r3-containment,0,0,0,0.0,0,2,0.0,0.0
13542,VULNERABILITYSCAN,BENIGN,0.5865921787709497,LOW_CONFIDENCE,nist-sp-800-61r3-response|nist-sp-800-61r3-containment|mitre-t1046-overview|mitre-t1498-detection,0,1,3,0.3333333333333333,1,4,0.25,0.25
13544,VULNERABILITYSCAN,BENIGN,0.5260663507109006,LOW_CONFIDENCE,nist-sp-800-61r3-response|nist-sp-800-61r3-containment|mitre-t1046-overview|mitre-t1498-detection,0,1,3,0.3333333333333333,1,4,0.25,0.25
13545,VULNERABILITYSCAN,BENIGN,0.6521739130434783,LOW_CONFIDENCE,nist-sp-800-61r3-response|nist-sp-800-61r3-containment|mitre-t1046-overview|mitre-t1498-detection,0,1,3,0.3333333333333333,1,4,0.25,0.25
13547,VULNERABILITYSCAN,BENIGN,0.625,LOW_CONFIDENCE,nist-sp-800-61r3-response|nist-sp-800-61r3-containment,0,0,0,0.0,0,2,0.0,0.0
13548,VULNERABILITYSCAN,BENIGN,0.6767857142857143,LOW_CONFIDENCE,nist-sp-800-61r3-response|nist-sp-800-61r3-containment,0,0,0,0.0,0,2,0.0,0.0
13549,VULNERABILITYSCAN,BENIGN,0.5865921787709497,LOW_CONFIDENCE,nist-sp-800-61r3-response|nist-sp-800-61r3-containment,0,0,0,0.0,0,2,0.0,0.0
13556,VULNERABILITYSCAN,BENIGN,0.5865921787709497,LOW_CONFIDENCE,nist-sp-800-61r3-response|nist-sp-800-61r3-containment,0,0,0,0.0,0,2,0.0,0.0
13557,VULNERABILITYSCAN,BENIGN,0.6881188118811881,LOW_CONFIDENCE,nist-sp-800-61r3-response|nist-sp-800-61r3-containment|mitre-t1046-overview|mitre-t1498-detection,0,1,3,0.3333333333333333,1,4,0.25,0.25
13558,VULNERABILITYSCAN,BENIGN,0.6881188118811881,LOW_CONFIDENCE,nist-sp-800-61r3-response|nist-sp-800-61r3-containment|mitre-t1046-overview|mitre-t1498-detection,0,1,3,0.3333333333333333,1,4,0.25,0.25
13559,VULNERABILITYSCAN,BENIGN,0.5433962264150943,LOW_CONFIDENCE,nist-sp-800-61r3-response|nist-sp-800-61r3-containment,0,0,0,0.0,0,2,0.0,0.0
13560,VULNERABILITYSCAN,BENIGN,0.6111111111111112,LOW_CONFIDENCE,nist-sp-800-61r3-response|nist-sp-800-61r3-containment,0,0,0,0.0,0,2,0.0,0.0
13562,VULNERABILITYSCAN,BENIGN,0.6548672566371682,LOW_CONFIDENCE,nist-sp-800-61r3-response|nist-sp-800-61r3-containment,0,0,0,0.0,0,2,0.0,0.0
13563,VULNERABILITYSCAN,BENIGN,0.6754966887417219,LOW_CONFIDENCE,nist-sp-800-61r3-response|nist-sp-800-61r3-containment|mitre-t1046-overview|mitre-t1498-detection,0,1,3,0.3333333333333333,1,4,0.25,0.25
13567,VULNERABILITYSCAN,BENIGN,0.6767857142857143,LOW_CONFIDENCE,nist-sp-800-61r3-response|nist-sp-800-61r3-containment,0,0,0,0.0,0,2,0.0,0.0
13572,VULNERABILITYSCAN,BENIGN,0.6767857142857143,LOW_CONFIDENCE,nist-sp-800-61r3-response|nist-sp-800-61r3-containment,0,0,0,0.0,0,2,0.0,0.0
13573,VULNERABILITYSCAN,BENIGN,0.6548672566371682,LOW_CONFIDENCE,nist-sp-800-61r3-response|nist-sp-800-61r3-containment,0,0,0,0.0,0,2,0.0,0.0
13576,VULNERABILITYSCAN,BENIGN,0.5433962264150943,LOW_CONFIDENCE,nist-sp-800-61r3-response|nist-sp-800-61r3-containment,0,0,0,0.0,0,2,0.0,0.0
13585,VULNERABILITYSCAN,BENIGN,0.6767857142857143,LOW_CONFIDENCE,nist-sp-800-61r3-response|nist-sp-800-61r3-containment,0,0,0,0.0,0,2,0.0,0.0
13587,VULNERABILITYSCAN,BENIGN,0.5260663507109006,LOW_CONFIDENCE,nist-sp-800-61r3-response|nist-sp-800-61r3-containment,0,0,0,0.0,0,2,0.0,0.0
13598,DNS_SPOOFING,BENIGN,0.5433962264150943,LOW_CONFIDENCE,nist-sp-800-61r3-response|nist-sp-800-61r3-containment,0,0,0,0.0,0,2,0.0,0.0
13600,VULNERABILITYSCAN,BENIGN,0.5865921787709497,LOW_CONFIDENCE,nist-sp-800-61r3-response|nist-sp-800-61r3-containment,0,0,0,0.0,0,2,0.0,0.0
13601,VULNERABILITYSCAN,BENIGN,0.6111111111111112,LOW_CONFIDENCE,nist-sp-800-61r3-response|nist-sp-800-61r3-containment,0,0,0,0.0,0,2,0.0,0.0
13603,VULNERABILITYSCAN,BENIGN,0.6111111111111112,LOW_CONFIDENCE,nist-sp-800-61r3-response|nist-sp-800-61r3-containment,0,0,0,0.0,0,2,0.0,0.0
13606,VULNERABILITYSCAN,BENIGN,0.5433962264150943,LOW_CONFIDENCE,nist-sp-800-61r3-response|nist-sp-800-61r3-containment|mitre-t1046-overview|mitre-t1498-detection,0,1,3,0.3333333333333333,1,4,0.25,0.25
13610,DNS_SPOOFING,BENIGN,0.5821917808219178,LOW_CONFIDENCE,nist-sp-800-61r3-response|nist-sp-800-61r3-containment|mitre-t1046-overview|mitre-t1498-detection,0,0,0,0.0,0,4,0.0,0.0
13613,VULNERABILITYSCAN,BENIGN,0.6767857142857143,LOW_CONFIDENCE,nist-sp-800-61r3-response|nist-sp-800-61r3-containment,0,0,0,0.0,0,2,0.0,0.0
13615,VULNERABILITYSCAN,BENIGN,0.5433962264150943,LOW_CONFIDENCE,nist-sp-800-61r3-response|nist-sp-800-61r3-containment,0,0,0,0.0,0,2,0.0,0.0
13617,VULNERABILITYSCAN,BENIGN,0.6767857142857143,LOW_CONFIDENCE,nist-sp-800-61r3-response|nist-sp-800-61r3-containment|mitre-t1046-overview|mitre-t1498-detection,0,1,3,0.3333333333333333,1,4,0.25,0.25
13618,VULNERABILITYSCAN,BENIGN,0.6111111111111112,LOW_CONFIDENCE,nist-sp-800-61r3-response|nist-sp-800-61r3-containment,0,0,0,0.0,0,2,0.0,0.0
13623,VULNERABILITYSCAN,BENIGN,0.6767857142857143,LOW_CONFIDENCE,nist-sp-800-61r3-response|nist-sp-800-61r3-containment,0,0,0,0.0,0,2,0.0,0.0
13624,VULNERABILITYSCAN,BENIGN,0.5433962264150943,LOW_CONFIDENCE,nist-sp-800-61r3-response|nist-sp-800-61r3-containment,0,0,0,0.0,0,2,0.0,0.0
13628,VULNERABILITYSCAN,BENIGN,0.6282051282051282,LOW_CONFIDENCE,nist-sp-800-61r3-response|nist-sp-800-61r3-containment,0,0,0,0.0,0,2,0.0,0.0
13633,VULNERABILITYSCAN,BENIGN,0.6881188118811881,LOW_CONFIDENCE,nist-sp-800-61r3-response|nist-sp-800-61r3-containment|mitre-t1046-overview|mitre-t1498-detection,0,1,3,0.3333333333333333,1,4,0.25,0.25
13634,DNS_SPOOFING,BENIGN,0.6111111111111112,LOW_CONFIDENCE,nist-sp-800-61r3-response|nist-sp-800-61r3-containment,0,0,0,0.0,0,2,0.0,0.0
13635,VULNERABILITYSCAN,BENIGN,0.6111111111111112,LOW_CONFIDENCE,nist-sp-800-61r3-response|nist-sp-800-61r3-containment,0,0,0,0.0,0,2,0.0,0.0
13636,VULNERABILITYSCAN,BENIGN,0.6767857142857143,LOW_CONFIDENCE,nist-sp-800-61r3-response|nist-sp-800-61r3-containment,0,0,0,0.0,0,2,0.0,0.0
13639,VULNERABILITYSCAN,BENIGN,0.6767857142857143,LOW_CONFIDENCE,nist-sp-800-61r3-response|nist-sp-800-61r3-containment,0,0,0,0.0,0,2,0.0,0.0
13640,VULNERABILITYSCAN,BENIGN,0.5433962264150943,LOW_CONFIDENCE,nist-sp-800-61r3-response|nist-sp-800-61r3-containment,0,0,0,0.0,0,2,0.0,0.0
13641,VULNERABILITYSCAN,BENIGN,0.6881188118811881,LOW_CONFIDENCE,nist-sp-800-61r3-response|nist-sp-800-61r3-containment,0,0,0,0.0,0,2,0.0,0.0
13643,VULNERABILITYSCAN,BENIGN,0.6767857142857143,LOW_CONFIDENCE,nist-sp-800-61r3-response|nist-sp-800-61r3-containment,0,0,0,0.0,0,2,0.0,0.0
13645,VULNERABILITYSCAN,BENIGN,0.6548672566371682,LOW_CONFIDENCE,nist-sp-800-61r3-response|nist-sp-800-61r3-containment,0,0,0,0.0,0,2,0.0,0.0
13647,VULNERABILITYSCAN,BENIGN,0.6111111111111112,LOW_CONFIDENCE,nist-sp-800-61r3-response|nist-sp-800-61r3-containment,0,0,0,0.0,0,2,0.0,0.0
13652,VULNERABILITYSCAN,BENIGN,0.6111111111111112,LOW_CONFIDENCE,nist-sp-800-61r3-response|nist-sp-800-61r3-containment,0,0,0,0.0,0,2,0.0,0.0
13653,VULNERABILITYSCAN,BENIGN,0.6881188118811881,LOW_CONFIDENCE,nist-sp-800-61r3-response|nist-sp-800-61r3-containment|mitre-t1046-overview|mitre-t1498-detection,0,1,3,0.3333333333333333,1,4,0.25,0.25
13654,VULNERABILITYSCAN,BENIGN,0.625,LOW_CONFIDENCE,nist-sp-800-61r3-response|nist-sp-800-61r3-containment,0,0,0,0.0,0,2,0.0,0.0
13655,VULNERABILITYSCAN,BENIGN,0.5260663507109006,LOW_CONFIDENCE,nist-sp-800-61r3-response|nist-sp-800-61r3-containment,0,0,0,0.0,0,2,0.0,0.0
13661,VULNERABILITYSCAN,BENIGN,0.6767857142857143,LOW_CONFIDENCE,nist-sp-800-61r3-response|nist-sp-800-61r3-containment,0,0,0,0.0,0,2,0.0,0.0
13665,VULNERABILITYSCAN,BENIGN,0.6881188118811881,LOW_CONFIDENCE,nist-sp-800-61r3-response|nist-sp-800-61r3-containment,0,0,0,0.0,0,2,0.0,0.0
13668,DNS_SPOOFING,BENIGN,0.6754966887417219,LOW_CONFIDENCE,nist-sp-800-61r3-response|nist-sp-800-61r3-containment|mitre-t1046-overview|mitre-t1498-detection,0,0,0,0.0,0,4,0.0,0.0
13673,VULNERABILITYSCAN,BENIGN,0.6767857142857143,LOW_CONFIDENCE,nist-sp-800-61r3-response|nist-sp-800-61r3-containment,0,0,0,0.0,0,2,0.0,0.0
13674,VULNERABILITYSCAN,BENIGN,0.5433962264150943,LOW_CONFIDENCE,nist-sp-800-61r3-response|nist-sp-800-61r3-containment,0,0,0,0.0,0,2,0.0,0.0
13675,VULNERABILITYSCAN,BENIGN,0.6111111111111112,LOW_CONFIDENCE,nist-sp-800-61r3-response|nist-sp-800-61r3-containment,0,0,0,0.0,0,2,0.0,0.0
13676,VULNERABILITYSCAN,BENIGN,0.6767857142857143,LOW_CONFIDENCE,nist-sp-800-61r3-response|nist-sp-800-61r3-containment,0,0,0,0.0,0,2,0.0,0.0
13677,VULNERABILITYSCAN,BENIGN,0.6767857142857143,LOW_CONFIDENCE,nist-sp-800-61r3-response|nist-sp-800-61r3-containment,0,0,0,0.0,0,2,0.0,0.0
13678,VULNERABILITYSCAN,BENIGN,0.6548672566371682,LOW_CONFIDENCE,nist-sp-800-61r3-response|nist-sp-800-61r3-containment,0,0,0,0.0,0,2,0.0,0.0
13681,VULNERABILITYSCAN,BENIGN,0.5433962264150943,LOW_CONFIDENCE,nist-sp-800-61r3-response|nist-sp-800-61r3-containment,0,0,0,0.0,0,2,0.0,0.0
13682,VULNERABILITYSCAN,BENIGN,0.5260663507109006,LOW_CONFIDENCE,nist-sp-800-61r3-response|nist-sp-800-61r3-containment,0,0,0,0.0,0,2,0.0,0.0
13688,VULNERABILITYSCAN,BENIGN,0.5821917808219178,LOW_CONFIDENCE,nist-sp-800-61r3-response|nist-sp-800-61r3-containment,0,0,0,0.0,0,2,0.0,0.0
13689,VULNERABILITYSCAN,BENIGN,0.6767857142857143,LOW_CONFIDENCE,nist-sp-800-61r3-response|nist-sp-800-61r3-containment,0,0,0,0.0,0,2,0.0,0.0
13690,VULNERABILITYSCAN,BENIGN,0.6111111111111112,LOW_CONFIDENCE,nist-sp-800-61r3-response|nist-sp-800-61r3-containment,0,0,0,0.0,0,2,0.0,0.0
13693,VULNERABILITYSCAN,BENIGN,0.6548672566371682,LOW_CONFIDENCE,nist-sp-800-61r3-response|nist-sp-800-61r3-containment|mitre-t1046-overview|mitre-t1498-detection,0,1,3,0.3333333333333333,1,4,0.25,0.25
13699,VULNERABILITYSCAN,BENIGN,0.6767857142857143,LOW_CONFIDENCE,nist-sp-800-61r3-response|nist-sp-800-61r3-containment,0,0,0,0.0,0,2,0.0,0.0
13701,VULNERABILITYSCAN,BENIGN,0.6754966887417219,LOW_CONFIDENCE,nist-sp-800-61r3-response|nist-sp-800-61r3-containment|mitre-t1046-overview|mitre-t1498-detection,0,1,3,0.3333333333333333,1,4,0.25,0.25
13702,VULNERABILITYSCAN,BENIGN,0.5260663507109006,LOW_CONFIDENCE,nist-sp-800-61r3-response|nist-sp-800-61r3-containment,0,0,0,0.0,0,2,0.0,0.0
13703,VULNERABILITYSCAN,BENIGN,0.6548672566371682,LOW_CONFIDENCE,nist-sp-800-61r3-response|nist-sp-800-61r3-containment,0,0,0,0.0,0,2,0.0,0.0
13704,DNS_SPOOFING,BENIGN,0.5260663507109006,LOW_CONFIDENCE,nist-sp-800-61r3-response|nist-sp-800-61r3-containment|mitre-t1046-overview|mitre-t1498-detection,0,0,0,0.0,0,4,0.0,0.0
13705,DNS_SPOOFING,BENIGN,0.5433962264150943,LOW_CONFIDENCE,nist-sp-800-61r3-response|nist-sp-800-61r3-containment,0,0,0,0.0,0,2,0.0,0.0
13706,VULNERABILITYSCAN,BENIGN,0.5260663507109006,LOW_CONFIDENCE,nist-sp-800-61r3-response|nist-sp-800-61r3-containment,0,0,0,0.0,0,2,0.0,0.0
13708,VULNERABILITYSCAN,BENIGN,0.5821917808219178,LOW_CONFIDENCE,nist-sp-800-61r3-response|nist-sp-800-61r3-containment,0,0,0,0.0,0,2,0.0,0.0
13711,VULNERABILITYSCAN,BENIGN,0.6548672566371682,LOW_CONFIDENCE,nist-sp-800-61r3-response|nist-sp-800-61r3-containment,0,0,0,0.0,0,2,0.0,0.0
13712,VULNERABILITYSCAN,BENIGN,0.6767857142857143,LOW_CONFIDENCE,nist-sp-800-61r3-response|nist-sp-800-61r3-containment,0,0,0,0.0,0,2,0.0,0.0
13713,VULNERABILITYSCAN,BENIGN,0.6767857142857143,LOW_CONFIDENCE,nist-sp-800-61r3-response|nist-sp-800-61r3-containment,0,0,0,0.0,0,2,0.0,0.0
13719,VULNERABILITYSCAN,BENIGN,0.5821917808219178,LOW_CONFIDENCE,nist-sp-800-61r3-response|nist-sp-800-61r3-containment,0,0,0,0.0,0,2,0.0,0.0
13721,VULNERABILITYSCAN,BENIGN,0.6767857142857143,LOW_CONFIDENCE,nist-sp-800-61r3-response|nist-sp-800-61r3-containment,0,0,0,0.0,0,2,0.0,0.0
13724,VULNERABILITYSCAN,BENIGN,0.5260663507109006,LOW_CONFIDENCE,nist-sp-800-61r3-response|nist-sp-800-61r3-containment,0,0,0,0.0,0,2,0.0,0.0
13725,VULNERABILITYSCAN,BENIGN,0.5433962264150943,LOW_CONFIDENCE,nist-sp-800-61r3-response|nist-sp-800-61r3-containment,0,0,0,0.0,0,2,0.0,0.0
13729,VULNERABILITYSCAN,BENIGN,0.5433962264150943,LOW_CONFIDENCE,nist-sp-800-61r3-response|nist-sp-800-61r3-containment|mitre-t1046-overview|mitre-t1498-detection,0,1,3,0.3333333333333333,1,4,0.25,0.25
13732,VULNERABILITYSCAN,BENIGN,0.6767857142857143,LOW_CONFIDENCE,nist-sp-800-61r3-response|nist-sp-800-61r3-containment,0,0,0,0.0,0,2,0.0,0.0
13733,VULNERABILITYSCAN,BENIGN,0.6111111111111112,LOW_CONFIDENCE,nist-sp-800-61r3-response|nist-sp-800-61r3-containment|mitre-t1046-overview|mitre-t1498-detection,0,1,3,0.3333333333333333,1,4,0.25,0.25
13734,VULNERABILITYSCAN,BENIGN,0.5865921787709497,LOW_CONFIDENCE,nist-sp-800-61r3-response|nist-sp-800-61r3-containment,0,0,0,0.0,0,2,0.0,0.0
13737,VULNERABILITYSCAN,BENIGN,0.6881188118811881,LOW_CONFIDENCE,nist-sp-800-61r3-response|nist-sp-800-61r3-containment,0,0,0,0.0,0,2,0.0,0.0
13738,DNS_SPOOFING,BENIGN,0.6881188118811881,LOW_CONFIDENCE,nist-sp-800-61r3-response|nist-sp-800-61r3-containment,0,0,0,0.0,0,2,0.0,0.0
13739,VULNERABILITYSCAN,BENIGN,0.5821917808219178,LOW_CONFIDENCE,nist-sp-800-61r3-response|nist-sp-800-61r3-containment|mitre-t1046-overview|mitre-t1498-detection,0,1,3,0.3333333333333333,1,4,0.25,0.25
13740,VULNERABILITYSCAN,BENIGN,0.5865921787709497,LOW_CONFIDENCE,nist-sp-800-61r3-response|nist-sp-800-61r3-containment,0,0,0,0.0,0,2,0.0,0.0
13741,VULNERABILITYSCAN,BENIGN,0.6548672566371682,LOW_CONFIDENCE,nist-sp-800-61r3-response|nist-sp-800-61r3-containment,0,0,0,0.0,0,2,0.0,0.0
13743,VULNERABILITYSCAN,BENIGN,0.6767857142857143,LOW_CONFIDENCE,nist-sp-800-61r3-response|nist-sp-800-61r3-containment,0,0,0,0.0,0,2,0.0,0.0
13745,VULNERABILITYSCAN,BENIGN,0.6767857142857143,LOW_CONFIDENCE,nist-sp-800-61r3-response|nist-sp-800-61r3-containment,0,0,0,0.0,0,2,0.0,0.0
13746,VULNERABILITYSCAN,BENIGN,0.6548672566371682,LOW_CONFIDENCE,nist-sp-800-61r3-response|nist-sp-800-61r3-containment,0,0,0,0.0,0,2,0.0,0.0
13747,VULNERABILITYSCAN,BENIGN,0.5260663507109006,LOW_CONFIDENCE,nist-sp-800-61r3-response|nist-sp-800-61r3-containment,0,0,0,0.0,0,2,0.0,0.0
13750,VULNERABILITYSCAN,BENIGN,0.5821917808219178,LOW_CONFIDENCE,nist-sp-800-61r3-response|nist-sp-800-61r3-containment,0,0,0,0.0,0,2,0.0,0.0
13756,VULNERABILITYSCAN,BENIGN,0.6111111111111112,LOW_CONFIDENCE,nist-sp-800-61r3-response|nist-sp-800-61r3-containment,0,0,0,0.0,0,2,0.0,0.0
13762,VULNERABILITYSCAN,BENIGN,0.6111111111111112,LOW_CONFIDENCE,nist-sp-800-61r3-response|nist-sp-800-61r3-containment,0,0,0,0.0,0,2,0.0,0.0
13763,VULNERABILITYSCAN,BENIGN,0.6881188118811881,LOW_CONFIDENCE,nist-sp-800-61r3-response|mitre-t1557-001-indicators|nist-sp-800-61r3-containment,0,0,0,0.0,0,3,0.0,0.0
13768,VULNERABILITYSCAN,BENIGN,0.6754966887417219,LOW_CONFIDENCE,nist-sp-800-61r3-response|nist-sp-800-61r3-containment|mitre-t1046-overview|mitre-t1498-detection,0,1,3,0.3333333333333333,1,4,0.25,0.25
13770,VULNERABILITYSCAN,BENIGN,0.6548672566371682,LOW_CONFIDENCE,nist-sp-800-61r3-response|nist-sp-800-61r3-containment,0,0,0,0.0,0,2,0.0,0.0
13771,VULNERABILITYSCAN,BENIGN,0.5865921787709497,LOW_CONFIDENCE,nist-sp-800-61r3-response|nist-sp-800-61r3-containment,0,0,0,0.0,0,2,0.0,0.0
13773,VULNERABILITYSCAN,BENIGN,0.5865921787709497,LOW_CONFIDENCE,nist-sp-800-61r3-response|nist-sp-800-61r3-containment,0,0,0,0.0,0,2,0.0,0.0
13774,VULNERABILITYSCAN,BENIGN,0.5272029976665156,LOW_CONFIDENCE,nist-sp-800-61r3-response|nist-sp-800-61r3-containment,0,0,0,0.0,0,2,0.0,0.0
13778,VULNERABILITYSCAN,BENIGN,0.6767857142857143,LOW_CONFIDENCE,nist-sp-800-61r3-response|nist-sp-800-61r3-containment,0,0,0,0.0,0,2,0.0,0.0
13779,VULNERABILITYSCAN,BENIGN,0.6754966887417219,LOW_CONFIDENCE,nist-sp-800-61r3-response|nist-sp-800-61r3-containment,0,0,0,0.0,0,2,0.0,0.0
13785,VULNERABILITYSCAN,BENIGN,0.6111111111111112,LOW_CONFIDENCE,nist-sp-800-61r3-response|nist-sp-800-61r3-containment|mitre-t1046-overview|mitre-t1498-detection,0,1,3,0.3333333333333333,1,4,0.25,0.25
13786,VULNERABILITYSCAN,BENIGN,0.5865921787709497,LOW_CONFIDENCE,nist-sp-800-61r3-response|nist-sp-800-61r3-containment,0,0,0,0.0,0,2,0.0,0.0
13792,VULNERABILITYSCAN,BENIGN,0.6666666666666667,LOW_CONFIDENCE,nist-sp-800-61r3-response|nist-sp-800-61r3-containment,0,0,0,0.0,0,2,0.0,0.0
13796,VULNERABILITYSCAN,BENIGN,0.6881188118811881,LOW_CONFIDENCE,nist-sp-800-61r3-response|nist-sp-800-61r3-containment,0,0,0,0.0,0,2,0.0,0.0
13801,VULNERABILITYSCAN,BENIGN,0.6548672566371682,LOW_CONFIDENCE,nist-sp-800-61r3-response|nist-sp-800-61r3-containment,0,0,0,0.0,0,2,0.0,0.0
13805,VULNERABILITYSCAN,BENIGN,0.6767857142857143,LOW_CONFIDENCE,nist-sp-800-61r3-response|nist-sp-800-61r3-containment,0,0,0,0.0,0,2,0.0,0.0
13810,VULNERABILITYSCAN,BENIGN,0.6767857142857143,LOW_CONFIDENCE,nist-sp-800-61r3-response|nist-sp-800-61r3-containment,0,0,0,0.0,0,2,0.0,0.0
13813,VULNERABILITYSCAN,BENIGN,0.6111111111111112,LOW_CONFIDENCE,nist-sp-800-61r3-response|nist-sp-800-61r3-containment,0,0,0,0.0,0,2,0.0,0.0
13815,VULNERABILITYSCAN,BENIGN,0.6111111111111112,LOW_CONFIDENCE,nist-sp-800-61r3-response|nist-sp-800-61r3-containment,0,0,0,0.0,0,2,0.0,0.0
13816,VULNERABILITYSCAN,BENIGN,0.6881188118811881,LOW_CONFIDENCE,nist-sp-800-61r3-response|nist-sp-800-61r3-containment|mitre-t1046-overview|mitre-t1498-detection,0,1,3,0.3333333333333333,1,4,0.25,0.25
13820,VULNERABILITYSCAN,BENIGN,0.6767857142857143,LOW_CONFIDENCE,nist-sp-800-61r3-response|nist-sp-800-61r3-containment,0,0,0,0.0,0,2,0.0,0.0
13824,VULNERABILITYSCAN,BENIGN,0.6767857142857143,LOW_CONFIDENCE,nist-sp-800-61r3-response|nist-sp-800-61r3-containment,0,0,0,0.0,0,2,0.0,0.0
13825,VULNERABILITYSCAN,BENIGN,0.6767857142857143,LOW_CONFIDENCE,nist-sp-800-61r3-response|nist-sp-800-61r3-containment,0,0,0,0.0,0,2,0.0,0.0
13826,VULNERABILITYSCAN,BENIGN,0.6754966887417219,LOW_CONFIDENCE,nist-sp-800-61r3-response|nist-sp-800-61r3-containment|mitre-t1046-overview|mitre-t1498-detection,0,1,3,0.3333333333333333,1,4,0.25,0.25
13827,VULNERABILITYSCAN,BENIGN,0.6881188118811881,LOW_CONFIDENCE,nist-sp-800-61r3-response|nist-sp-800-61r3-containment,0,0,0,0.0,0,2,0.0,0.0
13829,VULNERABILITYSCAN,BENIGN,0.5865921787709497,LOW_CONFIDENCE,nist-sp-800-61r3-response|nist-sp-800-61r3-containment|mitre-t1046-overview|mitre-t1498-detection,0,1,3,0.3333333333333333,1,4,0.25,0.25
13832,VULNERABILITYSCAN,BENIGN,0.6767857142857143,LOW_CONFIDENCE,nist-sp-800-61r3-response|nist-sp-800-61r3-containment,0,0,0,0.0,0,2,0.0,0.0
13833,VULNERABILITYSCAN,BENIGN,0.6767857142857143,LOW_CONFIDENCE,nist-sp-800-61r3-response|nist-sp-800-61r3-containment,0,0,0,0.0,0,2,0.0,0.0
13836,VULNERABILITYSCAN,BENIGN,0.5433962264150943,LOW_CONFIDENCE,nist-sp-800-61r3-response|nist-sp-800-61r3-containment|mitre-t1046-overview|mitre-t1498-detection,0,1,3,0.3333333333333333,1,4,0.25,0.25
13838,VULNERABILITYSCAN,BENIGN,0.6767857142857143,LOW_CONFIDENCE,nist-sp-800-61r3-response|nist-sp-800-61r3-containment,0,0,0,0.0,0,2,0.0,0.0
13840,VULNERABILITYSCAN,BENIGN,0.6111111111111112,LOW_CONFIDENCE,nist-sp-800-61r3-response|nist-sp-800-61r3-containment,0,0,0,0.0,0,2,0.0,0.0
13842,VULNERABILITYSCAN,BENIGN,0.5821917808219178,LOW_CONFIDENCE,nist-sp-800-61r3-response|nist-sp-800-61r3-containment,0,0,0,0.0,0,2,0.0,0.0
13844,VULNERABILITYSCAN,BENIGN,0.6282051282051282,LOW_CONFIDENCE,nist-sp-800-61r3-response|nist-sp-800-61r3-containment,0,0,0,0.0,0,2,0.0,0.0
13851,VULNERABILITYSCAN,BENIGN,0.5433962264150943,LOW_CONFIDENCE,nist-sp-800-61r3-response|nist-sp-800-61r3-containment,0,0,0,0.0,0,2,0.0,0.0
13853,VULNERABILITYSCAN,BENIGN,0.6767857142857143,LOW_CONFIDENCE,nist-sp-800-61r3-response|nist-sp-800-61r3-containment,0,0,0,0.0,0,2,0.0,0.0
13855,VULNERABILITYSCAN,BENIGN,0.5260663507109006,LOW_CONFIDENCE,nist-sp-800-61r3-response|nist-sp-800-61r3-containment,0,0,0,0.0,0,2,0.0,0.0
13865,VULNERABILITYSCAN,BENIGN,0.6767857142857143,LOW_CONFIDENCE,nist-sp-800-61r3-response|nist-sp-800-61r3-containment,0,0,0,0.0,0,2,0.0,0.0
13867,VULNERABILITYSCAN,BENIGN,0.5821917808219178,LOW_CONFIDENCE,nist-sp-800-61r3-response|nist-sp-800-61r3-containment,0,0,0,0.0,0,2,0.0,0.0
13870,VULNERABILITYSCAN,BENIGN,0.5260663507109006,LOW_CONFIDENCE,nist-sp-800-61r3-response|nist-sp-800-61r3-containment|mitre-t1046-overview|mitre-t1498-detection,0,1,3,0.3333333333333333,1,4,0.25,0.25
13871,VULNERABILITYSCAN,BENIGN,0.6282051282051282,LOW_CONFIDENCE,nist-sp-800-61r3-response|nist-sp-800-61r3-containment|mitre-t1046-overview|mitre-t1498-detection,0,1,3,0.3333333333333333,1,4,0.25,0.25
13873,VULNERABILITYSCAN,BENIGN,0.6767857142857143,LOW_CONFIDENCE,nist-sp-800-61r3-response|nist-sp-800-61r3-containment,0,0,0,0.0,0,2,0.0,0.0
13875,VULNERABILITYSCAN,BENIGN,0.6282051282051282,LOW_CONFIDENCE,nist-sp-800-61r3-response|nist-sp-800-61r3-containment|mitre-t1046-overview|mitre-t1498-detection,0,1,3,0.3333333333333333,1,4,0.25,0.25
13878,VULNERABILITYSCAN,BENIGN,0.6666666666666666,LOW_CONFIDENCE,nist-sp-800-61r3-response|nist-sp-800-61r3-containment,0,0,0,0.0,0,2,0.0,0.0
13879,VULNERABILITYSCAN,BENIGN,0.6767857142857143,LOW_CONFIDENCE,nist-sp-800-61r3-response|nist-sp-800-61r3-containment,0,0,0,0.0,0,2,0.0,0.0
13881,VULNERABILITYSCAN,BENIGN,0.6881188118811881,LOW_CONFIDENCE,nist-sp-800-61r3-response|nist-sp-800-61r3-containment,0,0,0,0.0,0,2,0.0,0.0
13888,VULNERABILITYSCAN,BENIGN,0.6767857142857143,LOW_CONFIDENCE,nist-sp-800-61r3-response|nist-sp-800-61r3-containment,0,0,0,0.0,0,2,0.0,0.0
13891,VULNERABILITYSCAN,BENIGN,0.6111111111111112,LOW_CONFIDENCE,nist-sp-800-61r3-response|nist-sp-800-61r3-containment|mitre-t1046-overview|mitre-t1498-detection,0,1,3,0.3333333333333333,1,4,0.25,0.25
13893,VULNERABILITYSCAN,BENIGN,0.6548672566371682,LOW_CONFIDENCE,nist-sp-800-61r3-response|nist-sp-800-61r3-containment,0,0,0,0.0,0,2,0.0,0.0
13901,VULNERABILITYSCAN,BENIGN,0.6666666666666666,LOW_CONFIDENCE,nist-sp-800-61r3-response|nist-sp-800-61r3-containment|mitre-t1046-overview|mitre-t1498-detection,0,1,3,0.3333333333333333,1,4,0.25,0.25
13902,VULNERABILITYSCAN,BENIGN,0.6881188118811881,LOW_CONFIDENCE,nist-sp-800-61r3-response|nist-sp-800-61r3-containment|mitre-t1046-overview|mitre-t1498-detection,0,1,3,0.3333333333333333,1,4,0.25,0.25
13903,VULNERABILITYSCAN,BENIGN,0.5260663507109006,LOW_CONFIDENCE,nist-sp-800-61r3-response|nist-sp-800-61r3-containment|mitre-t1046-overview|mitre-t1498-detection,0,1,3,0.3333333333333333,1,4,0.25,0.25
13904,VULNERABILITYSCAN,BENIGN,0.5260663507109006,LOW_CONFIDENCE,nist-sp-800-61r3-response|nist-sp-800-61r3-containment,0,0,0,0.0,0,2,0.0,0.0
13907,VULNERABILITYSCAN,BENIGN,0.5260663507109006,LOW_CONFIDENCE,nist-sp-800-61r3-response|nist-sp-800-61r3-containment|mitre-t1046-overview|mitre-t1498-detection,0,1,3,0.3333333333333333,1,4,0.25,0.25
13909,VULNERABILITYSCAN,BENIGN,0.5821917808219178,LOW_CONFIDENCE,nist-sp-800-61r3-response|nist-sp-800-61r3-containment|mitre-t1046-overview|mitre-t1498-detection,0,1,3,0.3333333333333333,1,4,0.25,0.25
13913,VULNERABILITYSCAN,BENIGN,0.5433962264150943,LOW_CONFIDENCE,nist-sp-800-61r3-response|nist-sp-800-61r3-containment|mitre-t1046-overview|mitre-t1498-detection,0,1,3,0.3333333333333333,1,4,0.25,0.25
13915,VULNERABILITYSCAN,BENIGN,0.5433962264150943,LOW_CONFIDENCE,nist-sp-800-61r3-response|nist-sp-800-61r3-containment,0,0,0,0.0,0,2,0.0,0.0
13916,VULNERABILITYSCAN,BENIGN,0.5433962264150943,LOW_CONFIDENCE,nist-sp-800-61r3-response|nist-sp-800-61r3-containment|mitre-t1046-overview|mitre-t1498-detection,0,1,3,0.3333333333333333,1,4,0.25,0.25
13917,VULNERABILITYSCAN,BENIGN,0.5865921787709497,LOW_CONFIDENCE,nist-sp-800-61r3-response|nist-sp-800-61r3-containment,0,0,0,0.0,0,2,0.0,0.0
13920,VULNERABILITYSCAN,BENIGN,0.6767857142857143,LOW_CONFIDENCE,nist-sp-800-61r3-response|nist-sp-800-61r3-containment,0,0,0,0.0,0,2,0.0,0.0
13923,VULNERABILITYSCAN,BENIGN,0.6548672566371682,LOW_CONFIDENCE,nist-sp-800-61r3-response|nist-sp-800-61r3-containment,0,0,0,0.0,0,2,0.0,0.0
13929,VULNERABILITYSCAN,BENIGN,0.5260663507109006,LOW_CONFIDENCE,nist-sp-800-61r3-response|nist-sp-800-61r3-containment,0,0,0,0.0,0,2,0.0,0.0
13931,VULNERABILITYSCAN,BENIGN,0.6111111111111112,LOW_CONFIDENCE,nist-sp-800-61r3-response|nist-sp-800-61r3-containment|mitre-t1046-overview|mitre-t1498-detection,0,1,3,0.3333333333333333,1,4,0.25,0.25
13933,VULNERABILITYSCAN,BENIGN,0.5260663507109006,LOW_CONFIDENCE,nist-sp-800-61r3-response|nist-sp-800-61r3-containment|mitre-t1046-overview|mitre-t1498-detection,0,1,3,0.3333333333333333,1,4,0.25,0.25
13934,VULNERABILITYSCAN,BENIGN,0.6767857142857143,LOW_CONFIDENCE,nist-sp-800-61r3-response|nist-sp-800-61r3-containment,0,0,0,0.0,0,2,0.0,0.0
13938,VULNERABILITYSCAN,BENIGN,0.6767857142857143,LOW_CONFIDENCE,nist-sp-800-61r3-response|nist-sp-800-61r3-containment,0,0,0,0.0,0,2,0.0,0.0
13940,VULNERABILITYSCAN,BENIGN,0.5260663507109006,LOW_CONFIDENCE,nist-sp-800-61r3-response|nist-sp-800-61r3-containment,0,0,0,0.0,0,2,0.0,0.0
13942,VULNERABILITYSCAN,BENIGN,0.6767857142857143,LOW_CONFIDENCE,nist-sp-800-61r3-response|nist-sp-800-61r3-containment,0,0,0,0.0,0,2,0.0,0.0
13943,VULNERABILITYSCAN,BENIGN,0.6548672566371682,LOW_CONFIDENCE,nist-sp-800-61r3-response|nist-sp-800-61r3-containment,0,0,0,0.0,0,2,0.0,0.0
13945,VULNERABILITYSCAN,BENIGN,0.5821917808219178,LOW_CONFIDENCE,nist-sp-800-61r3-response|nist-sp-800-61r3-containment,0,0,0,0.0,0,2,0.0,0.0
13947,VULNERABILITYSCAN,BENIGN,0.6767857142857143,LOW_CONFIDENCE,nist-sp-800-61r3-response|nist-sp-800-61r3-containment,0,0,0,0.0,0,2,0.0,0.0
13951,DNS_SPOOFING,BENIGN,0.6881188118811881,LOW_CONFIDENCE,nist-sp-800-61r3-response|nist-sp-800-61r3-containment,0,0,0,0.0,0,2,0.0,0.0
13957,VULNERABILITYSCAN,BENIGN,0.6767857142857143,LOW_CONFIDENCE,nist-sp-800-61r3-response|nist-sp-800-61r3-containment,0,0,0,0.0,0,2,0.0,0.0
13962,VULNERABILITYSCAN,BENIGN,0.6767857142857143,LOW_CONFIDENCE,nist-sp-800-61r3-response|nist-sp-800-61r3-containment,0,0,0,0.0,0,2,0.0,0.0
13964,VULNERABILITYSCAN,BENIGN,0.5260663507109006,LOW_CONFIDENCE,nist-sp-800-61r3-response|nist-sp-800-61r3-containment,0,0,0,0.0,0,2,0.0,0.0
13969,VULNERABILITYSCAN,BENIGN,0.6754966887417219,LOW_CONFIDENCE,nist-sp-800-61r3-response|nist-sp-800-61r3-containment,0,0,0,0.0,0,2,0.0,0.0
13971,VULNERABILITYSCAN,BENIGN,0.6111111111111112,LOW_CONFIDENCE,nist-sp-800-61r3-response|nist-sp-800-61r3-containment,0,0,0,0.0,0,2,0.0,0.0
13974,VULNERABILITYSCAN,BENIGN,0.5433962264150943,LOW_CONFIDENCE,nist-sp-800-61r3-response|nist-sp-800-61r3-containment,0,0,0,0.0,0,2,0.0,0.0
13975,VULNERABILITYSCAN,BENIGN,0.6111111111111112,LOW_CONFIDENCE,nist-sp-800-61r3-response|nist-sp-800-61r3-containment,0,0,0,0.0,0,2,0.0,0.0
13977,DNS_SPOOFING,BENIGN,0.6111111111111112,LOW_CONFIDENCE,nist-sp-800-61r3-response|nist-sp-800-61r3-containment,0,0,0,0.0,0,2,0.0,0.0
13979,VULNERABILITYSCAN,BENIGN,0.6111111111111112,LOW_CONFIDENCE,nist-sp-800-61r3-response|nist-sp-800-61r3-containment,0,0,0,0.0,0,2,0.0,0.0
13980,VULNERABILITYSCAN,BENIGN,0.5433962264150943,LOW_CONFIDENCE,nist-sp-800-61r3-response|nist-sp-800-61r3-containment,0,0,0,0.0,0,2,0.0,0.0
13982,VULNERABILITYSCAN,BENIGN,0.6754966887417219,LOW_CONFIDENCE,nist-sp-800-61r3-response|nist-sp-800-61r3-containment,0,0,0,0.0,0,2,0.0,0.0
13985,VULNERABILITYSCAN,BENIGN,0.6881188118811881,LOW_CONFIDENCE,nist-sp-800-61r3-response|nist-sp-800-61r3-containment,0,0,0,0.0,0,2,0.0,0.0
13986,VULNERABILITYSCAN,BENIGN,0.5433962264150943,LOW_CONFIDENCE,nist-sp-800-61r3-response|nist-sp-800-61r3-containment,0,0,0,0.0,0,2,0.0,0.0
13988,VULNERABILITYSCAN,BENIGN,0.5821917808219178,LOW_CONFIDENCE,nist-sp-800-61r3-response|nist-sp-800-61r3-containment,0,0,0,0.0,0,2,0.0,0.0
13989,VULNERABILITYSCAN,BENIGN,0.5865921787709497,LOW_CONFIDENCE,nist-sp-800-61r3-response|nist-sp-800-61r3-containment,0,0,0,0.0,0,2,0.0,0.0
13992,VULNERABILITYSCAN,BENIGN,0.6111111111111112,LOW_CONFIDENCE,nist-sp-800-61r3-response|nist-sp-800-61r3-containment,0,0,0,0.0,0,2,0.0,0.0
13993,VULNERABILITYSCAN,BENIGN,0.625,LOW_CONFIDENCE,nist-sp-800-61r3-response|nist-sp-800-61r3-containment,0,0,0,0.0,0,2,0.0,0.0
14002,VULNERABILITYSCAN,BENIGN,0.5865921787709497,LOW_CONFIDENCE,nist-sp-800-61r3-response|nist-sp-800-61r3-containment,0,0,0,0.0,0,2,0.0,0.0
14004,VULNERABILITYSCAN,BENIGN,0.6767857142857143,LOW_CONFIDENCE,nist-sp-800-61r3-response|nist-sp-800-61r3-containment|mitre-t1046-overview|mitre-t1498-detection,0,1,3,0.3333333333333333,1,4,0.25,0.25
14005,VULNERABILITYSCAN,BENIGN,0.6282051282051282,LOW_CONFIDENCE,nist-sp-800-61r3-response|nist-sp-800-61r3-containment|mitre-t1046-overview|mitre-t1498-detection,0,1,3,0.3333333333333333,1,4,0.25,0.25
14006,VULNERABILITYSCAN,BENIGN,0.6767857142857143,LOW_CONFIDENCE,nist-sp-800-61r3-response|nist-sp-800-61r3-containment|mitre-t1046-overview|mitre-t1498-detection,0,1,3,0.3333333333333333,1,4,0.25,0.25
14008,VULNERABILITYSCAN,BENIGN,0.6767857142857143,LOW_CONFIDENCE,nist-sp-800-61r3-response|nist-sp-800-61r3-containment,0,0,0,0.0,0,2,0.0,0.0
14021,VULNERABILITYSCAN,BENIGN,0.6111111111111112,LOW_CONFIDENCE,nist-sp-800-61r3-response|nist-sp-800-61r3-containment,0,0,0,0.0,0,2,0.0,0.0
14028,VULNERABILITYSCAN,BENIGN,0.6767857142857143,LOW_CONFIDENCE,nist-sp-800-61r3-response|nist-sp-800-61r3-containment,0,0,0,0.0,0,2,0.0,0.0
14031,VULNERABILITYSCAN,BENIGN,0.6767857142857143,LOW_CONFIDENCE,nist-sp-800-61r3-response|nist-sp-800-61r3-containment,0,0,0,0.0,0,2,0.0,0.0
14034,VULNERABILITYSCAN,BENIGN,0.6767857142857143,LOW_CONFIDENCE,nist-sp-800-61r3-response|nist-sp-800-61r3-containment,0,0,0,0.0,0,2,0.0,0.0
14038,VULNERABILITYSCAN,BENIGN,0.5260663507109006,LOW_CONFIDENCE,nist-sp-800-61r3-response|nist-sp-800-61r3-containment,0,0,0,0.0,0,2,0.0,0.0
14040,VULNERABILITYSCAN,BENIGN,0.6881188118811881,LOW_CONFIDENCE,nist-sp-800-61r3-response|nist-sp-800-61r3-containment,0,0,0,0.0,0,2,0.0,0.0
14045,VULNERABILITYSCAN,BENIGN,0.6754966887417219,LOW_CONFIDENCE,nist-sp-800-61r3-response|nist-sp-800-61r3-containment|mitre-t1046-overview|mitre-t1498-detection,0,1,3,0.3333333333333333,1,4,0.25,0.25
14047,VULNERABILITYSCAN,BENIGN,0.5821917808219178,LOW_CONFIDENCE,nist-sp-800-61r3-response|mitre-t1557-001-indicators|nist-sp-800-61r3-containment|mitre-t1046-overview,0,1,4,0.25,1,4,0.25,0.25
14052,VULNERABILITYSCAN,BENIGN,0.6111111111111112,LOW_CONFIDENCE,nist-sp-800-61r3-response|nist-sp-800-61r3-containment,0,0,0,0.0,0,2,0.0,0.0
14055,DNS_SPOOFING,BENIGN,0.6666666666666666,LOW_CONFIDENCE,nist-sp-800-61r3-response|nist-sp-800-61r3-containment|mitre-t1046-overview|mitre-t1498-detection,0,0,0,0.0,0,4,0.0,0.0
14062,VULNERABILITYSCAN,BENIGN,0.5865921787709497,LOW_CONFIDENCE,nist-sp-800-61r3-response|nist-sp-800-61r3-containment,0,0,0,0.0,0,2,0.0,0.0
14063,VULNERABILITYSCAN,BENIGN,0.6881188118811881,LOW_CONFIDENCE,nist-sp-800-61r3-response|nist-sp-800-61r3-containment|mitre-t1046-overview|mitre-t1498-detection,0,1,3,0.3333333333333333,1,4,0.25,0.25
14065,VULNERABILITYSCAN,BENIGN,0.5260663507109006,LOW_CONFIDENCE,nist-sp-800-61r3-response|nist-sp-800-61r3-containment,0,0,0,0.0,0,2,0.0,0.0
14068,VULNERABILITYSCAN,BENIGN,0.6548672566371682,LOW_CONFIDENCE,nist-sp-800-61r3-response|nist-sp-800-61r3-containment,0,0,0,0.0,0,2,0.0,0.0
14070,VULNERABILITYSCAN,BENIGN,0.5433962264150943,LOW_CONFIDENCE,nist-sp-800-61r3-response|nist-sp-800-61r3-containment|mitre-t1046-overview|mitre-t1498-detection,0,1,3,0.3333333333333333,1,4,0.25,0.25
14071,VULNERABILITYSCAN,BENIGN,0.5260663507109006,LOW_CONFIDENCE,nist-sp-800-61r3-response|nist-sp-800-61r3-containment,0,0,0,0.0,0,2,0.0,0.0
14072,VULNERABILITYSCAN,BENIGN,0.5260663507109006,LOW_CONFIDENCE,nist-sp-800-61r3-response|nist-sp-800-61r3-containment|mitre-t1046-overview|mitre-t1498-detection,0,1,3,0.3333333333333333,1,4,0.25,0.25
14075,DNS_SPOOFING,BENIGN,0.5865921787709497,LOW_CONFIDENCE,nist-sp-800-61r3-response|nist-sp-800-61r3-containment,0,0,0,0.0,0,2,0.0,0.0
14083,VULNERABILITYSCAN,BENIGN,0.6111111111111112,LOW_CONFIDENCE,nist-sp-800-61r3-response|nist-sp-800-61r3-containment,0,0,0,0.0,0,2,0.0,0.0
14085,VULNERABILITYSCAN,BENIGN,0.6767857142857143,LOW_CONFIDENCE,nist-sp-800-61r3-response|nist-sp-800-61r3-containment,0,0,0,0.0,0,2,0.0,0.0
14087,VULNERABILITYSCAN,BENIGN,0.6754966887417219,LOW_CONFIDENCE,nist-sp-800-61r3-response|nist-sp-800-61r3-containment,0,0,0,0.0,0,2,0.0,0.0
14089,VULNERABILITYSCAN,BENIGN,0.5952562918204342,LOW_CONFIDENCE,nist-sp-800-61r3-response|nist-sp-800-61r3-containment|mitre-t1046-overview|mitre-t1498-detection,0,1,3,0.3333333333333333,1,4,0.25,0.25
14091,VULNERABILITYSCAN,BENIGN,0.6881188118811881,LOW_CONFIDENCE,nist-sp-800-61r3-response|nist-sp-800-61r3-containment,0,0,0,0.0,0,2,0.0,0.0
14093,VULNERABILITYSCAN,BENIGN,0.6548672566371682,LOW_CONFIDENCE,nist-sp-800-61r3-response|nist-sp-800-61r3-containment,0,0,0,0.0,0,2,0.0,0.0
14096,VULNERABILITYSCAN,BENIGN,0.5260663507109006,LOW_CONFIDENCE,nist-sp-800-61r3-response|nist-sp-800-61r3-containment,0,0,0,0.0,0,2,0.0,0.0
14097,VULNERABILITYSCAN,BENIGN,0.5260663507109006,LOW_CONFIDENCE,nist-sp-800-61r3-response|mitre-t1557-001-indicators|nist-sp-800-61r3-containment,0,0,0,0.0,0,3,0.0,0.0
14098,VULNERABILITYSCAN,BENIGN,0.5865921787709497,LOW_CONFIDENCE,nist-sp-800-61r3-response|nist-sp-800-61r3-containment,0,0,0,0.0,0,2,0.0,0.0
14099,VULNERABILITYSCAN,BENIGN,0.6767857142857143,LOW_CONFIDENCE,nist-sp-800-61r3-response|nist-sp-800-61r3-containment,0,0,0,0.0,0,2,0.0,0.0
14101,VULNERABILITYSCAN,BENIGN,0.6767857142857143,LOW_CONFIDENCE,nist-sp-800-61r3-response|nist-sp-800-61r3-containment,0,0,0,0.0,0,2,0.0,0.0
14103,VULNERABILITYSCAN,BENIGN,0.6767857142857143,LOW_CONFIDENCE,nist-sp-800-61r3-response|nist-sp-800-61r3-containment,0,0,0,0.0,0,2,0.0,0.0
14104,DNS_SPOOFING,BENIGN,0.6881188118811881,LOW_CONFIDENCE,nist-sp-800-61r3-response|nist-sp-800-61r3-containment|mitre-t1046-overview|mitre-t1498-detection,0,0,0,0.0,0,4,0.0,0.0
14105,VULNERABILITYSCAN,BENIGN,0.6111111111111112,LOW_CONFIDENCE,nist-sp-800-61r3-response|nist-sp-800-61r3-containment,0,0,0,0.0,0,2,0.0,0.0
14109,VULNERABILITYSCAN,BENIGN,0.6767857142857143,LOW_CONFIDENCE,nist-sp-800-61r3-response|nist-sp-800-61r3-containment,0,0,0,0.0,0,2,0.0,0.0
14112,VULNERABILITYSCAN,BENIGN,0.6767857142857143,LOW_CONFIDENCE,nist-sp-800-61r3-response|nist-sp-800-61r3-containment|mitre-t1046-overview|mitre-t1498-detection,0,1,3,0.3333333333333333,1,4,0.25,0.25
14115,VULNERABILITYSCAN,BENIGN,0.6548672566371682,LOW_CONFIDENCE,nist-sp-800-61r3-response|nist-sp-800-61r3-containment,0,0,0,0.0,0,2,0.0,0.0
14116,VULNERABILITYSCAN,BENIGN,0.5260663507109006,LOW_CONFIDENCE,nist-sp-800-61r3-response|nist-sp-800-61r3-containment,0,0,0,0.0,0,2,0.0,0.0
14118,DNS_SPOOFING,BENIGN,0.5821917808219178,LOW_CONFIDENCE,nist-sp-800-61r3-response|nist-sp-800-61r3-containment|mitre-t1046-overview|mitre-t1498-detection,0,0,0,0.0,0,4,0.0,0.0
14119,VULNERABILITYSCAN,BENIGN,0.5433962264150943,LOW_CONFIDENCE,nist-sp-800-61r3-response|nist-sp-800-61r3-containment,0,0,0,0.0,0,2,0.0,0.0
14121,VULNERABILITYSCAN,BENIGN,0.5821917808219178,LOW_CONFIDENCE,nist-sp-800-61r3-response|nist-sp-800-61r3-containment|mitre-t1046-overview|mitre-t1498-detection,0,1,3,0.3333333333333333,1,4,0.25,0.25
14123,VULNERABILITYSCAN,BENIGN,0.6111111111111112,LOW_CONFIDENCE,nist-sp-800-61r3-response|nist-sp-800-61r3-containment,0,0,0,0.0,0,2,0.0,0.0
14129,VULNERABILITYSCAN,BENIGN,0.6767857142857143,LOW_CONFIDENCE,nist-sp-800-61r3-response|nist-sp-800-61r3-containment,0,0,0,0.0,0,2,0.0,0.0
14130,VULNERABILITYSCAN,BENIGN,0.6111111111111112,LOW_CONFIDENCE,nist-sp-800-61r3-response|nist-sp-800-61r3-containment|mitre-t1046-overview|mitre-t1498-detection,0,1,3,0.3333333333333333,1,4,0.25,0.25
14132,VULNERABILITYSCAN,BENIGN,0.6881188118811881,LOW_CONFIDENCE,nist-sp-800-61r3-response|nist-sp-800-61r3-containment,0,0,0,0.0,0,2,0.0,0.0
14135,VULNERABILITYSCAN,BENIGN,0.5260663507109006,LOW_CONFIDENCE,nist-sp-800-61r3-response|nist-sp-800-61r3-containment,0,0,0,0.0,0,2,0.0,0.0
14136,VULNERABILITYSCAN,BENIGN,0.6881188118811881,LOW_CONFIDENCE,nist-sp-800-61r3-response|nist-sp-800-61r3-containment|mitre-t1046-overview|mitre-t1498-detection,0,1,3,0.3333333333333333,1,4,0.25,0.25
14140,VULNERABILITYSCAN,BENIGN,0.5821917808219178,LOW_CONFIDENCE,nist-sp-800-61r3-response|nist-sp-800-61r3-containment,0,0,0,0.0,0,2,0.0,0.0
14141,VULNERABILITYSCAN,BENIGN,0.6767857142857143,LOW_CONFIDENCE,nist-sp-800-61r3-response|nist-sp-800-61r3-containment,0,0,0,0.0,0,2,0.0,0.0
14149,VULNERABILITYSCAN,BENIGN,0.6767857142857143,LOW_CONFIDENCE,nist-sp-800-61r3-response|nist-sp-800-61r3-containment,0,0,0,0.0,0,2,0.0,0.0
14150,VULNERABILITYSCAN,BENIGN,0.6767857142857143,LOW_CONFIDENCE,nist-sp-800-61r3-response|nist-sp-800-61r3-containment,0,0,0,0.0,0,2,0.0,0.0
14152,VULNERABILITYSCAN,BENIGN,0.6521739130434783,LOW_CONFIDENCE,nist-sp-800-61r3-response|nist-sp-800-61r3-containment|mitre-t1046-overview|mitre-t1498-detection,0,1,3,0.3333333333333333,1,4,0.25,0.25
14153,VULNERABILITYSCAN,BENIGN,0.6111111111111112,LOW_CONFIDENCE,nist-sp-800-61r3-response|nist-sp-800-61r3-containment,0,0,0,0.0,0,2,0.0,0.0
14157,VULNERABILITYSCAN,BENIGN,0.5821917808219178,LOW_CONFIDENCE,nist-sp-800-61r3-response|nist-sp-800-61r3-containment,0,0,0,0.0,0,2,0.0,0.0
14159,VULNERABILITYSCAN,BENIGN,0.6111111111111112,LOW_CONFIDENCE,nist-sp-800-61r3-response|nist-sp-800-61r3-containment,0,0,0,0.0,0,2,0.0,0.0
14163,VULNERABILITYSCAN,BENIGN,0.6111111111111112,LOW_CONFIDENCE,nist-sp-800-61r3-response|nist-sp-800-61r3-containment,0,0,0,0.0,0,2,0.0,0.0
14165,VULNERABILITYSCAN,BENIGN,0.5433962264150943,LOW_CONFIDENCE,nist-sp-800-61r3-response|nist-sp-800-61r3-containment,0,0,0,0.0,0,2,0.0,0.0
14167,VULNERABILITYSCAN,BENIGN,0.5260663507109006,LOW_CONFIDENCE,nist-sp-800-61r3-response|nist-sp-800-61r3-containment,0,0,0,0.0,0,2,0.0,0.0
14173,VULNERABILITYSCAN,BENIGN,0.5821917808219178,LOW_CONFIDENCE,nist-sp-800-61r3-response|nist-sp-800-61r3-containment|mitre-t1046-overview|mitre-t1498-detection,0,1,3,0.3333333333333333,1,4,0.25,0.25
14175,VULNERABILITYSCAN,BENIGN,0.6767857142857143,LOW_CONFIDENCE,nist-sp-800-61r3-response|nist-sp-800-61r3-containment,0,0,0,0.0,0,2,0.0,0.0
14177,VULNERABILITYSCAN,BENIGN,0.6767857142857143,LOW_CONFIDENCE,nist-sp-800-61r3-response|nist-sp-800-61r3-containment,0,0,0,0.0,0,2,0.0,0.0
14179,VULNERABILITYSCAN,BENIGN,0.6111111111111112,LOW_CONFIDENCE,nist-sp-800-61r3-response|nist-sp-800-61r3-containment|mitre-t1046-overview|mitre-t1498-detection,0,1,3,0.3333333333333333,1,4,0.25,0.25
14183,VULNERABILITYSCAN,BENIGN,0.5433962264150943,LOW_CONFIDENCE,nist-sp-800-61r3-response|nist-sp-800-61r3-containment,0,0,0,0.0,0,2,0.0,0.0
14184,VULNERABILITYSCAN,BENIGN,0.6767857142857143,LOW_CONFIDENCE,nist-sp-800-61r3-response|nist-sp-800-61r3-containment,0,0,0,0.0,0,2,0.0,0.0
14187,VULNERABILITYSCAN,BENIGN,0.6767857142857143,LOW_CONFIDENCE,nist-sp-800-61r3-response|nist-sp-800-61r3-containment,0,0,0,0.0,0,2,0.0,0.0
14191,VULNERABILITYSCAN,BENIGN,0.6111111111111112,LOW_CONFIDENCE,nist-sp-800-61r3-response|nist-sp-800-61r3-containment,0,0,0,0.0,0,2,0.0,0.0
14193,VULNERABILITYSCAN,BENIGN,0.6754966887417219,LOW_CONFIDENCE,nist-sp-800-61r3-response|nist-sp-800-61r3-containment|mitre-t1046-overview|mitre-t1498-detection,0,1,3,0.3333333333333333,1,4,0.25,0.25
14194,VULNERABILITYSCAN,BENIGN,0.5433962264150943,LOW_CONFIDENCE,nist-sp-800-61r3-response|nist-sp-800-61r3-containment,0,0,0,0.0,0,2,0.0,0.0
14197,VULNERABILITYSCAN,BENIGN,0.6282051282051282,LOW_CONFIDENCE,nist-sp-800-61r3-response|nist-sp-800-61r3-containment|mitre-t1046-overview|mitre-t1498-detection,0,1,3,0.3333333333333333,1,4,0.25,0.25
14202,VULNERABILITYSCAN,BENIGN,0.6881188118811881,LOW_CONFIDENCE,nist-sp-800-61r3-response|nist-sp-800-61r3-containment,0,0,0,0.0,0,2,0.0,0.0
14207,VULNERABILITYSCAN,BENIGN,0.6767857142857143,LOW_CONFIDENCE,nist-sp-800-61r3-response|nist-sp-800-61r3-containment,0,0,0,0.0,0,2,0.0,0.0
14208,VULNERABILITYSCAN,BENIGN,0.6111111111111112,LOW_CONFIDENCE,nist-sp-800-61r3-response|nist-sp-800-61r3-containment,0,0,0,0.0,0,2,0.0,0.0
14211,VULNERABILITYSCAN,BENIGN,0.6881188118811881,LOW_CONFIDENCE,nist-sp-800-61r3-response|nist-sp-800-61r3-containment|mitre-t1046-overview|mitre-t1498-detection,0,1,3,0.3333333333333333,1,4,0.25,0.25
14218,VULNERABILITYSCAN,BENIGN,0.6767857142857143,LOW_CONFIDENCE,nist-sp-800-61r3-response|nist-sp-800-61r3-containment,0,0,0,0.0,0,2,0.0,0.0
14219,VULNERABILITYSCAN,BENIGN,0.6548672566371682,LOW_CONFIDENCE,nist-sp-800-61r3-response|nist-sp-800-61r3-containment,0,0,0,0.0,0,2,0.0,0.0
14220,VULNERABILITYSCAN,BENIGN,0.6767857142857143,LOW_CONFIDENCE,nist-sp-800-61r3-response|nist-sp-800-61r3-containment,0,0,0,0.0,0,2,0.0,0.0
14221,VULNERABILITYSCAN,BENIGN,0.6767857142857143,LOW_CONFIDENCE,nist-sp-800-61r3-response|nist-sp-800-61r3-containment,0,0,0,0.0,0,2,0.0,0.0
14225,VULNERABILITYSCAN,BENIGN,0.5433962264150943,LOW_CONFIDENCE,nist-sp-800-61r3-response|nist-sp-800-61r3-containment,0,0,0,0.0,0,2,0.0,0.0
14229,VULNERABILITYSCAN,BENIGN,0.6111111111111112,LOW_CONFIDENCE,nist-sp-800-61r3-response|nist-sp-800-61r3-containment,0,0,0,0.0,0,2,0.0,0.0
14230,VULNERABILITYSCAN,BENIGN,0.5433962264150943,LOW_CONFIDENCE,nist-sp-800-61r3-response|nist-sp-800-61r3-containment|mitre-t1046-overview|mitre-t1498-detection,0,1,3,0.3333333333333333,1,4,0.25,0.25
14236,VULNERABILITYSCAN,BENIGN,0.5433962264150943,LOW_CONFIDENCE,nist-sp-800-61r3-response|nist-sp-800-61r3-containment|mitre-t1046-overview|mitre-t1498-detection,0,1,3,0.3333333333333333,1,4,0.25,0.25
14239,DNS_SPOOFING,BENIGN,0.5260663507109006,LOW_CONFIDENCE,nist-sp-800-61r3-response|nist-sp-800-61r3-containment,0,0,0,0.0,0,2,0.0,0.0
14247,VULNERABILITYSCAN,BENIGN,0.6767857142857143,LOW_CONFIDENCE,nist-sp-800-61r3-response|nist-sp-800-61r3-containment,0,0,0,0.0,0,2,0.0,0.0
14252,VULNERABILITYSCAN,BENIGN,0.6282051282051282,LOW_CONFIDENCE,nist-sp-800-61r3-response|nist-sp-800-61r3-containment,0,0,0,0.0,0,2,0.0,0.0
14256,VULNERABILITYSCAN,BENIGN,0.65809355021575,LOW_CONFIDENCE,nist-sp-800-61r3-response|nist-sp-800-61r3-containment,0,0,0,0.0,0,2,0.0,0.0
14260,VULNERABILITYSCAN,BENIGN,0.6881188118811881,LOW_CONFIDENCE,nist-sp-800-61r3-response|nist-sp-800-61r3-containment|mitre-t1046-overview|mitre-t1498-detection,0,1,3,0.3333333333333333,1,4,0.25,0.25
14262,VULNERABILITYSCAN,BENIGN,0.6548672566371682,LOW_CONFIDENCE,nist-sp-800-61r3-response|nist-sp-800-61r3-containment,0,0,0,0.0,0,2,0.0,0.0
14266,VULNERABILITYSCAN,BENIGN,0.5865921787709497,LOW_CONFIDENCE,nist-sp-800-61r3-response|nist-sp-800-61r3-containment|mitre-t1046-overview|mitre-t1498-detection,0,1,3,0.3333333333333333,1,4,0.25,0.25
14267,VULNERABILITYSCAN,BENIGN,0.6548672566371682,LOW_CONFIDENCE,nist-sp-800-61r3-response|nist-sp-800-61r3-containment,0,0,0,0.0,0,2,0.0,0.0
14269,DNS_SPOOFING,BENIGN,0.5433962264150943,LOW_CONFIDENCE,nist-sp-800-61r3-response|nist-sp-800-61r3-containment|mitre-t1046-overview|mitre-t1498-detection,0,0,0,0.0,0,4,0.0,0.0
14272,VULNERABILITYSCAN,BENIGN,0.5865921787709497,LOW_CONFIDENCE,nist-sp-800-61r3-response|nist-sp-800-61r3-containment,0,0,0,0.0,0,2,0.0,0.0
14273,VULNERABILITYSCAN,BENIGN,0.5260663507109006,LOW_CONFIDENCE,nist-sp-800-61r3-response|nist-sp-800-61r3-containment|mitre-t1046-overview|mitre-t1498-detection,0,1,3,0.3333333333333333,1,4,0.25,0.25
14274,VULNERABILITYSCAN,BENIGN,0.5433962264150943,LOW_CONFIDENCE,nist-sp-800-61r3-response|nist-sp-800-61r3-containment,0,0,0,0.0,0,2,0.0,0.0
14277,VULNERABILITYSCAN,BENIGN,0.6111111111111112,LOW_CONFIDENCE,nist-sp-800-61r3-response|nist-sp-800-61r3-containment,0,0,0,0.0,0,2,0.0,0.0
14278,VULNERABILITYSCAN,BENIGN,0.5260663507109006,LOW_CONFIDENCE,nist-sp-800-61r3-response|nist-sp-800-61r3-containment|mitre-t1046-overview|mitre-t1498-detection,0,1,3,0.3333333333333333,1,4,0.25,0.25
14280,VULNERABILITYSCAN,BENIGN,0.6767857142857143,LOW_CONFIDENCE,nist-sp-800-61r3-response|nist-sp-800-61r3-containment,0,0,0,0.0,0,2,0.0,0.0
14282,VULNERABILITYSCAN,BENIGN,0.6881188118811881,LOW_CONFIDENCE,nist-sp-800-61r3-response|nist-sp-800-61r3-containment,0,0,0,0.0,0,2,0.0,0.0
14284,VULNERABILITYSCAN,BENIGN,0.5433962264150943,LOW_CONFIDENCE,nist-sp-800-61r3-response|nist-sp-800-61r3-containment,0,0,0,0.0,0,2,0.0,0.0
14285,VULNERABILITYSCAN,BENIGN,0.5821917808219178,LOW_CONFIDENCE,nist-sp-800-61r3-response|nist-sp-800-61r3-containment,0,0,0,0.0,0,2,0.0,0.0
14289,VULNERABILITYSCAN,BENIGN,0.6881188118811881,LOW_CONFIDENCE,nist-sp-800-61r3-response|nist-sp-800-61r3-containment,0,0,0,0.0,0,2,0.0,0.0
14290,VULNERABILITYSCAN,BENIGN,0.5260663507109006,LOW_CONFIDENCE,nist-sp-800-61r3-response|nist-sp-800-61r3-containment,0,0,0,0.0,0,2,0.0,0.0
14291,VULNERABILITYSCAN,BENIGN,0.6881188118811881,LOW_CONFIDENCE,nist-sp-800-61r3-response|nist-sp-800-61r3-containment,0,0,0,0.0,0,2,0.0,0.0
14295,VULNERABILITYSCAN,BENIGN,0.5260663507109006,LOW_CONFIDENCE,nist-sp-800-61r3-response|nist-sp-800-61r3-containment,0,0,0,0.0,0,2,0.0,0.0
14303,DNS_SPOOFING,BENIGN,0.6881188118811881,LOW_CONFIDENCE,nist-sp-800-61r3-response|nist-sp-800-61r3-containment|mitre-t1046-overview|mitre-t1498-detection,0,0,0,0.0,0,4,0.0,0.0
14311,VULNERABILITYSCAN,BENIGN,0.5260663507109006,LOW_CONFIDENCE,nist-sp-800-61r3-response|mitre-t1557-001-indicators|nist-sp-800-61r3-containment,0,0,0,0.0,0,3,0.0,0.0
14313,VULNERABILITYSCAN,BENIGN,0.6111111111111112,LOW_CONFIDENCE,nist-sp-800-61r3-response|nist-sp-800-61r3-containment,0,0,0,0.0,0,2,0.0,0.0
14316,VULNERABILITYSCAN,BENIGN,0.6881188118811881,LOW_CONFIDENCE,nist-sp-800-61r3-response|nist-sp-800-61r3-containment|mitre-t1046-overview|mitre-t1498-detection,0,1,3,0.3333333333333333,1,4,0.25,0.25
14317,VULNERABILITYSCAN,BENIGN,0.6666666666666667,LOW_CONFIDENCE,nist-sp-800-61r3-response|nist-sp-800-61r3-containment,0,0,0,0.0,0,2,0.0,0.0
14318,VULNERABILITYSCAN,BENIGN,0.6767857142857143,LOW_CONFIDENCE,nist-sp-800-61r3-response|nist-sp-800-61r3-containment|mitre-t1046-overview|mitre-t1498-detection,0,1,3,0.3333333333333333,1,4,0.25,0.25
14320,VULNERABILITYSCAN,BENIGN,0.6767857142857143,LOW_CONFIDENCE,nist-sp-800-61r3-response|nist-sp-800-61r3-containment,0,0,0,0.0,0,2,0.0,0.0
14327,VULNERABILITYSCAN,BENIGN,0.5260663507109006,LOW_CONFIDENCE,nist-sp-800-61r3-response|nist-sp-800-61r3-containment,0,0,0,0.0,0,2,0.0,0.0
14328,VULNERABILITYSCAN,BENIGN,0.6881188118811881,LOW_CONFIDENCE,nist-sp-800-61r3-response|nist-sp-800-61r3-containment,0,0,0,0.0,0,2,0.0,0.0
14329,VULNERABILITYSCAN,BENIGN,0.6881188118811881,LOW_CONFIDENCE,nist-sp-800-61r3-response|nist-sp-800-61r3-containment,0,0,0,0.0,0,2,0.0,0.0
14331,VULNERABILITYSCAN,BENIGN,0.5433962264150943,LOW_CONFIDENCE,nist-sp-800-61r3-response|nist-sp-800-61r3-containment|mitre-t1046-overview|mitre-t1498-detection,0,1,3,0.3333333333333333,1,4,0.25,0.25
14332,VULNERABILITYSCAN,BENIGN,0.5433962264150943,LOW_CONFIDENCE,nist-sp-800-61r3-response|nist-sp-800-61r3-containment,0,0,0,0.0,0,2,0.0,0.0
14333,VULNERABILITYSCAN,BENIGN,0.5260663507109006,LOW_CONFIDENCE,nist-sp-800-61r3-response|nist-sp-800-61r3-containment,0,0,0,0.0,0,2,0.0,0.0
14339,VULNERABILITYSCAN,BENIGN,0.5433962264150943,LOW_CONFIDENCE,nist-sp-800-61r3-response|nist-sp-800-61r3-containment,0,0,0,0.0,0,2,0.0,0.0
14345,VULNERABILITYSCAN,BENIGN,0.6754966887417219,LOW_CONFIDENCE,nist-sp-800-61r3-response|nist-sp-800-61r3-containment|mitre-t1046-overview|mitre-t1498-detection,0,1,3,0.3333333333333333,1,4,0.25,0.25
14347,VULNERABILITYSCAN,BENIGN,0.6767857142857143,LOW_CONFIDENCE,nist-sp-800-61r3-response|nist-sp-800-61r3-containment,0,0,0,0.0,0,2,0.0,0.0
14348,VULNERABILITYSCAN,BENIGN,0.6548672566371682,LOW_CONFIDENCE,nist-sp-800-61r3-response|nist-sp-800-61r3-containment,0,0,0,0.0,0,2,0.0,0.0
14349,VULNERABILITYSCAN,BENIGN,0.5821917808219178,LOW_CONFIDENCE,nist-sp-800-61r3-response|nist-sp-800-61r3-containment,0,0,0,0.0,0,2,0.0,0.0
14351,VULNERABILITYSCAN,BENIGN,0.5433962264150943,LOW_CONFIDENCE,nist-sp-800-61r3-response|nist-sp-800-61r3-containment,0,0,0,0.0,0,2,0.0,0.0
14352,VULNERABILITYSCAN,BENIGN,0.6282051282051282,LOW_CONFIDENCE,nist-sp-800-61r3-response|nist-sp-800-61r3-containment,0,0,0,0.0,0,2,0.0,0.0
14354,VULNERABILITYSCAN,BENIGN,0.6548672566371682,LOW_CONFIDENCE,nist-sp-800-61r3-response|nist-sp-800-61r3-containment,0,0,0,0.0,0,2,0.0,0.0
14357,DNS_SPOOFING,BENIGN,0.5821917808219178,LOW_CONFIDENCE,nist-sp-800-61r3-response|nist-sp-800-61r3-containment|mitre-t1046-overview|mitre-t1498-detection,0,0,0,0.0,0,4,0.0,0.0
14358,VULNERABILITYSCAN,BENIGN,0.5865921787709497,LOW_CONFIDENCE,nist-sp-800-61r3-response|nist-sp-800-61r3-containment,0,0,0,0.0,0,2,0.0,0.0
14364,VULNERABILITYSCAN,BENIGN,0.5260663507109006,LOW_CONFIDENCE,nist-sp-800-61r3-response|nist-sp-800-61r3-containment,0,0,0,0.0,0,2,0.0,0.0
14365,VULNERABILITYSCAN,BENIGN,0.6548672566371682,LOW_CONFIDENCE,nist-sp-800-61r3-response|nist-sp-800-61r3-containment,0,0,0,0.0,0,2,0.0,0.0
14366,VULNERABILITYSCAN,BENIGN,0.6282051282051282,LOW_CONFIDENCE,nist-sp-800-61r3-response|nist-sp-800-61r3-containment|mitre-t1046-overview|mitre-t1498-detection,0,1,3,0.3333333333333333,1,4,0.25,0.25
14367,VULNERABILITYSCAN,BENIGN,0.5260663507109006,LOW_CONFIDENCE,nist-sp-800-61r3-response|nist-sp-800-61r3-containment,0,0,0,0.0,0,2,0.0,0.0
14368,VULNERABILITYSCAN,BENIGN,0.6767857142857143,LOW_CONFIDENCE,nist-sp-800-61r3-response|nist-sp-800-61r3-containment,0,0,0,0.0,0,2,0.0,0.0
14369,VULNERABILITYSCAN,BENIGN,0.6548672566371682,LOW_CONFIDENCE,nist-sp-800-61r3-response|nist-sp-800-61r3-containment,0,0,0,0.0,0,2,0.0,0.0
14374,VULNERABILITYSCAN,BENIGN,0.6767857142857143,LOW_CONFIDENCE,nist-sp-800-61r3-response|nist-sp-800-61r3-containment,0,0,0,0.0,0,2,0.0,0.0
14377,VULNERABILITYSCAN,BENIGN,0.6548672566371682,LOW_CONFIDENCE,nist-sp-800-61r3-response|nist-sp-800-61r3-containment,0,0,0,0.0,0,2,0.0,0.0
14378,VULNERABILITYSCAN,BENIGN,0.6767857142857143,LOW_CONFIDENCE,nist-sp-800-61r3-response|nist-sp-800-61r3-containment,0,0,0,0.0,0,2,0.0,0.0
14383,VULNERABILITYSCAN,BENIGN,0.6881188118811881,LOW_CONFIDENCE,nist-sp-800-61r3-response|nist-sp-800-61r3-containment|mitre-t1046-overview|mitre-t1498-detection,0,1,3,0.3333333333333333,1,4,0.25,0.25
14385,VULNERABILITYSCAN,BENIGN,0.6881188118811881,LOW_CONFIDENCE,nist-sp-800-61r3-response|nist-sp-800-61r3-containment|mitre-t1046-overview|mitre-t1498-detection,0,1,3,0.3333333333333333,1,4,0.25,0.25
14386,VULNERABILITYSCAN,BENIGN,0.6767857142857143,LOW_CONFIDENCE,nist-sp-800-61r3-response|nist-sp-800-61r3-containment,0,0,0,0.0,0,2,0.0,0.0
14389,VULNERABILITYSCAN,BENIGN,0.5865921787709497,LOW_CONFIDENCE,nist-sp-800-61r3-response|nist-sp-800-61r3-containment,0,0,0,0.0,0,2,0.0,0.0
14391,DNS_SPOOFING,BENIGN,0.6881188118811881,LOW_CONFIDENCE,nist-sp-800-61r3-response|nist-sp-800-61r3-containment,0,0,0,0.0,0,2,0.0,0.0
14397,VULNERABILITYSCAN,BENIGN,0.6111111111111112,LOW_CONFIDENCE,nist-sp-800-61r3-response|nist-sp-800-61r3-containment,0,0,0,0.0,0,2,0.0,0.0
14398,VULNERABILITYSCAN,BENIGN,0.6111111111111112,LOW_CONFIDENCE,nist-sp-800-61r3-response|nist-sp-800-61r3-containment,0,0,0,0.0,0,2,0.0,0.0
14405,VULNERABILITYSCAN,BENIGN,0.6548672566371682,LOW_CONFIDENCE,nist-sp-800-61r3-response|nist-sp-800-61r3-containment,0,0,0,0.0,0,2,0.0,0.0
14407,VULNERABILITYSCAN,BENIGN,0.5433962264150943,LOW_CONFIDENCE,nist-sp-800-61r3-response|nist-sp-800-61r3-containment,0,0,0,0.0,0,2,0.0,0.0
14408,VULNERABILITYSCAN,BENIGN,0.6767857142857143,LOW_CONFIDENCE,nist-sp-800-61r3-response|nist-sp-800-61r3-containment,0,0,0,0.0,0,2,0.0,0.0
14411,VULNERABILITYSCAN,BENIGN,0.6548672566371682,LOW_CONFIDENCE,nist-sp-800-61r3-response|nist-sp-800-61r3-containment,0,0,0,0.0,0,2,0.0,0.0
14412,VULNERABILITYSCAN,BENIGN,0.5433962264150943,LOW_CONFIDENCE,nist-sp-800-61r3-response|nist-sp-800-61r3-containment,0,0,0,0.0,0,2,0.0,0.0
14413,VULNERABILITYSCAN,BENIGN,0.6111111111111112,LOW_CONFIDENCE,nist-sp-800-61r3-response|nist-sp-800-61r3-containment,0,0,0,0.0,0,2,0.0,0.0
14415,VULNERABILITYSCAN,BENIGN,0.5433962264150943,LOW_CONFIDENCE,nist-sp-800-61r3-response|nist-sp-800-61r3-containment,0,0,0,0.0,0,2,0.0,0.0
14417,VULNERABILITYSCAN,BENIGN,0.5260663507109006,LOW_CONFIDENCE,nist-sp-800-61r3-response|nist-sp-800-61r3-containment|mitre-t1046-overview|mitre-t1498-detection,0,1,3,0.3333333333333333,1,4,0.25,0.25
14422,VULNERABILITYSCAN,BENIGN,0.5865921787709497,LOW_CONFIDENCE,nist-sp-800-61r3-response|nist-sp-800-61r3-containment,0,0,0,0.0,0,2,0.0,0.0
14426,DNS_SPOOFING,BENIGN,0.5433962264150943,LOW_CONFIDENCE,nist-sp-800-61r3-response|nist-sp-800-61r3-containment,0,0,0,0.0,0,2,0.0,0.0
14432,VULNERABILITYSCAN,BENIGN,0.5260663507109006,LOW_CONFIDENCE,nist-sp-800-61r3-response|nist-sp-800-61r3-containment,0,0,0,0.0,0,2,0.0,0.0
14435,VULNERABILITYSCAN,BENIGN,0.6767857142857143,LOW_CONFIDENCE,nist-sp-800-61r3-response|nist-sp-800-61r3-containment,0,0,0,0.0,0,2,0.0,0.0
14439,VULNERABILITYSCAN,BENIGN,0.6754966887417219,LOW_CONFIDENCE,nist-sp-800-61r3-response|nist-sp-800-61r3-containment,0,0,0,0.0,0,2,0.0,0.0
14440,VULNERABILITYSCAN,BENIGN,0.5433962264150943,LOW_CONFIDENCE,nist-sp-800-61r3-response|nist-sp-800-61r3-containment,0,0,0,0.0,0,2,0.0,0.0
14446,VULNERABILITYSCAN,BENIGN,0.6767857142857143,LOW_CONFIDENCE,nist-sp-800-61r3-response|nist-sp-800-61r3-containment|mitre-t1046-overview|mitre-t1498-detection,0,1,3,0.3333333333333333,1,4,0.25,0.25
14451,VULNERABILITYSCAN,BENIGN,0.6767857142857143,LOW_CONFIDENCE,nist-sp-800-61r3-response|nist-sp-800-61r3-containment,0,0,0,0.0,0,2,0.0,0.0
14452,VULNERABILITYSCAN,BENIGN,0.6767857142857143,LOW_CONFIDENCE,nist-sp-800-61r3-response|nist-sp-800-61r3-containment,0,0,0,0.0,0,2,0.0,0.0
14453,VULNERABILITYSCAN,BENIGN,0.6881188118811881,LOW_CONFIDENCE,nist-sp-800-61r3-response|nist-sp-800-61r3-containment|mitre-t1046-overview|mitre-t1498-detection,0,1,3,0.3333333333333333,1,4,0.25,0.25
14457,VULNERABILITYSCAN,BENIGN,0.6548672566371682,LOW_CONFIDENCE,nist-sp-800-61r3-response|nist-sp-800-61r3-containment,0,0,0,0.0,0,2,0.0,0.0
14458,VULNERABILITYSCAN,BENIGN,0.5865921787709497,LOW_CONFIDENCE,nist-sp-800-61r3-response|nist-sp-800-61r3-containment,0,0,0,0.0,0,2,0.0,0.0
14460,VULNERABILITYSCAN,BENIGN,0.625,LOW_CONFIDENCE,nist-sp-800-61r3-response|nist-sp-800-61r3-containment,0,0,0,0.0,0,2,0.0,0.0
14461,DNS_SPOOFING,BENIGN,0.6111111111111112,LOW_CONFIDENCE,nist-sp-800-61r3-response|nist-sp-800-61r3-containment,0,0,0,0.0,0,2,0.0,0.0
14463,VULNERABILITYSCAN,BENIGN,0.6767857142857143,LOW_CONFIDENCE,nist-sp-800-61r3-response|nist-sp-800-61r3-containment|mitre-t1046-overview|mitre-t1498-detection,0,1,3,0.3333333333333333,1,4,0.25,0.25
14465,VULNERABILITYSCAN,BENIGN,0.6754966887417219,LOW_CONFIDENCE,nist-sp-800-61r3-response|nist-sp-800-61r3-containment|mitre-t1046-overview|mitre-t1498-detection,0,1,3,0.3333333333333333,1,4,0.25,0.25
14467,VULNERABILITYSCAN,BENIGN,0.6548672566371682,LOW_CONFIDENCE,nist-sp-800-61r3-response|nist-sp-800-61r3-containment,0,0,0,0.0,0,2,0.0,0.0
14469,VULNERABILITYSCAN,BENIGN,0.5260663507109006,LOW_CONFIDENCE,nist-sp-800-61r3-response|nist-sp-800-61r3-containment|mitre-t1046-overview|mitre-t1498-detection,0,1,3,0.3333333333333333,1,4,0.25,0.25
14470,VULNERABILITYSCAN,BENIGN,0.6754966887417219,LOW_CONFIDENCE,nist-sp-800-61r3-response|nist-sp-800-61r3-containment|mitre-t1046-overview|mitre-t1498-detection,0,1,3,0.3333333333333333,1,4,0.25,0.25
14473,DNS_SPOOFING,BENIGN,0.5865921787709497,LOW_CONFIDENCE,nist-sp-800-61r3-response|nist-sp-800-61r3-containment,0,0,0,0.0,0,2,0.0,0.0
14485,VULNERABILITYSCAN,BENIGN,0.5433962264150943,LOW_CONFIDENCE,nist-sp-800-61r3-response|nist-sp-800-61r3-containment,0,0,0,0.0,0,2,0.0,0.0
14487,VULNERABILITYSCAN,BENIGN,0.6767857142857143,LOW_CONFIDENCE,nist-sp-800-61r3-response|nist-sp-800-61r3-containment,0,0,0,0.0,0,2,0.0,0.0
14491,VULNERABILITYSCAN,BENIGN,0.6111111111111112,LOW_CONFIDENCE,nist-sp-800-61r3-response|nist-sp-800-61r3-containment,0,0,0,0.0,0,2,0.0,0.0
14494,VULNERABILITYSCAN,BENIGN,0.6666666666666667,LOW_CONFIDENCE,nist-sp-800-61r3-response|nist-sp-800-61r3-containment,0,0,0,0.0,0,2,0.0,0.0
14497,VULNERABILITYSCAN,BENIGN,0.5260663507109006,LOW_CONFIDENCE,nist-sp-800-61r3-response|nist-sp-800-61r3-containment|mitre-t1046-overview|mitre-t1498-detection,0,1,3,0.3333333333333333,1,4,0.25,0.25
14499,VULNERABILITYSCAN,BENIGN,0.6111111111111112,LOW_CONFIDENCE,nist-sp-800-61r3-response|nist-sp-800-61r3-containment,0,0,0,0.0,0,2,0.0,0.0
14501,VULNERABILITYSCAN,BENIGN,0.6881188118811881,LOW_CONFIDENCE,nist-sp-800-61r3-response|nist-sp-800-61r3-containment,0,0,0,0.0,0,2,0.0,0.0
14503,VULNERABILITYSCAN,BENIGN,0.6754966887417219,LOW_CONFIDENCE,nist-sp-800-61r3-response|nist-sp-800-61r3-containment|mitre-t1046-overview|mitre-t1498-detection,0,1,3,0.3333333333333333,1,4,0.25,0.25
14505,VULNERABILITYSCAN,BENIGN,0.6767857142857143,LOW_CONFIDENCE,nist-sp-800-61r3-response|nist-sp-800-61r3-containment,0,0,0,0.0,0,2,0.0,0.0
14506,VULNERABILITYSCAN,BENIGN,0.6111111111111112,LOW_CONFIDENCE,nist-sp-800-61r3-response|nist-sp-800-61r3-containment,0,0,0,0.0,0,2,0.0,0.0
14507,VULNERABILITYSCAN,BENIGN,0.5260663507109006,LOW_CONFIDENCE,nist-sp-800-61r3-response|nist-sp-800-61r3-containment|mitre-t1046-overview|mitre-t1498-detection,0,1,3,0.3333333333333333,1,4,0.25,0.25
14514,VULNERABILITYSCAN,BENIGN,0.6754966887417219,LOW_CONFIDENCE,nist-sp-800-61r3-response|nist-sp-800-61r3-containment|mitre-t1046-overview|mitre-t1498-detection,0,1,3,0.3333333333333333,1,4,0.25,0.25
14522,VULNERABILITYSCAN,BENIGN,0.6767857142857143,LOW_CONFIDENCE,nist-sp-800-61r3-response|nist-sp-800-61r3-containment|mitre-t1046-overview|mitre-t1498-detection,0,1,3,0.3333333333333333,1,4,0.25,0.25
14523,VULNERABILITYSCAN,BENIGN,0.6767857142857143,LOW_CONFIDENCE,nist-sp-800-61r3-response|nist-sp-800-61r3-containment,0,0,0,0.0,0,2,0.0,0.0
14524,DNS_SPOOFING,BENIGN,0.6767857142857143,LOW_CONFIDENCE,nist-sp-800-61r3-response|nist-sp-800-61r3-containment,0,0,0,0.0,0,2,0.0,0.0
14527,VULNERABILITYSCAN,BENIGN,0.6548672566371682,LOW_CONFIDENCE,nist-sp-800-61r3-response|nist-sp-800-61r3-containment,0,0,0,0.0,0,2,0.0,0.0
14528,VULNERABILITYSCAN,BENIGN,0.5433962264150943,LOW_CONFIDENCE,nist-sp-800-61r3-response|nist-sp-800-61r3-containment,0,0,0,0.0,0,2,0.0,0.0
14532,VULNERABILITYSCAN,BENIGN,0.5433962264150943,LOW_CONFIDENCE,nist-sp-800-61r3-response|nist-sp-800-61r3-containment,0,0,0,0.0,0,2,0.0,0.0
14534,VULNERABILITYSCAN,BENIGN,0.6548672566371682,LOW_CONFIDENCE,nist-sp-800-61r3-response|nist-sp-800-61r3-containment,0,0,0,0.0,0,2,0.0,0.0
14535,VULNERABILITYSCAN,BENIGN,0.5260663507109006,LOW_CONFIDENCE,nist-sp-800-61r3-response|nist-sp-800-61r3-containment,0,0,0,0.0,0,2,0.0,0.0
14536,VULNERABILITYSCAN,BENIGN,0.6767857142857143,LOW_CONFIDENCE,nist-sp-800-61r3-response|nist-sp-800-61r3-containment,0,0,0,0.0,0,2,0.0,0.0
14537,VULNERABILITYSCAN,BENIGN,0.6282051282051282,LOW_CONFIDENCE,nist-sp-800-61r3-response|nist-sp-800-61r3-containment,0,0,0,0.0,0,2,0.0,0.0
14540,VULNERABILITYSCAN,BENIGN,0.6767857142857143,LOW_CONFIDENCE,nist-sp-800-61r3-response|nist-sp-800-61r3-containment,0,0,0,0.0,0,2,0.0,0.0
14541,VULNERABILITYSCAN,BENIGN,0.6111111111111112,LOW_CONFIDENCE,nist-sp-800-61r3-response|nist-sp-800-61r3-containment,0,0,0,0.0,0,2,0.0,0.0
14546,VULNERABILITYSCAN,BENIGN,0.5433962264150943,LOW_CONFIDENCE,nist-sp-800-61r3-response|nist-sp-800-61r3-containment,0,0,0,0.0,0,2,0.0,0.0
14547,VULNERABILITYSCAN,BENIGN,0.6111111111111112,LOW_CONFIDENCE,nist-sp-800-61r3-response|nist-sp-800-61r3-containment,0,0,0,0.0,0,2,0.0,0.0
14549,VULNERABILITYSCAN,BENIGN,0.5865921787709497,LOW_CONFIDENCE,nist-sp-800-61r3-response|nist-sp-800-61r3-containment|mitre-t1046-overview|mitre-t1498-detection,0,1,3,0.3333333333333333,1,4,0.25,0.25
14551,VULNERABILITYSCAN,BENIGN,0.6767857142857143,LOW_CONFIDENCE,nist-sp-800-61r3-response|nist-sp-800-61r3-containment,0,0,0,0.0,0,2,0.0,0.0
14556,VULNERABILITYSCAN,BENIGN,0.6767857142857143,LOW_CONFIDENCE,nist-sp-800-61r3-response|nist-sp-800-61r3-containment,0,0,0,0.0,0,2,0.0,0.0
14557,VULNERABILITYSCAN,BENIGN,0.6767857142857143,LOW_CONFIDENCE,nist-sp-800-61r3-response|nist-sp-800-61r3-containment,0,0,0,0.0,0,2,0.0,0.0
14558,VULNERABILITYSCAN,BENIGN,0.5433962264150943,LOW_CONFIDENCE,nist-sp-800-61r3-response|nist-sp-800-61r3-containment,0,0,0,0.0,0,2,0.0,0.0
14561,VULNERABILITYSCAN,BENIGN,0.5433962264150943,LOW_CONFIDENCE,nist-sp-800-61r3-response|nist-sp-800-61r3-containment,0,0,0,0.0,0,2,0.0,0.0
14563,VULNERABILITYSCAN,BENIGN,0.6767857142857143,LOW_CONFIDENCE,nist-sp-800-61r3-response|nist-sp-800-61r3-containment,0,0,0,0.0,0,2,0.0,0.0
14566,VULNERABILITYSCAN,BENIGN,0.6548672566371682,LOW_CONFIDENCE,nist-sp-800-61r3-response|nist-sp-800-61r3-containment|mitre-t1046-overview|mitre-t1498-detection,0,1,3,0.3333333333333333,1,4,0.25,0.25
14568,DNS_SPOOFING,BENIGN,0.6548672566371682,LOW_CONFIDENCE,nist-sp-800-61r3-response|nist-sp-800-61r3-containment,0,0,0,0.0,0,2,0.0,0.0
14570,VULNERABILITYSCAN,BENIGN,0.6111111111111112,LOW_CONFIDENCE,nist-sp-800-61r3-response|nist-sp-800-61r3-containment,0,0,0,0.0,0,2,0.0,0.0
14575,VULNERABILITYSCAN,BENIGN,0.5865921787709497,LOW_CONFIDENCE,nist-sp-800-61r3-response|nist-sp-800-61r3-containment,0,0,0,0.0,0,2,0.0,0.0
14577,VULNERABILITYSCAN,BENIGN,0.6548672566371682,LOW_CONFIDENCE,nist-sp-800-61r3-response|nist-sp-800-61r3-containment,0,0,0,0.0,0,2,0.0,0.0
14578,VULNERABILITYSCAN,BENIGN,0.6111111111111112,LOW_CONFIDENCE,nist-sp-800-61r3-response|nist-sp-800-61r3-containment,0,0,0,0.0,0,2,0.0,0.0
14586,VULNERABILITYSCAN,BENIGN,0.6282051282051282,LOW_CONFIDENCE,nist-sp-800-61r3-response|nist-sp-800-61r3-containment,0,0,0,0.0,0,2,0.0,0.0
14588,VULNERABILITYSCAN,BENIGN,0.6767857142857143,LOW_CONFIDENCE,nist-sp-800-61r3-response|nist-sp-800-61r3-containment,0,0,0,0.0,0,2,0.0,0.0
14592,VULNERABILITYSCAN,BENIGN,0.5865921787709497,LOW_CONFIDENCE,nist-sp-800-61r3-response|nist-sp-800-61r3-containment,0,0,0,0.0,0,2,0.0,0.0
14595,VULNERABILITYSCAN,BENIGN,0.6767857142857143,LOW_CONFIDENCE,nist-sp-800-61r3-response|nist-sp-800-61r3-containment,0,0,0,0.0,0,2,0.0,0.0
14596,VULNERABILITYSCAN,BENIGN,0.5433962264150943,LOW_CONFIDENCE,nist-sp-800-61r3-response|nist-sp-800-61r3-containment|mitre-t1046-overview|mitre-t1498-detection,0,1,3,0.3333333333333333,1,4,0.25,0.25
14600,VULNERABILITYSCAN,BENIGN,0.5865921787709497,LOW_CONFIDENCE,nist-sp-800-61r3-response|nist-sp-800-61r3-containment,0,0,0,0.0,0,2,0.0,0.0
14609,VULNERABILITYSCAN,BENIGN,0.6548672566371682,LOW_CONFIDENCE,nist-sp-800-61r3-response|nist-sp-800-61r3-containment,0,0,0,0.0,0,2,0.0,0.0
14611,VULNERABILITYSCAN,BENIGN,0.625,LOW_CONFIDENCE,nist-sp-800-61r3-response|nist-sp-800-61r3-containment,0,0,0,0.0,0,2,0.0,0.0
14614,VULNERABILITYSCAN,BENIGN,0.6754966887417219,LOW_CONFIDENCE,nist-sp-800-61r3-response|nist-sp-800-61r3-containment|mitre-t1046-overview|mitre-t1498-detection,0,1,3,0.3333333333333333,1,4,0.25,0.25
14615,VULNERABILITYSCAN,BENIGN,0.6548672566371682,LOW_CONFIDENCE,nist-sp-800-61r3-response|nist-sp-800-61r3-containment,0,0,0,0.0,0,2,0.0,0.0
14618,VULNERABILITYSCAN,BENIGN,0.6881188118811881,LOW_CONFIDENCE,nist-sp-800-61r3-response|nist-sp-800-61r3-containment,0,0,0,0.0,0,2,0.0,0.0
14619,VULNERABILITYSCAN,BENIGN,0.5877252476977708,LOW_CONFIDENCE,nist-sp-800-61r3-response|nist-sp-800-61r3-containment|mitre-t1046-overview|mitre-t1498-detection,0,1,3,0.3333333333333333,1,4,0.25,0.25
14620,VULNERABILITYSCAN,BENIGN,0.6666666666666667,LOW_CONFIDENCE,nist-sp-800-61r3-response|nist-sp-800-61r3-containment,0,0,0,0.0,0,2,0.0,0.0
14622,VULNERABILITYSCAN,BENIGN,0.6548672566371682,LOW_CONFIDENCE,nist-sp-800-61r3-response|nist-sp-800-61r3-containment,0,0,0,0.0,0,2,0.0,0.0
14623,VULNERABILITYSCAN,BENIGN,0.6767857142857143,LOW_CONFIDENCE,nist-sp-800-61r3-response|nist-sp-800-61r3-containment,0,0,0,0.0,0,2,0.0,0.0
14627,VULNERABILITYSCAN,BENIGN,0.6767857142857143,LOW_CONFIDENCE,nist-sp-800-61r3-response|nist-sp-800-61r3-containment,0,0,0,0.0,0,2,0.0,0.0
14628,VULNERABILITYSCAN,BENIGN,0.5821917808219178,LOW_CONFIDENCE,nist-sp-800-61r3-response|nist-sp-800-61r3-containment,0,0,0,0.0,0,2,0.0,0.0
14630,VULNERABILITYSCAN,BENIGN,0.5433962264150943,LOW_CONFIDENCE,nist-sp-800-61r3-response|nist-sp-800-61r3-containment|mitre-t1046-overview|mitre-t1498-detection,0,1,3,0.3333333333333333,1,4,0.25,0.25
14634,VULNERABILITYSCAN,BENIGN,0.6548672566371682,LOW_CONFIDENCE,nist-sp-800-61r3-response|nist-sp-800-61r3-containment,0,0,0,0.0,0,2,0.0,0.0
14641,VULNERABILITYSCAN,BENIGN,0.6881188118811881,LOW_CONFIDENCE,nist-sp-800-61r3-response|nist-sp-800-61r3-containment,0,0,0,0.0,0,2,0.0,0.0
14649,VULNERABILITYSCAN,BENIGN,0.6767857142857143,LOW_CONFIDENCE,nist-sp-800-61r3-response|nist-sp-800-61r3-containment,0,0,0,0.0,0,2,0.0,0.0
14652,VULNERABILITYSCAN,BENIGN,0.6767857142857143,LOW_CONFIDENCE,nist-sp-800-61r3-response|nist-sp-800-61r3-containment,0,0,0,0.0,0,2,0.0,0.0
14653,DNS_SPOOFING,BENIGN,0.6881188118811881,LOW_CONFIDENCE,nist-sp-800-61r3-response|nist-sp-800-61r3-containment|mitre-t1046-overview|mitre-t1498-detection,0,0,0,0.0,0,4,0.0,0.0
14658,VULNERABILITYSCAN,BENIGN,0.5865921787709497,LOW_CONFIDENCE,nist-sp-800-61r3-response|nist-sp-800-61r3-containment,0,0,0,0.0,0,2,0.0,0.0
14659,VULNERABILITYSCAN,BENIGN,0.6548672566371682,LOW_CONFIDENCE,nist-sp-800-61r3-response|nist-sp-800-61r3-containment,0,0,0,0.0,0,2,0.0,0.0
14661,VULNERABILITYSCAN,BENIGN,0.6767857142857143,LOW_CONFIDENCE,nist-sp-800-61r3-response|nist-sp-800-61r3-containment,0,0,0,0.0,0,2,0.0,0.0
14663,VULNERABILITYSCAN,BENIGN,0.6548672566371682,LOW_CONFIDENCE,nist-sp-800-61r3-response|mitre-t1557-001-indicators|nist-sp-800-61r3-containment,0,0,0,0.0,0,3,0.0,0.0
14665,VULNERABILITYSCAN,BENIGN,0.5260663507109006,LOW_CONFIDENCE,nist-sp-800-61r3-response|nist-sp-800-61r3-containment,0,0,0,0.0,0,2,0.0,0.0
14667,VULNERABILITYSCAN,BENIGN,0.6881188118811881,LOW_CONFIDENCE,nist-sp-800-61r3-response|nist-sp-800-61r3-containment,0,0,0,0.0,0,2,0.0,0.0
14671,VULNERABILITYSCAN,BENIGN,0.5865921787709497,LOW_CONFIDENCE,nist-sp-800-61r3-response|nist-sp-800-61r3-containment|mitre-t1046-overview|mitre-t1498-detection,0,1,3,0.3333333333333333,1,4,0.25,0.25
14673,VULNERABILITYSCAN,BENIGN,0.6548672566371682,LOW_CONFIDENCE,nist-sp-800-61r3-response|nist-sp-800-61r3-containment,0,0,0,0.0,0,2,0.0,0.0
14675,VULNERABILITYSCAN,BENIGN,0.5865921787709497,LOW_CONFIDENCE,nist-sp-800-61r3-response|nist-sp-800-61r3-containment|mitre-t1046-overview|mitre-t1498-detection,0,1,3,0.3333333333333333,1,4,0.25,0.25
14676,VULNERABILITYSCAN,BENIGN,0.6548672566371682,LOW_CONFIDENCE,nist-sp-800-61r3-response|nist-sp-800-61r3-containment,0,0,0,0.0,0,2,0.0,0.0
14678,VULNERABILITYSCAN,BENIGN,0.6767857142857143,LOW_CONFIDENCE,nist-sp-800-61r3-response|nist-sp-800-61r3-containment,0,0,0,0.0,0,2,0.0,0.0
14679,VULNERABILITYSCAN,BENIGN,0.6548672566371682,LOW_CONFIDENCE,nist-sp-800-61r3-response|nist-sp-800-61r3-containment,0,0,0,0.0,0,2,0.0,0.0
14681,VULNERABILITYSCAN,BENIGN,0.5433962264150943,LOW_CONFIDENCE,nist-sp-800-61r3-response|nist-sp-800-61r3-containment,0,0,0,0.0,0,2,0.0,0.0
14682,VULNERABILITYSCAN,BENIGN,0.6767857142857143,LOW_CONFIDENCE,nist-sp-800-61r3-response|nist-sp-800-61r3-containment,0,0,0,0.0,0,2,0.0,0.0
14686,VULNERABILITYSCAN,BENIGN,0.6881188118811881,LOW_CONFIDENCE,nist-sp-800-61r3-response|nist-sp-800-61r3-containment|mitre-t1046-overview|mitre-t1498-detection,0,1,3,0.3333333333333333,1,4,0.25,0.25
14689,VULNERABILITYSCAN,BENIGN,0.6754966887417219,LOW_CONFIDENCE,nist-sp-800-61r3-response|nist-sp-800-61r3-containment,0,0,0,0.0,0,2,0.0,0.0
14692,VULNERABILITYSCAN,BENIGN,0.6111111111111112,LOW_CONFIDENCE,nist-sp-800-61r3-response|nist-sp-800-61r3-containment|mitre-t1046-overview|mitre-t1498-detection,0,1,3,0.3333333333333333,1,4,0.25,0.25
14693,DNS_SPOOFING,BENIGN,0.6881188118811881,LOW_CONFIDENCE,nist-sp-800-61r3-response|nist-sp-800-61r3-containment,0,0,0,0.0,0,2,0.0,0.0
14696,VULNERABILITYSCAN,BENIGN,0.6111111111111112,LOW_CONFIDENCE,nist-sp-800-61r3-response|nist-sp-800-61r3-containment,0,0,0,0.0,0,2,0.0,0.0
14699,VULNERABILITYSCAN,BENIGN,0.6548672566371682,LOW_CONFIDENCE,nist-sp-800-61r3-response|nist-sp-800-61r3-containment,0,0,0,0.0,0,2,0.0,0.0
14706,VULNERABILITYSCAN,BENIGN,0.6754966887417219,LOW_CONFIDENCE,nist-sp-800-61r3-response|nist-sp-800-61r3-containment|mitre-t1046-overview|mitre-t1498-detection,0,1,3,0.3333333333333333,1,4,0.25,0.25
14716,VULNERABILITYSCAN,BENIGN,0.6767857142857143,LOW_CONFIDENCE,nist-sp-800-61r3-response|nist-sp-800-61r3-containment,0,0,0,0.0,0,2,0.0,0.0
14717,VULNERABILITYSCAN,BENIGN,0.6767857142857143,LOW_CONFIDENCE,nist-sp-800-61r3-response|nist-sp-800-61r3-containment,0,0,0,0.0,0,2,0.0,0.0
14718,VULNERABILITYSCAN,BENIGN,0.6767857142857143,LOW_CONFIDENCE,nist-sp-800-61r3-response|nist-sp-800-61r3-containment,0,0,0,0.0,0,2,0.0,0.0
14720,VULNERABILITYSCAN,BENIGN,0.5260663507109006,LOW_CONFIDENCE,nist-sp-800-61r3-response|nist-sp-800-61r3-containment,0,0,0,0.0,0,2,0.0,0.0
14723,VULNERABILITYSCAN,BENIGN,0.5865921787709497,LOW_CONFIDENCE,nist-sp-800-61r3-response|nist-sp-800-61r3-containment,0,0,0,0.0,0,2,0.0,0.0
14731,VULNERABILITYSCAN,BENIGN,0.6767857142857143,LOW_CONFIDENCE,nist-sp-800-61r3-response|nist-sp-800-61r3-containment,0,0,0,0.0,0,2,0.0,0.0
14732,VULNERABILITYSCAN,BENIGN,0.6881188118811881,LOW_CONFIDENCE,nist-sp-800-61r3-response|nist-sp-800-61r3-containment|mitre-t1046-overview|mitre-t1498-detection,0,1,3,0.3333333333333333,1,4,0.25,0.25
14737,VULNERABILITYSCAN,BENIGN,0.6881188118811881,LOW_CONFIDENCE,nist-sp-800-61r3-response|nist-sp-800-61r3-containment,0,0,0,0.0,0,2,0.0,0.0
14739,VULNERABILITYSCAN,BENIGN,0.6111111111111112,LOW_CONFIDENCE,nist-sp-800-61r3-response|nist-sp-800-61r3-containment,0,0,0,0.0,0,2,0.0,0.0
14740,VULNERABILITYSCAN,BENIGN,0.5260663507109006,LOW_CONFIDENCE,nist-sp-800-61r3-response|nist-sp-800-61r3-containment,0,0,0,0.0,0,2,0.0,0.0
14741,VULNERABILITYSCAN,BENIGN,0.6767857142857143,LOW_CONFIDENCE,nist-sp-800-61r3-response|nist-sp-800-61r3-containment,0,0,0,0.0,0,2,0.0,0.0
14750,VULNERABILITYSCAN,BENIGN,0.5260663507109006,LOW_CONFIDENCE,nist-sp-800-61r3-response|nist-sp-800-61r3-containment|mitre-t1046-overview|mitre-t1498-detection,0,1,3,0.3333333333333333,1,4,0.25,0.25
14754,VULNERABILITYSCAN,BENIGN,0.5865921787709497,LOW_CONFIDENCE,nist-sp-800-61r3-response|nist-sp-800-61r3-containment,0,0,0,0.0,0,2,0.0,0.0
14758,VULNERABILITYSCAN,BENIGN,0.6111111111111112,LOW_CONFIDENCE,nist-sp-800-61r3-response|nist-sp-800-61r3-containment,0,0,0,0.0,0,2,0.0,0.0
14762,VULNERABILITYSCAN,BENIGN,0.6111111111111112,LOW_CONFIDENCE,nist-sp-800-61r3-response|nist-sp-800-61r3-containment,0,0,0,0.0,0,2,0.0,0.0
14765,VULNERABILITYSCAN,BENIGN,0.625,LOW_CONFIDENCE,nist-sp-800-61r3-response|nist-sp-800-61r3-containment,0,0,0,0.0,0,2,0.0,0.0
14768,VULNERABILITYSCAN,BENIGN,0.5433962264150943,LOW_CONFIDENCE,nist-sp-800-61r3-response|nist-sp-800-61r3-containment,0,0,0,0.0,0,2,0.0,0.0
14769,VULNERABILITYSCAN,BENIGN,0.5260663507109006,LOW_CONFIDENCE,nist-sp-800-61r3-response|nist-sp-800-61r3-containment,0,0,0,0.0,0,2,0.0,0.0
14771,DNS_SPOOFING,BENIGN,0.5260663507109006,LOW_CONFIDENCE,nist-sp-800-61r3-response|nist-sp-800-61r3-containment,0,0,0,0.0,0,2,0.0,0.0
14773,VULNERABILITYSCAN,BENIGN,0.6767857142857143,LOW_CONFIDENCE,nist-sp-800-61r3-response|nist-sp-800-61r3-containment,0,0,0,0.0,0,2,0.0,0.0
14774,VULNERABILITYSCAN,BENIGN,0.6767857142857143,LOW_CONFIDENCE,nist-sp-800-61r3-response|nist-sp-800-61r3-containment|mitre-t1046-overview|mitre-t1498-detection,0,1,3,0.3333333333333333,1,4,0.25,0.25
14778,VULNERABILITYSCAN,BENIGN,0.6111111111111112,LOW_CONFIDENCE,nist-sp-800-61r3-response|nist-sp-800-61r3-containment,0,0,0,0.0,0,2,0.0,0.0
14782,VULNERABILITYSCAN,BENIGN,0.6548672566371682,LOW_CONFIDENCE,nist-sp-800-61r3-response|nist-sp-800-61r3-containment,0,0,0,0.0,0,2,0.0,0.0
14787,DNS_SPOOFING,BENIGN,0.5260663507109006,LOW_CONFIDENCE,nist-sp-800-61r3-response|nist-sp-800-61r3-containment|mitre-t1046-overview|mitre-t1498-detection,0,0,0,0.0,0,4,0.0,0.0
14788,VULNERABILITYSCAN,BENIGN,0.5865921787709497,LOW_CONFIDENCE,nist-sp-800-61r3-response|nist-sp-800-61r3-containment|mitre-t1046-overview|mitre-t1498-detection,0,1,3,0.3333333333333333,1,4,0.25,0.25
14791,VULNERABILITYSCAN,BENIGN,0.5865921787709497,LOW_CONFIDENCE,nist-sp-800-61r3-response|nist-sp-800-61r3-containment,0,0,0,0.0,0,2,0.0,0.0
14793,VULNERABILITYSCAN,BENIGN,0.5865921787709497,LOW_CONFIDENCE,nist-sp-800-61r3-response|nist-sp-800-61r3-containment,0,0,0,0.0,0,2,0.0,0.0
14795,VULNERABILITYSCAN,BENIGN,0.6767857142857143,LOW_CONFIDENCE,nist-sp-800-61r3-response|nist-sp-800-61r3-containment,0,0,0,0.0,0,2,0.0,0.0
14796,VULNERABILITYSCAN,BENIGN,0.5260663507109006,LOW_CONFIDENCE,nist-sp-800-61r3-response|nist-sp-800-61r3-containment,0,0,0,0.0,0,2,0.0,0.0
14798,VULNERABILITYSCAN,BENIGN,0.5260663507109006,LOW_CONFIDENCE,nist-sp-800-61r3-response|nist-sp-800-61r3-containment,0,0,0,0.0,0,2,0.0,0.0
14804,VULNERABILITYSCAN,BENIGN,0.6881188118811881,LOW_CONFIDENCE,nist-sp-800-61r3-response|nist-sp-800-61r3-containment|mitre-t1046-overview|mitre-t1498-detection,0,1,3,0.3333333333333333,1,4,0.25,0.25
14805,VULNERABILITYSCAN,BENIGN,0.5865921787709497,LOW_CONFIDENCE,nist-sp-800-61r3-response|nist-sp-800-61r3-containment,0,0,0,0.0,0,2,0.0,0.0
14806,VULNERABILITYSCAN,BENIGN,0.6754966887417219,LOW_CONFIDENCE,nist-sp-800-61r3-response|nist-sp-800-61r3-containment|mitre-t1046-overview|mitre-t1498-detection,0,1,3,0.3333333333333333,1,4,0.25,0.25
14809,VULNERABILITYSCAN,BENIGN,0.6111111111111112,LOW_CONFIDENCE,nist-sp-800-61r3-response|nist-sp-800-61r3-containment,0,0,0,0.0,0,2,0.0,0.0
14810,VULNERABILITYSCAN,BENIGN,0.6767857142857143,LOW_CONFIDENCE,nist-sp-800-61r3-response|nist-sp-800-61r3-containment,0,0,0,0.0,0,2,0.0,0.0
14811,VULNERABILITYSCAN,BENIGN,0.6548672566371682,LOW_CONFIDENCE,nist-sp-800-61r3-response|nist-sp-800-61r3-containment|mitre-t1046-overview|mitre-t1498-detection,0,1,3,0.3333333333333333,1,4,0.25,0.25
14812,VULNERABILITYSCAN,BENIGN,0.6548672566371682,LOW_CONFIDENCE,nist-sp-800-61r3-response|nist-sp-800-61r3-containment,0,0,0,0.0,0,2,0.0,0.0
14814,VULNERABILITYSCAN,BENIGN,0.6767857142857143,LOW_CONFIDENCE,nist-sp-800-61r3-response|nist-sp-800-61r3-containment,0,0,0,0.0,0,2,0.0,0.0
14817,VULNERABILITYSCAN,BENIGN,0.6767857142857143,LOW_CONFIDENCE,nist-sp-800-61r3-response|nist-sp-800-61r3-containment,0,0,0,0.0,0,2,0.0,0.0
14821,VULNERABILITYSCAN,BENIGN,0.5260663507109006,LOW_CONFIDENCE,nist-sp-800-61r3-response|nist-sp-800-61r3-containment,0,0,0,0.0,0,2,0.0,0.0
14827,VULNERABILITYSCAN,BENIGN,0.6767857142857143,LOW_CONFIDENCE,nist-sp-800-61r3-response|nist-sp-800-61r3-containment,0,0,0,0.0,0,2,0.0,0.0
14832,VULNERABILITYSCAN,BENIGN,0.6767857142857143,LOW_CONFIDENCE,nist-sp-800-61r3-response|nist-sp-800-61r3-containment,0,0,0,0.0,0,2,0.0,0.0
14836,VULNERABILITYSCAN,BENIGN,0.6548672566371682,LOW_CONFIDENCE,nist-sp-800-61r3-response|nist-sp-800-61r3-containment,0,0,0,0.0,0,2,0.0,0.0
14841,VULNERABILITYSCAN,BENIGN,0.6767857142857143,LOW_CONFIDENCE,nist-sp-800-61r3-response|nist-sp-800-61r3-containment,0,0,0,0.0,0,2,0.0,0.0
14842,DNS_SPOOFING,BENIGN,0.6754966887417219,LOW_CONFIDENCE,nist-sp-800-61r3-response|nist-sp-800-61r3-containment|mitre-t1046-overview|mitre-t1498-detection,0,0,0,0.0,0,4,0.0,0.0
14843,VULNERABILITYSCAN,BENIGN,0.6548672566371682,LOW_CONFIDENCE,nist-sp-800-61r3-response|nist-sp-800-61r3-containment,0,0,0,0.0,0,2,0.0,0.0
14845,VULNERABILITYSCAN,BENIGN,0.6111111111111112,LOW_CONFIDENCE,nist-sp-800-61r3-response|nist-sp-800-61r3-containment,0,0,0,0.0,0,2,0.0,0.0
14847,VULNERABILITYSCAN,BENIGN,0.6754966887417219,LOW_CONFIDENCE,nist-sp-800-61r3-response|nist-sp-800-61r3-containment|mitre-t1046-overview|mitre-t1498-detection,0,1,3,0.3333333333333333,1,4,0.25,0.25
14848,VULNERABILITYSCAN,BENIGN,0.6881188118811881,LOW_CONFIDENCE,nist-sp-800-61r3-response|nist-sp-800-61r3-containment,0,0,0,0.0,0,2,0.0,0.0
14849,VULNERABILITYSCAN,BENIGN,0.6666666666666666,LOW_CONFIDENCE,nist-sp-800-61r3-response|nist-sp-800-61r3-containment|mitre-t1046-overview|mitre-t1498-detection,0,1,3,0.3333333333333333,1,4,0.25,0.25
14853,VULNERABILITYSCAN,BENIGN,0.6767857142857143,LOW_CONFIDENCE,nist-sp-800-61r3-response|nist-sp-800-61r3-containment,0,0,0,0.0,0,2,0.0,0.0
14857,VULNERABILITYSCAN,BENIGN,0.6111111111111112,LOW_CONFIDENCE,nist-sp-800-61r3-response|nist-sp-800-61r3-containment,0,0,0,0.0,0,2,0.0,0.0
14860,VULNERABILITYSCAN,BENIGN,0.5821917808219178,LOW_CONFIDENCE,nist-sp-800-61r3-response|nist-sp-800-61r3-containment|mitre-t1046-overview|mitre-t1498-detection,0,1,3,0.3333333333333333,1,4,0.25,0.25
14863,VULNERABILITYSCAN,BENIGN,0.5433962264150943,LOW_CONFIDENCE,nist-sp-800-61r3-response|nist-sp-800-61r3-containment,0,0,0,0.0,0,2,0.0,0.0
14864,VULNERABILITYSCAN,BENIGN,0.5260663507109006,LOW_CONFIDENCE,nist-sp-800-61r3-response|nist-sp-800-61r3-containment,0,0,0,0.0,0,2,0.0,0.0
14865,VULNERABILITYSCAN,BENIGN,0.6548672566371682,LOW_CONFIDENCE,nist-sp-800-61r3-response|nist-sp-800-61r3-containment,0,0,0,0.0,0,2,0.0,0.0
14866,VULNERABILITYSCAN,BENIGN,0.6767857142857143,LOW_CONFIDENCE,nist-sp-800-61r3-response|nist-sp-800-61r3-containment,0,0,0,0.0,0,2,0.0,0.0
14868,VULNERABILITYSCAN,BENIGN,0.5821917808219178,LOW_CONFIDENCE,nist-sp-800-61r3-response|nist-sp-800-61r3-containment,0,0,0,0.0,0,2,0.0,0.0
14871,VULNERABILITYSCAN,BENIGN,0.625,LOW_CONFIDENCE,nist-sp-800-61r3-response|nist-sp-800-61r3-containment|mitre-t1046-overview|mitre-t1498-detection,0,1,3,0.3333333333333333,1,4,0.25,0.25
14872,VULNERABILITYSCAN,BENIGN,0.6548672566371682,LOW_CONFIDENCE,nist-sp-800-61r3-response|nist-sp-800-61r3-containment,0,0,0,0.0,0,2,0.0,0.0
14873,VULNERABILITYSCAN,BENIGN,0.6548672566371682,LOW_CONFIDENCE,nist-sp-800-61r3-response|nist-sp-800-61r3-containment,0,0,0,0.0,0,2,0.0,0.0
14877,DNS_SPOOFING,BENIGN,0.5260663507109006,LOW_CONFIDENCE,nist-sp-800-61r3-response|nist-sp-800-61r3-containment,0,0,0,0.0,0,2,0.0,0.0
14878,VULNERABILITYSCAN,BENIGN,0.6881188118811881,LOW_CONFIDENCE,nist-sp-800-61r3-response|nist-sp-800-61r3-containment,0,0,0,0.0,0,2,0.0,0.0
14880,VULNERABILITYSCAN,BENIGN,0.5433962264150943,LOW_CONFIDENCE,nist-sp-800-61r3-response|nist-sp-800-61r3-containment,0,0,0,0.0,0,2,0.0,0.0
14883,VULNERABILITYSCAN,BENIGN,0.6881188118811881,LOW_CONFIDENCE,nist-sp-800-61r3-response|nist-sp-800-61r3-containment|mitre-t1046-overview|mitre-t1498-detection,0,1,3,0.3333333333333333,1,4,0.25,0.25
14885,VULNERABILITYSCAN,BENIGN,0.5433962264150943,LOW_CONFIDENCE,nist-sp-800-61r3-response|nist-sp-800-61r3-containment,0,0,0,0.0,0,2,0.0,0.0
14886,VULNERABILITYSCAN,BENIGN,0.5821917808219178,LOW_CONFIDENCE,nist-sp-800-61r3-response|nist-sp-800-61r3-containment,0,0,0,0.0,0,2,0.0,0.0
14887,VULNERABILITYSCAN,BENIGN,0.6767857142857143,LOW_CONFIDENCE,nist-sp-800-61r3-response|nist-sp-800-61r3-containment,0,0,0,0.0,0,2,0.0,0.0
14890,VULNERABILITYSCAN,BENIGN,0.6754966887417219,LOW_CONFIDENCE,nist-sp-800-61r3-response|nist-sp-800-61r3-containment,0,0,0,0.0,0,2,0.0,0.0
14891,VULNERABILITYSCAN,BENIGN,0.6111111111111112,LOW_CONFIDENCE,nist-sp-800-61r3-response|nist-sp-800-61r3-containment,0,0,0,0.0,0,2,0.0,0.0
14893,VULNERABILITYSCAN,BENIGN,0.5433962264150943,LOW_CONFIDENCE,nist-sp-800-61r3-response|nist-sp-800-61r3-containment,0,0,0,0.0,0,2,0.0,0.0
14894,VULNERABILITYSCAN,BENIGN,0.6881188118811881,LOW_CONFIDENCE,nist-sp-800-61r3-response|nist-sp-800-61r3-containment,0,0,0,0.0,0,2,0.0,0.0
14895,VULNERABILITYSCAN,BENIGN,0.6111111111111112,LOW_CONFIDENCE,nist-sp-800-61r3-response|nist-sp-800-61r3-containment|mitre-t1046-overview|mitre-t1498-detection,0,1,3,0.3333333333333333,1,4,0.25,0.25
14896,VULNERABILITYSCAN,BENIGN,0.5821917808219178,LOW_CONFIDENCE,nist-sp-800-61r3-response|nist-sp-800-61r3-containment,0,0,0,0.0,0,2,0.0,0.0
14898,VULNERABILITYSCAN,BENIGN,0.6767857142857143,LOW_CONFIDENCE,nist-sp-800-61r3-response|nist-sp-800-61r3-containment,0,0,0,0.0,0,2,0.0,0.0
14900,VULNERABILITYSCAN,BENIGN,0.5433962264150943,LOW_CONFIDENCE,nist-sp-800-61r3-response|nist-sp-800-61r3-containment|mitre-t1046-overview|mitre-t1498-detection,0,1,3,0.3333333333333333,1,4,0.25,0.25
14901,VULNERABILITYSCAN,BENIGN,0.6767857142857143,LOW_CONFIDENCE,nist-sp-800-61r3-response|nist-sp-800-61r3-containment,0,0,0,0.0,0,2,0.0,0.0
14912,VULNERABILITYSCAN,BENIGN,0.6767857142857143,LOW_CONFIDENCE,nist-sp-800-61r3-response|nist-sp-800-61r3-containment,0,0,0,0.0,0,2,0.0,0.0
14913,VULNERABILITYSCAN,BENIGN,0.6548672566371682,LOW_CONFIDENCE,nist-sp-800-61r3-response|nist-sp-800-61r3-containment,0,0,0,0.0,0,2,0.0,0.0
14923,VULNERABILITYSCAN,BENIGN,0.6754966887417219,LOW_CONFIDENCE,nist-sp-800-61r3-response|nist-sp-800-61r3-containment|mitre-t1046-overview|mitre-t1498-detection,0,1,3,0.3333333333333333,1,4,0.25,0.25
14924,VULNERABILITYSCAN,BENIGN,0.5821917808219178,LOW_CONFIDENCE,nist-sp-800-61r3-response|nist-sp-800-61r3-containment|mitre-t1046-overview|mitre-t1498-detection,0,1,3,0.3333333333333333,1,4,0.25,0.25
14926,VULNERABILITYSCAN,BENIGN,0.6548672566371682,LOW_CONFIDENCE,nist-sp-800-61r3-response|nist-sp-800-61r3-containment,0,0,0,0.0,0,2,0.0,0.0
14928,DNS_SPOOFING,BENIGN,0.6881188118811881,LOW_CONFIDENCE,nist-sp-800-61r3-response|nist-sp-800-61r3-containment|mitre-t1046-overview|mitre-t1498-detection,0,0,0,0.0,0,4,0.0,0.0
14931,VULNERABILITYSCAN,BENIGN,0.6754966887417219,LOW_CONFIDENCE,nist-sp-800-61r3-response|nist-sp-800-61r3-containment|mitre-t1046-overview|mitre-t1498-detection,0,1,3,0.3333333333333333,1,4,0.25,0.25
14934,VULNERABILITYSCAN,BENIGN,0.5433962264150943,LOW_CONFIDENCE,nist-sp-800-61r3-response|nist-sp-800-61r3-containment,0,0,0,0.0,0,2,0.0,0.0
14942,VULNERABILITYSCAN,BENIGN,0.6881188118811881,LOW_CONFIDENCE,nist-sp-800-61r3-response|nist-sp-800-61r3-containment|mitre-t1046-overview|mitre-t1498-detection,0,1,3,0.3333333333333333,1,4,0.25,0.25
14943,VULNERABILITYSCAN,BENIGN,0.6767857142857143,LOW_CONFIDENCE,nist-sp-800-61r3-response|nist-sp-800-61r3-containment,0,0,0,0.0,0,2,0.0,0.0
14944,VULNERABILITYSCAN,BENIGN,0.6767857142857143,LOW_CONFIDENCE,nist-sp-800-61r3-response|nist-sp-800-61r3-containment,0,0,0,0.0,0,2,0.0,0.0
14950,VULNERABILITYSCAN,BENIGN,0.5433962264150943,LOW_CONFIDENCE,nist-sp-800-61r3-response|nist-sp-800-61r3-containment,0,0,0,0.0,0,2,0.0,0.0
14951,VULNERABILITYSCAN,BENIGN,0.5433962264150943,LOW_CONFIDENCE,nist-sp-800-61r3-response|nist-sp-800-61r3-containment,0,0,0,0.0,0,2,0.0,0.0
14952,VULNERABILITYSCAN,BENIGN,0.6754966887417219,LOW_CONFIDENCE,nist-sp-800-61r3-response|nist-sp-800-61r3-containment,0,0,0,0.0,0,2,0.0,0.0
14953,DNS_SPOOFING,BENIGN,0.5433962264150943,LOW_CONFIDENCE,nist-sp-800-61r3-response|nist-sp-800-61r3-containment,0,0,0,0.0,0,2,0.0,0.0
14954,VULNERABILITYSCAN,BENIGN,0.6521739130434783,LOW_CONFIDENCE,nist-sp-800-61r3-response|nist-sp-800-61r3-containment,0,0,0,0.0,0,2,0.0,0.0
14955,VULNERABILITYSCAN,BENIGN,0.6282051282051282,LOW_CONFIDENCE,nist-sp-800-61r3-response|nist-sp-800-61r3-containment|mitre-t1046-overview|mitre-t1498-detection,0,1,3,0.3333333333333333,1,4,0.25,0.25
14959,VULNERABILITYSCAN,BENIGN,0.6548672566371682,LOW_CONFIDENCE,nist-sp-800-61r3-response|nist-sp-800-61r3-containment,0,0,0,0.0,0,2,0.0,0.0
14968,VULNERABILITYSCAN,BENIGN,0.6754966887417219,LOW_CONFIDENCE,nist-sp-800-61r3-response|nist-sp-800-61r3-containment,0,0,0,0.0,0,2,0.0,0.0
14970,VULNERABILITYSCAN,BENIGN,0.625,LOW_CONFIDENCE,nist-sp-800-61r3-response|nist-sp-800-61r3-containment,0,0,0,0.0,0,2,0.0,0.0
14973,VULNERABILITYSCAN,BENIGN,0.5433962264150943,LOW_CONFIDENCE,nist-sp-800-61r3-response|nist-sp-800-61r3-containment|mitre-t1046-overview|mitre-t1498-detection,0,1,3,0.3333333333333333,1,4,0.25,0.25
14976,VULNERABILITYSCAN,BENIGN,0.6767857142857143,LOW_CONFIDENCE,nist-sp-800-61r3-response|nist-sp-800-61r3-containment,0,0,0,0.0,0,2,0.0,0.0
14982,VULNERABILITYSCAN,BENIGN,0.6282051282051282,LOW_CONFIDENCE,nist-sp-800-61r3-response|nist-sp-800-61r3-containment|mitre-t1046-overview|mitre-t1498-detection,0,1,3,0.3333333333333333,1,4,0.25,0.25
14985,VULNERABILITYSCAN,BENIGN,0.6111111111111112,LOW_CONFIDENCE,nist-sp-800-61r3-response|nist-sp-800-61r3-containment,0,0,0,0.0,0,2,0.0,0.0
14986,VULNERABILITYSCAN,BENIGN,0.6111111111111112,LOW_CONFIDENCE,nist-sp-800-61r3-response|nist-sp-800-61r3-containment,0,0,0,0.0,0,2,0.0,0.0
14988,VULNERABILITYSCAN,BENIGN,0.6767857142857143,LOW_CONFIDENCE,nist-sp-800-61r3-response|nist-sp-800-61r3-containment,0,0,0,0.0,0,2,0.0,0.0
14991,VULNERABILITYSCAN,BENIGN,0.6666666666666667,LOW_CONFIDENCE,nist-sp-800-61r3-response|nist-sp-800-61r3-containment|mitre-t1046-overview|mitre-t1498-detection,0,1,3,0.3333333333333333,1,4,0.25,0.25
14994,VULNERABILITYSCAN,BENIGN,0.625,LOW_CONFIDENCE,nist-sp-800-61r3-response|nist-sp-800-61r3-containment,0,0,0,0.0,0,2,0.0,0.0
15002,VULNERABILITYSCAN,BENIGN,0.6767857142857143,LOW_CONFIDENCE,nist-sp-800-61r3-response|nist-sp-800-61r3-containment,0,0,0,0.0,0,2,0.0,0.0
15004,VULNERABILITYSCAN,BENIGN,0.5433962264150943,LOW_CONFIDENCE,nist-sp-800-61r3-response|nist-sp-800-61r3-containment,0,0,0,0.0,0,2,0.0,0.0
15010,VULNERABILITYSCAN,BENIGN,0.6111111111111112,LOW_CONFIDENCE,nist-sp-800-61r3-response|nist-sp-800-61r3-containment|mitre-t1046-overview|mitre-t1498-detection,0,1,3,0.3333333333333333,1,4,0.25,0.25
15012,VULNERABILITYSCAN,BENIGN,0.5865921787709497,LOW_CONFIDENCE,nist-sp-800-61r3-response|nist-sp-800-61r3-containment|mitre-t1046-overview|mitre-t1498-detection,0,1,3,0.3333333333333333,1,4,0.25,0.25
15013,VULNERABILITYSCAN,BENIGN,0.6767857142857143,LOW_CONFIDENCE,nist-sp-800-61r3-response|mitre-t1557-001-indicators|nist-sp-800-61r3-containment,0,0,0,0.0,0,3,0.0,0.0
15014,VULNERABILITYSCAN,BENIGN,0.6767857142857143,LOW_CONFIDENCE,nist-sp-800-61r3-response|nist-sp-800-61r3-containment|mitre-t1046-overview|mitre-t1498-detection,0,1,3,0.3333333333333333,1,4,0.25,0.25
15016,VULNERABILITYSCAN,BENIGN,0.6767857142857143,LOW_CONFIDENCE,nist-sp-800-61r3-response|nist-sp-800-61r3-containment,0,0,0,0.0,0,2,0.0,0.0
15018,VULNERABILITYSCAN,BENIGN,0.5865921787709497,LOW_CONFIDENCE,nist-sp-800-61r3-response|nist-sp-800-61r3-containment,0,0,0,0.0,0,2,0.0,0.0
15022,VULNERABILITYSCAN,BENIGN,0.5865921787709497,LOW_CONFIDENCE,nist-sp-800-61r3-response|nist-sp-800-61r3-containment,0,0,0,0.0,0,2,0.0,0.0
15023,VULNERABILITYSCAN,BENIGN,0.6666666666666667,LOW_CONFIDENCE,nist-sp-800-61r3-response|nist-sp-800-61r3-containment,0,0,0,0.0,0,2,0.0,0.0
15025,VULNERABILITYSCAN,BENIGN,0.6111111111111112,LOW_CONFIDENCE,nist-sp-800-61r3-response|nist-sp-800-61r3-containment|mitre-t1046-overview|mitre-t1498-detection,0,1,3,0.3333333333333333,1,4,0.25,0.25
15026,VULNERABILITYSCAN,BENIGN,0.5433962264150943,LOW_CONFIDENCE,nist-sp-800-61r3-response|nist-sp-800-61r3-containment,0,0,0,0.0,0,2,0.0,0.0
15028,VULNERABILITYSCAN,BENIGN,0.625,LOW_CONFIDENCE,nist-sp-800-61r3-response|nist-sp-800-61r3-containment,0,0,0,0.0,0,2,0.0,0.0
15034,VULNERABILITYSCAN,BENIGN,0.5865921787709497,LOW_CONFIDENCE,nist-sp-800-61r3-response|nist-sp-800-61r3-containment,0,0,0,0.0,0,2,0.0,0.0
15037,VULNERABILITYSCAN,BENIGN,0.6767857142857143,LOW_CONFIDENCE,nist-sp-800-61r3-response|nist-sp-800-61r3-containment,0,0,0,0.0,0,2,0.0,0.0
15041,VULNERABILITYSCAN,BENIGN,0.6111111111111112,LOW_CONFIDENCE,nist-sp-800-61r3-response|nist-sp-800-61r3-containment,0,0,0,0.0,0,2,0.0,0.0
15046,VULNERABILITYSCAN,BENIGN,0.5260663507109006,LOW_CONFIDENCE,nist-sp-800-61r3-response|nist-sp-800-61r3-containment|mitre-t1046-overview|mitre-t1498-detection,0,1,3,0.3333333333333333,1,4,0.25,0.25
15047,VULNERABILITYSCAN,BENIGN,0.5260663507109006,LOW_CONFIDENCE,nist-sp-800-61r3-response|nist-sp-800-61r3-containment,0,0,0,0.0,0,2,0.0,0.0
15049,VULNERABILITYSCAN,BENIGN,0.5865921787709497,LOW_CONFIDENCE,nist-sp-800-61r3-response|nist-sp-800-61r3-containment,0,0,0,0.0,0,2,0.0,0.0
15051,VULNERABILITYSCAN,BENIGN,0.6111111111111112,LOW_CONFIDENCE,nist-sp-800-61r3-response|nist-sp-800-61r3-containment,0,0,0,0.0,0,2,0.0,0.0
15054,VULNERABILITYSCAN,BENIGN,0.5821917808219178,LOW_CONFIDENCE,nist-sp-800-61r3-response|nist-sp-800-61r3-containment,0,0,0,0.0,0,2,0.0,0.0
15055,VULNERABILITYSCAN,BENIGN,0.5821917808219178,LOW_CONFIDENCE,nist-sp-800-61r3-response|nist-sp-800-61r3-containment|mitre-t1046-overview|mitre-t1498-detection,0,1,3,0.3333333333333333,1,4,0.25,0.25
15059,VULNERABILITYSCAN,BENIGN,0.6767857142857143,LOW_CONFIDENCE,nist-sp-800-61r3-response|nist-sp-800-61r3-containment,0,0,0,0.0,0,2,0.0,0.0
15061,VULNERABILITYSCAN,BENIGN,0.6548672566371682,LOW_CONFIDENCE,nist-sp-800-61r3-response|nist-sp-800-61r3-containment,0,0,0,0.0,0,2,0.0,0.0
15064,VULNERABILITYSCAN,BENIGN,0.6111111111111112,LOW_CONFIDENCE,nist-sp-800-61r3-response|nist-sp-800-61r3-containment,0,0,0,0.0,0,2,0.0,0.0
15065,VULNERABILITYSCAN,BENIGN,0.6666666666666667,LOW_CONFIDENCE,nist-sp-800-61r3-response|nist-sp-800-61r3-containment,0,0,0,0.0,0,2,0.0,0.0
15069,VULNERABILITYSCAN,BENIGN,0.6548672566371682,LOW_CONFIDENCE,nist-sp-800-61r3-response|nist-sp-800-61r3-containment,0,0,0,0.0,0,2,0.0,0.0
15071,VULNERABILITYSCAN,BENIGN,0.625,LOW_CONFIDENCE,nist-sp-800-61r3-response|nist-sp-800-61r3-containment,0,0,0,0.0,0,2,0.0,0.0
15073,VULNERABILITYSCAN,BENIGN,0.5260663507109006,LOW_CONFIDENCE,nist-sp-800-61r3-response|nist-sp-800-61r3-containment,0,0,0,0.0,0,2,0.0,0.0
15074,VULNERABILITYSCAN,BENIGN,0.5821917808219178,LOW_CONFIDENCE,nist-sp-800-61r3-response|nist-sp-800-61r3-containment,0,0,0,0.0,0,2,0.0,0.0
15077,VULNERABILITYSCAN,BENIGN,0.5821917808219178,LOW_CONFIDENCE,nist-sp-800-61r3-response|nist-sp-800-61r3-containment,0,0,0,0.0,0,2,0.0,0.0
15078,VULNERABILITYSCAN,BENIGN,0.6881188118811881,LOW_CONFIDENCE,nist-sp-800-61r3-response|nist-sp-800-61r3-containment,0,0,0,0.0,0,2,0.0,0.0
15079,VULNERABILITYSCAN,BENIGN,0.6767857142857143,LOW_CONFIDENCE,nist-sp-800-61r3-response|nist-sp-800-61r3-containment,0,0,0,0.0,0,2,0.0,0.0
15081,DNS_SPOOFING,BENIGN,0.5433962264150943,LOW_CONFIDENCE,nist-sp-800-61r3-response|nist-sp-800-61r3-containment|mitre-t1046-overview|mitre-t1498-detection,0,0,0,0.0,0,4,0.0,0.0
15083,VULNERABILITYSCAN,BENIGN,0.6548672566371682,LOW_CONFIDENCE,nist-sp-800-61r3-response|nist-sp-800-61r3-containment,0,0,0,0.0,0,2,0.0,0.0
15084,VULNERABILITYSCAN,BENIGN,0.6754966887417219,LOW_CONFIDENCE,nist-sp-800-61r3-response|nist-sp-800-61r3-containment,0,0,0,0.0,0,2,0.0,0.0
15085,VULNERABILITYSCAN,BENIGN,0.6666666666666667,LOW_CONFIDENCE,nist-sp-800-61r3-response|nist-sp-800-61r3-containment,0,0,0,0.0,0,2,0.0,0.0
15090,VULNERABILITYSCAN,BENIGN,0.6881188118811881,LOW_CONFIDENCE,nist-sp-800-61r3-response|nist-sp-800-61r3-containment,0,0,0,0.0,0,2,0.0,0.0
15096,VULNERABILITYSCAN,BENIGN,0.5433962264150943,LOW_CONFIDENCE,nist-sp-800-61r3-response|nist-sp-800-61r3-containment,0,0,0,0.0,0,2,0.0,0.0
15104,VULNERABILITYSCAN,BENIGN,0.6881188118811881,LOW_CONFIDENCE,nist-sp-800-61r3-response|nist-sp-800-61r3-containment,0,0,0,0.0,0,2,0.0,0.0
15105,VULNERABILITYSCAN,BENIGN,0.6111111111111112,LOW_CONFIDENCE,nist-sp-800-61r3-response|nist-sp-800-61r3-containment|mitre-t1046-overview|mitre-t1498-detection,0,1,3,0.3333333333333333,1,4,0.25,0.25
15108,VULNERABILITYSCAN,BENIGN,0.5433962264150943,LOW_CONFIDENCE,nist-sp-800-61r3-response|nist-sp-800-61r3-containment,0,0,0,0.0,0,2,0.0,0.0
15123,DNS_SPOOFING,BENIGN,0.5821917808219178,LOW_CONFIDENCE,nist-sp-800-61r3-response|nist-sp-800-61r3-containment|mitre-t1046-overview|mitre-t1498-detection,0,0,0,0.0,0,4,0.0,0.0
15125,VULNERABILITYSCAN,BENIGN,0.5865921787709497,LOW_CONFIDENCE,nist-sp-800-61r3-response|nist-sp-800-61r3-containment,0,0,0,0.0,0,2,0.0,0.0
15127,VULNERABILITYSCAN,BENIGN,0.6881188118811881,LOW_CONFIDENCE,nist-sp-800-61r3-response|nist-sp-800-61r3-containment|mitre-t1046-overview|mitre-t1498-detection,0,1,3,0.3333333333333333,1,4,0.25,0.25
15129,VULNERABILITYSCAN,BENIGN,0.625,LOW_CONFIDENCE,nist-sp-800-61r3-response|nist-sp-800-61r3-containment,0,0,0,0.0,0,2,0.0,0.0
15130,VULNERABILITYSCAN,BENIGN,0.6767857142857143,LOW_CONFIDENCE,nist-sp-800-61r3-response|nist-sp-800-61r3-containment,0,0,0,0.0,0,2,0.0,0.0
15134,VULNERABILITYSCAN,BENIGN,0.5260663507109006,LOW_CONFIDENCE,nist-sp-800-61r3-response|nist-sp-800-61r3-containment,0,0,0,0.0,0,2,0.0,0.0
15139,VULNERABILITYSCAN,BENIGN,0.6282051282051282,LOW_CONFIDENCE,nist-sp-800-61r3-response|nist-sp-800-61r3-containment,0,0,0,0.0,0,2,0.0,0.0
15142,VULNERABILITYSCAN,BENIGN,0.6767857142857143,LOW_CONFIDENCE,nist-sp-800-61r3-response|nist-sp-800-61r3-containment,0,0,0,0.0,0,2,0.0,0.0
15143,VULNERABILITYSCAN,BENIGN,0.6767857142857143,LOW_CONFIDENCE,nist-sp-800-61r3-response|nist-sp-800-61r3-containment,0,0,0,0.0,0,2,0.0,0.0
15146,VULNERABILITYSCAN,BENIGN,0.5433962264150943,LOW_CONFIDENCE,nist-sp-800-61r3-response|nist-sp-800-61r3-containment,0,0,0,0.0,0,2,0.0,0.0
15148,DNS_SPOOFING,BENIGN,0.5821917808219178,LOW_CONFIDENCE,nist-sp-800-61r3-response|nist-sp-800-61r3-containment|mitre-t1046-overview|mitre-t1498-detection,0,0,0,0.0,0,4,0.0,0.0
15151,VULNERABILITYSCAN,BENIGN,0.5433962264150943,LOW_CONFIDENCE,nist-sp-800-61r3-response|nist-sp-800-61r3-containment,0,0,0,0.0,0,2,0.0,0.0
15154,VULNERABILITYSCAN,BENIGN,0.6548672566371682,LOW_CONFIDENCE,nist-sp-800-61r3-response|nist-sp-800-61r3-containment,0,0,0,0.0,0,2,0.0,0.0
15156,VULNERABILITYSCAN,BENIGN,0.6548672566371682,LOW_CONFIDENCE,nist-sp-800-61r3-response|nist-sp-800-61r3-containment,0,0,0,0.0,0,2,0.0,0.0
15157,VULNERABILITYSCAN,BENIGN,0.6767857142857143,LOW_CONFIDENCE,nist-sp-800-61r3-response|nist-sp-800-61r3-containment,0,0,0,0.0,0,2,0.0,0.0
15159,VULNERABILITYSCAN,BENIGN,0.6881188118811881,LOW_CONFIDENCE,nist-sp-800-61r3-response|nist-sp-800-61r3-containment|mitre-t1046-overview|mitre-t1498-detection,0,1,3,0.3333333333333333,1,4,0.25,0.25
15161,VULNERABILITYSCAN,BENIGN,0.6767857142857143,LOW_CONFIDENCE,nist-sp-800-61r3-response|nist-sp-800-61r3-containment,0,0,0,0.0,0,2,0.0,0.0
15162,VULNERABILITYSCAN,BENIGN,0.6111111111111112,LOW_CONFIDENCE,nist-sp-800-61r3-response|nist-sp-800-61r3-containment,0,0,0,0.0,0,2,0.0,0.0
15163,VULNERABILITYSCAN,BENIGN,0.6767857142857143,LOW_CONFIDENCE,nist-sp-800-61r3-response|nist-sp-800-61r3-containment,0,0,0,0.0,0,2,0.0,0.0
15165,VULNERABILITYSCAN,BENIGN,0.6767857142857143,LOW_CONFIDENCE,nist-sp-800-61r3-response|nist-sp-800-61r3-containment,0,0,0,0.0,0,2,0.0,0.0
15167,VULNERABILITYSCAN,BENIGN,0.6548672566371682,LOW_CONFIDENCE,nist-sp-800-61r3-response|nist-sp-800-61r3-containment,0,0,0,0.0,0,2,0.0,0.0
15169,VULNERABILITYSCAN,BENIGN,0.5892127128892799,LOW_CONFIDENCE,nist-sp-800-61r3-response|nist-sp-800-61r3-containment,0,0,0,0.0,0,2,0.0,0.0
15171,VULNERABILITYSCAN,BENIGN,0.5433962264150943,LOW_CONFIDENCE,nist-sp-800-61r3-response|nist-sp-800-61r3-containment,0,0,0,0.0,0,2,0.0,0.0
15175,VULNERABILITYSCAN,BENIGN,0.5433962264150943,LOW_CONFIDENCE,nist-sp-800-61r3-response|nist-sp-800-61r3-containment,0,0,0,0.0,0,2,0.0,0.0
15178,VULNERABILITYSCAN,BENIGN,0.5433962264150943,LOW_CONFIDENCE,nist-sp-800-61r3-response|nist-sp-800-61r3-containment,0,0,0,0.0,0,2,0.0,0.0
15179,VULNERABILITYSCAN,BENIGN,0.6881188118811881,LOW_CONFIDENCE,nist-sp-800-61r3-response|nist-sp-800-61r3-containment,0,0,0,0.0,0,2,0.0,0.0
15182,VULNERABILITYSCAN,BENIGN,0.6548672566371682,LOW_CONFIDENCE,nist-sp-800-61r3-response|nist-sp-800-61r3-containment,0,0,0,0.0,0,2,0.0,0.0
15187,VULNERABILITYSCAN,BENIGN,0.6767857142857143,LOW_CONFIDENCE,nist-sp-800-61r3-response|nist-sp-800-61r3-containment,0,0,0,0.0,0,2,0.0,0.0
15188,VULNERABILITYSCAN,BENIGN,0.6111111111111112,LOW_CONFIDENCE,nist-sp-800-61r3-response|nist-sp-800-61r3-containment,0,0,0,0.0,0,2,0.0,0.0
15190,VULNERABILITYSCAN,BENIGN,0.6548672566371682,LOW_CONFIDENCE,nist-sp-800-61r3-response|nist-sp-800-61r3-containment|mitre-t1046-overview|mitre-t1498-detection,0,1,3,0.3333333333333333,1,4,0.25,0.25
15192,VULNERABILITYSCAN,BENIGN,0.5821917808219178,LOW_CONFIDENCE,nist-sp-800-61r3-response|nist-sp-800-61r3-containment,0,0,0,0.0,0,2,0.0,0.0
15194,VULNERABILITYSCAN,BENIGN,0.5433962264150943,LOW_CONFIDENCE,nist-sp-800-61r3-response|nist-sp-800-61r3-containment,0,0,0,0.0,0,2,0.0,0.0
15195,VULNERABILITYSCAN,BENIGN,0.6767857142857143,LOW_CONFIDENCE,nist-sp-800-61r3-response|nist-sp-800-61r3-containment,0,0,0,0.0,0,2,0.0,0.0
15196,VULNERABILITYSCAN,BENIGN,0.6111111111111112,LOW_CONFIDENCE,nist-sp-800-61r3-response|nist-sp-800-61r3-containment,0,0,0,0.0,0,2,0.0,0.0
15197,VULNERABILITYSCAN,BENIGN,0.5433962264150943,LOW_CONFIDENCE,nist-sp-800-61r3-response|nist-sp-800-61r3-containment,0,0,0,0.0,0,2,0.0,0.0
15203,VULNERABILITYSCAN,BENIGN,0.5865921787709497,LOW_CONFIDENCE,nist-sp-800-61r3-response|nist-sp-800-61r3-containment|mitre-t1046-overview|mitre-t1498-detection,0,1,3,0.3333333333333333,1,4,0.25,0.25
15205,VULNERABILITYSCAN,BENIGN,0.6767857142857143,LOW_CONFIDENCE,nist-sp-800-61r3-response|nist-sp-800-61r3-containment,0,0,0,0.0,0,2,0.0,0.0
15209,DNS_SPOOFING,BENIGN,0.6111111111111112,LOW_CONFIDENCE,nist-sp-800-61r3-response|nist-sp-800-61r3-containment,0,0,0,0.0,0,2,0.0,0.0
15214,VULNERABILITYSCAN,BENIGN,0.6111111111111112,LOW_CONFIDENCE,nist-sp-800-61r3-response|nist-sp-800-61r3-containment,0,0,0,0.0,0,2,0.0,0.0
15222,VULNERABILITYSCAN,BENIGN,0.5821917808219178,LOW_CONFIDENCE,nist-sp-800-61r3-response|nist-sp-800-61r3-containment,0,0,0,0.0,0,2,0.0,0.0
15223,VULNERABILITYSCAN,BENIGN,0.6282051282051282,LOW_CONFIDENCE,nist-sp-800-61r3-response|nist-sp-800-61r3-containment,0,0,0,0.0,0,2,0.0,0.0
15225,VULNERABILITYSCAN,BENIGN,0.6111111111111112,LOW_CONFIDENCE,nist-sp-800-61r3-response|nist-sp-800-61r3-containment,0,0,0,0.0,0,2,0.0,0.0
15226,DNS_SPOOFING,BENIGN,0.6881188118811881,LOW_CONFIDENCE,nist-sp-800-61r3-response|nist-sp-800-61r3-containment,0,0,0,0.0,0,2,0.0,0.0
15229,VULNERABILITYSCAN,BENIGN,0.6767857142857143,LOW_CONFIDENCE,nist-sp-800-61r3-response|nist-sp-800-61r3-containment,0,0,0,0.0,0,2,0.0,0.0
15232,VULNERABILITYSCAN,BENIGN,0.6767857142857143,LOW_CONFIDENCE,nist-sp-800-61r3-response|nist-sp-800-61r3-containment,0,0,0,0.0,0,2,0.0,0.0
15236,DNS_SPOOFING,BENIGN,0.6282051282051282,LOW_CONFIDENCE,nist-sp-800-61r3-response|nist-sp-800-61r3-containment|mitre-t1046-overview|mitre-t1498-detection,0,0,0,0.0,0,4,0.0,0.0
15240,VULNERABILITYSCAN,BENIGN,0.6881188118811881,LOW_CONFIDENCE,nist-sp-800-61r3-response|nist-sp-800-61r3-containment,0,0,0,0.0,0,2,0.0,0.0
15241,VULNERABILITYSCAN,BENIGN,0.6767857142857143,LOW_CONFIDENCE,nist-sp-800-61r3-response|nist-sp-800-61r3-containment,0,0,0,0.0,0,2,0.0,0.0
15242,VULNERABILITYSCAN,BENIGN,0.6767857142857143,LOW_CONFIDENCE,nist-sp-800-61r3-response|nist-sp-800-61r3-containment,0,0,0,0.0,0,2,0.0,0.0
15243,VULNERABILITYSCAN,BENIGN,0.6548672566371682,LOW_CONFIDENCE,nist-sp-800-61r3-response|nist-sp-800-61r3-containment,0,0,0,0.0,0,2,0.0,0.0
15246,VULNERABILITYSCAN,BENIGN,0.6111111111111112,LOW_CONFIDENCE,nist-sp-800-61r3-response|nist-sp-800-61r3-containment,0,0,0,0.0,0,2,0.0,0.0
15252,VULNERABILITYSCAN,BENIGN,0.5433962264150943,LOW_CONFIDENCE,nist-sp-800-61r3-response|nist-sp-800-61r3-containment,0,0,0,0.0,0,2,0.0,0.0
15255,VULNERABILITYSCAN,BENIGN,0.5865921787709497,LOW_CONFIDENCE,nist-sp-800-61r3-response|nist-sp-800-61r3-containment,0,0,0,0.0,0,2,0.0,0.0
15258,VULNERABILITYSCAN,BENIGN,0.6767857142857143,LOW_CONFIDENCE,nist-sp-800-61r3-response|nist-sp-800-61r3-containment,0,0,0,0.0,0,2,0.0,0.0
15259,VULNERABILITYSCAN,BENIGN,0.6767857142857143,LOW_CONFIDENCE,nist-sp-800-61r3-response|nist-sp-800-61r3-containment,0,0,0,0.0,0,2,0.0,0.0
15260,VULNERABILITYSCAN,BENIGN,0.6767857142857143,LOW_CONFIDENCE,nist-sp-800-61r3-response|nist-sp-800-61r3-containment,0,0,0,0.0,0,2,0.0,0.0
15263,DNS_SPOOFING,BENIGN,0.6111111111111112,LOW_CONFIDENCE,nist-sp-800-61r3-response|nist-sp-800-61r3-containment,0,0,0,0.0,0,2,0.0,0.0
15264,VULNERABILITYSCAN,BENIGN,0.5433962264150943,LOW_CONFIDENCE,nist-sp-800-61r3-response|nist-sp-800-61r3-containment,0,0,0,0.0,0,2,0.0,0.0
15265,VULNERABILITYSCAN,BENIGN,0.6767857142857143,LOW_CONFIDENCE,nist-sp-800-61r3-response|nist-sp-800-61r3-containment|mitre-t1046-overview|mitre-t1498-detection,0,1,3,0.3333333333333333,1,4,0.25,0.25
15267,VULNERABILITYSCAN,BENIGN,0.6282051282051282,LOW_CONFIDENCE,nist-sp-800-61r3-response|nist-sp-800-61r3-containment,0,0,0,0.0,0,2,0.0,0.0
15269,VULNERABILITYSCAN,BENIGN,0.6767857142857143,LOW_CONFIDENCE,nist-sp-800-61r3-response|nist-sp-800-61r3-containment,0,0,0,0.0,0,2,0.0,0.0
15270,VULNERABILITYSCAN,BENIGN,0.6767857142857143,LOW_CONFIDENCE,nist-sp-800-61r3-response|nist-sp-800-61r3-containment,0,0,0,0.0,0,2,0.0,0.0
15273,VULNERABILITYSCAN,BENIGN,0.6881188118811881,LOW_CONFIDENCE,nist-sp-800-61r3-response|nist-sp-800-61r3-containment|mitre-t1046-overview|mitre-t1498-detection,0,1,3,0.3333333333333333,1,4,0.25,0.25
15275,VULNERABILITYSCAN,BENIGN,0.6767857142857143,LOW_CONFIDENCE,nist-sp-800-61r3-response|nist-sp-800-61r3-containment,0,0,0,0.0,0,2,0.0,0.0
15277,VULNERABILITYSCAN,BENIGN,0.5260663507109006,LOW_CONFIDENCE,nist-sp-800-61r3-response|nist-sp-800-61r3-containment,0,0,0,0.0,0,2,0.0,0.0
15279,VULNERABILITYSCAN,BENIGN,0.5433962264150943,LOW_CONFIDENCE,nist-sp-800-61r3-response|nist-sp-800-61r3-containment|mitre-t1046-overview|mitre-t1498-detection,0,1,3,0.3333333333333333,1,4,0.25,0.25
15281,VULNERABILITYSCAN,BENIGN,0.6111111111111112,LOW_CONFIDENCE,nist-sp-800-61r3-response|nist-sp-800-61r3-containment,0,0,0,0.0,0,2,0.0,0.0
15284,VULNERABILITYSCAN,BENIGN,0.6548672566371682,LOW_CONFIDENCE,nist-sp-800-61r3-response|nist-sp-800-61r3-containment,0,0,0,0.0,0,2,0.0,0.0
15285,VULNERABILITYSCAN,BENIGN,0.5433962264150943,LOW_CONFIDENCE,nist-sp-800-61r3-response|nist-sp-800-61r3-containment,0,0,0,0.0,0,2,0.0,0.0
15287,VULNERABILITYSCAN,BENIGN,0.6666666666666667,LOW_CONFIDENCE,nist-sp-800-61r3-response|nist-sp-800-61r3-containment|mitre-t1046-overview|mitre-t1498-detection,0,1,3,0.3333333333333333,1,4,0.25,0.25
15292,VULNERABILITYSCAN,BENIGN,0.6767857142857143,LOW_CONFIDENCE,nist-sp-800-61r3-response|nist-sp-800-61r3-containment|mitre-t1046-overview|mitre-t1498-detection,0,1,3,0.3333333333333333,1,4,0.25,0.25
15293,DNS_SPOOFING,BENIGN,0.5865921787709497,LOW_CONFIDENCE,nist-sp-800-61r3-response|nist-sp-800-61r3-containment,0,0,0,0.0,0,2,0.0,0.0
15297,VULNERABILITYSCAN,BENIGN,0.6767857142857143,LOW_CONFIDENCE,nist-sp-800-61r3-response|nist-sp-800-61r3-containment,0,0,0,0.0,0,2,0.0,0.0
15298,DNS_SPOOFING,BENIGN,0.5821917808219178,LOW_CONFIDENCE,nist-sp-800-61r3-response|nist-sp-800-61r3-containment,0,0,0,0.0,0,2,0.0,0.0
15299,VULNERABILITYSCAN,BENIGN,0.5260663507109006,LOW_CONFIDENCE,nist-sp-800-61r3-response|nist-sp-800-61r3-containment,0,0,0,0.0,0,2,0.0,0.0
15300,VULNERABILITYSCAN,BENIGN,0.6666666666666666,LOW_CONFIDENCE,nist-sp-800-61r3-response|nist-sp-800-61r3-containment,0,0,0,0.0,0,2,0.0,0.0
15301,VULNERABILITYSCAN,BENIGN,0.6881188118811881,LOW_CONFIDENCE,nist-sp-800-61r3-response|nist-sp-800-61r3-containment,0,0,0,0.0,0,2,0.0,0.0
15302,VULNERABILITYSCAN,BENIGN,0.6111111111111112,LOW_CONFIDENCE,nist-sp-800-61r3-response|nist-sp-800-61r3-containment,0,0,0,0.0,0,2,0.0,0.0
15304,DNS_SPOOFING,BENIGN,0.6881188118811881,LOW_CONFIDENCE,nist-sp-800-61r3-response|nist-sp-800-61r3-containment,0,0,0,0.0,0,2,0.0,0.0
15309,VULNERABILITYSCAN,BENIGN,0.6881188118811881,LOW_CONFIDENCE,nist-sp-800-61r3-response|nist-sp-800-61r3-containment,0,0,0,0.0,0,2,0.0,0.0
15314,VULNERABILITYSCAN,BENIGN,0.6767857142857143,LOW_CONFIDENCE,nist-sp-800-61r3-response|nist-sp-800-61r3-containment,0,0,0,0.0,0,2,0.0,0.0
15316,VULNERABILITYSCAN,BENIGN,0.6767857142857143,LOW_CONFIDENCE,nist-sp-800-61r3-response|nist-sp-800-61r3-containment,0,0,0,0.0,0,2,0.0,0.0
15318,VULNERABILITYSCAN,BENIGN,0.6767857142857143,LOW_CONFIDENCE,nist-sp-800-61r3-response|nist-sp-800-61r3-containment,0,0,0,0.0,0,2,0.0,0.0
15319,VULNERABILITYSCAN,BENIGN,0.6881188118811881,LOW_CONFIDENCE,nist-sp-800-61r3-response|nist-sp-800-61r3-containment,0,0,0,0.0,0,2,0.0,0.0
15322,VULNERABILITYSCAN,BENIGN,0.6767857142857143,LOW_CONFIDENCE,nist-sp-800-61r3-response|nist-sp-800-61r3-containment,0,0,0,0.0,0,2,0.0,0.0
15324,VULNERABILITYSCAN,BENIGN,0.5260663507109006,LOW_CONFIDENCE,nist-sp-800-61r3-response|nist-sp-800-61r3-containment,0,0,0,0.0,0,2,0.0,0.0
15328,VULNERABILITYSCAN,BENIGN,0.5865921787709497,LOW_CONFIDENCE,nist-sp-800-61r3-response|nist-sp-800-61r3-containment,0,0,0,0.0,0,2,0.0,0.0
15344,VULNERABILITYSCAN,BENIGN,0.6111111111111112,LOW_CONFIDENCE,nist-sp-800-61r3-response|nist-sp-800-61r3-containment,0,0,0,0.0,0,2,0.0,0.0
15352,VULNERABILITYSCAN,BENIGN,0.5821917808219178,LOW_CONFIDENCE,nist-sp-800-61r3-response|nist-sp-800-61r3-containment,0,0,0,0.0,0,2,0.0,0.0
15353,VULNERABILITYSCAN,BENIGN,0.6881188118811881,LOW_CONFIDENCE,nist-sp-800-61r3-response|nist-sp-800-61r3-containment|mitre-t1046-overview|mitre-t1498-detection,0,1,3,0.3333333333333333,1,4,0.25,0.25
15355,VULNERABILITYSCAN,BENIGN,0.5821917808219178,LOW_CONFIDENCE,nist-sp-800-61r3-response|nist-sp-800-61r3-containment,0,0,0,0.0,0,2,0.0,0.0
15356,VULNERABILITYSCAN,BENIGN,0.6754966887417219,LOW_CONFIDENCE,nist-sp-800-61r3-response|nist-sp-800-61r3-containment|mitre-t1046-overview|mitre-t1498-detection,0,1,3,0.3333333333333333,1,4,0.25,0.25
15357,VULNERABILITYSCAN,BENIGN,0.6282051282051282,LOW_CONFIDENCE,nist-sp-800-61r3-response|nist-sp-800-61r3-containment,0,0,0,0.0,0,2,0.0,0.0
15358,VULNERABILITYSCAN,BENIGN,0.5260663507109006,LOW_CONFIDENCE,nist-sp-800-61r3-response|nist-sp-800-61r3-containment,0,0,0,0.0,0,2,0.0,0.0
15359,VULNERABILITYSCAN,BENIGN,0.6111111111111112,LOW_CONFIDENCE,nist-sp-800-61r3-response|nist-sp-800-61r3-containment,0,0,0,0.0,0,2,0.0,0.0
15362,VULNERABILITYSCAN,BENIGN,0.6767857142857143,LOW_CONFIDENCE,nist-sp-800-61r3-response|nist-sp-800-61r3-containment,0,0,0,0.0,0,2,0.0,0.0
15365,VULNERABILITYSCAN,BENIGN,0.6666666666666667,LOW_CONFIDENCE,nist-sp-800-61r3-response|nist-sp-800-61r3-containment|mitre-t1046-overview|mitre-t1498-detection,0,1,3,0.3333333333333333,1,4,0.25,0.25
15379,VULNERABILITYSCAN,BENIGN,0.5433962264150943,LOW_CONFIDENCE,nist-sp-800-61r3-response|nist-sp-800-61r3-containment,0,0,0,0.0,0,2,0.0,0.0
15384,VULNERABILITYSCAN,BENIGN,0.625,LOW_CONFIDENCE,nist-sp-800-61r3-response|nist-sp-800-61r3-containment,0,0,0,0.0,0,2,0.0,0.0
15388,VULNERABILITYSCAN,BENIGN,0.5433962264150943,LOW_CONFIDENCE,nist-sp-800-61r3-response|nist-sp-800-61r3-containment|mitre-t1046-overview|mitre-t1498-detection,0,1,3,0.3333333333333333,1,4,0.25,0.25
15390,VULNERABILITYSCAN,BENIGN,0.5865921787709497,LOW_CONFIDENCE,nist-sp-800-61r3-response|nist-sp-800-61r3-containment,0,0,0,0.0,0,2,0.0,0.0
15395,VULNERABILITYSCAN,BENIGN,0.6282051282051282,LOW_CONFIDENCE,nist-sp-800-61r3-response|nist-sp-800-61r3-containment,0,0,0,0.0,0,2,0.0,0.0
15398,VULNERABILITYSCAN,BENIGN,0.5260663507109006,LOW_CONFIDENCE,nist-sp-800-61r3-response|nist-sp-800-61r3-containment,0,0,0,0.0,0,2,0.0,0.0
15402,VULNERABILITYSCAN,BENIGN,0.6111111111111112,LOW_CONFIDENCE,nist-sp-800-61r3-response|nist-sp-800-61r3-containment,0,0,0,0.0,0,2,0.0,0.0
15403,VULNERABILITYSCAN,BENIGN,0.6881188118811881,LOW_CONFIDENCE,nist-sp-800-61r3-response|nist-sp-800-61r3-containment|mitre-t1046-overview|mitre-t1498-detection,0,1,3,0.3333333333333333,1,4,0.25,0.25
15406,VULNERABILITYSCAN,BENIGN,0.5433962264150943,LOW_CONFIDENCE,nist-sp-800-61r3-response|nist-sp-800-61r3-containment,0,0,0,0.0,0,2,0.0,0.0
15408,VULNERABILITYSCAN,BENIGN,0.6767857142857143,LOW_CONFIDENCE,nist-sp-800-61r3-response|nist-sp-800-61r3-containment,0,0,0,0.0,0,2,0.0,0.0
15410,VULNERABILITYSCAN,BENIGN,0.5433962264150943,LOW_CONFIDENCE,nist-sp-800-61r3-response|nist-sp-800-61r3-containment,0,0,0,0.0,0,2,0.0,0.0
15412,VULNERABILITYSCAN,BENIGN,0.6767857142857143,LOW_CONFIDENCE,nist-sp-800-61r3-response|nist-sp-800-61r3-containment,0,0,0,0.0,0,2,0.0,0.0
15415,VULNERABILITYSCAN,BENIGN,0.5260663507109006,LOW_CONFIDENCE,nist-sp-800-61r3-response|nist-sp-800-61r3-containment,0,0,0,0.0,0,2,0.0,0.0
15417,VULNERABILITYSCAN,BENIGN,0.6282051282051282,LOW_CONFIDENCE,nist-sp-800-61r3-response|nist-sp-800-61r3-containment|mitre-t1046-overview|mitre-t1498-detection,0,1,3,0.3333333333333333,1,4,0.25,0.25
15430,VULNERABILITYSCAN,BENIGN,0.5865921787709497,LOW_CONFIDENCE,nist-sp-800-61r3-response|nist-sp-800-61r3-containment,0,0,0,0.0,0,2,0.0,0.0
15434,VULNERABILITYSCAN,BENIGN,0.6767857142857143,LOW_CONFIDENCE,nist-sp-800-61r3-response|nist-sp-800-61r3-containment,0,0,0,0.0,0,2,0.0,0.0
15437,VULNERABILITYSCAN,BENIGN,0.6282051282051282,LOW_CONFIDENCE,nist-sp-800-61r3-response|nist-sp-800-61r3-containment|mitre-t1046-overview|mitre-t1498-detection,0,1,3,0.3333333333333333,1,4,0.25,0.25
15440,VULNERABILITYSCAN,BENIGN,0.5865921787709497,LOW_CONFIDENCE,nist-sp-800-61r3-response|nist-sp-800-61r3-containment,0,0,0,0.0,0,2,0.0,0.0
15441,VULNERABILITYSCAN,BENIGN,0.625,LOW_CONFIDENCE,nist-sp-800-61r3-response|nist-sp-800-61r3-containment,0,0,0,0.0,0,2,0.0,0.0
15442,VULNERABILITYSCAN,BENIGN,0.6767857142857143,LOW_CONFIDENCE,nist-sp-800-61r3-response|nist-sp-800-61r3-containment,0,0,0,0.0,0,2,0.0,0.0
15444,DNS_SPOOFING,BENIGN,0.5260663507109006,LOW_CONFIDENCE,nist-sp-800-61r3-response|nist-sp-800-61r3-containment|mitre-t1046-overview|mitre-t1498-detection,0,0,0,0.0,0,4,0.0,0.0
15445,VULNERABILITYSCAN,BENIGN,0.5865921787709497,LOW_CONFIDENCE,nist-sp-800-61r3-response|nist-sp-800-61r3-containment|mitre-t1046-overview|mitre-t1498-detection,0,1,3,0.3333333333333333,1,4,0.25,0.25
15446,VULNERABILITYSCAN,BENIGN,0.5433962264150943,LOW_CONFIDENCE,nist-sp-800-61r3-response|nist-sp-800-61r3-containment,0,0,0,0.0,0,2,0.0,0.0
15448,VULNERABILITYSCAN,BENIGN,0.5433962264150943,LOW_CONFIDENCE,nist-sp-800-61r3-response|nist-sp-800-61r3-containment,0,0,0,0.0,0,2,0.0,0.0
15449,VULNERABILITYSCAN,BENIGN,0.5865921787709497,LOW_CONFIDENCE,nist-sp-800-61r3-response|nist-sp-800-61r3-containment,0,0,0,0.0,0,2,0.0,0.0
15450,VULNERABILITYSCAN,BENIGN,0.6767857142857143,LOW_CONFIDENCE,nist-sp-800-61r3-response|nist-sp-800-61r3-containment,0,0,0,0.0,0,2,0.0,0.0
15452,VULNERABILITYSCAN,BENIGN,0.5821917808219178,LOW_CONFIDENCE,nist-sp-800-61r3-response|nist-sp-800-61r3-containment|mitre-t1046-overview|mitre-t1498-detection,0,1,3,0.3333333333333333,1,4,0.25,0.25
15454,VULNERABILITYSCAN,BENIGN,0.6767857142857143,LOW_CONFIDENCE,nist-sp-800-61r3-response|nist-sp-800-61r3-containment,0,0,0,0.0,0,2,0.0,0.0
15455,VULNERABILITYSCAN,BENIGN,0.5433962264150943,LOW_CONFIDENCE,nist-sp-800-61r3-response|nist-sp-800-61r3-containment,0,0,0,0.0,0,2,0.0,0.0
15463,VULNERABILITYSCAN,BENIGN,0.6767857142857143,LOW_CONFIDENCE,nist-sp-800-61r3-response|nist-sp-800-61r3-containment,0,0,0,0.0,0,2,0.0,0.0
15468,VULNERABILITYSCAN,BENIGN,0.5260663507109006,LOW_CONFIDENCE,nist-sp-800-61r3-response|nist-sp-800-61r3-containment,0,0,0,0.0,0,2,0.0,0.0
15477,VULNERABILITYSCAN,BENIGN,0.6548672566371682,LOW_CONFIDENCE,nist-sp-800-61r3-response|nist-sp-800-61r3-containment,0,0,0,0.0,0,2,0.0,0.0
15478,VULNERABILITYSCAN,BENIGN,0.5821917808219178,LOW_CONFIDENCE,nist-sp-800-61r3-response|nist-sp-800-61r3-containment|mitre-t1046-overview|mitre-t1498-detection,0,1,3,0.3333333333333333,1,4,0.25,0.25
15479,VULNERABILITYSCAN,BENIGN,0.6881188118811881,LOW_CONFIDENCE,nist-sp-800-61r3-response|nist-sp-800-61r3-containment|mitre-t1046-overview|mitre-t1498-detection,0,1,3,0.3333333333333333,1,4,0.25,0.25
15482,DNS_SPOOFING,BENIGN,0.6881188118811881,LOW_CONFIDENCE,nist-sp-800-61r3-response|nist-sp-800-61r3-containment|mitre-t1046-overview|mitre-t1498-detection,0,0,0,0.0,0,4,0.0,0.0
15485,VULNERABILITYSCAN,BENIGN,0.625,LOW_CONFIDENCE,nist-sp-800-61r3-response|nist-sp-800-61r3-containment|mitre-t1046-overview|mitre-t1498-detection,0,1,3,0.3333333333333333,1,4,0.25,0.25
15486,VULNERABILITYSCAN,BENIGN,0.5260663507109006,LOW_CONFIDENCE,nist-sp-800-61r3-response|nist-sp-800-61r3-containment|mitre-t1046-overview|mitre-t1498-detection,0,1,3,0.3333333333333333,1,4,0.25,0.25
15490,VULNERABILITYSCAN,BENIGN,0.6881188118811881,LOW_CONFIDENCE,nist-sp-800-61r3-response|nist-sp-800-61r3-containment,0,0,0,0.0,0,2,0.0,0.0
15491,VULNERABILITYSCAN,BENIGN,0.5433962264150943,LOW_CONFIDENCE,nist-sp-800-61r3-response|nist-sp-800-61r3-containment,0,0,0,0.0,0,2,0.0,0.0
15500,VULNERABILITYSCAN,BENIGN,0.5433962264150943,LOW_CONFIDENCE,nist-sp-800-61r3-response|nist-sp-800-61r3-containment,0,0,0,0.0,0,2,0.0,0.0
15501,VULNERABILITYSCAN,BENIGN,0.6767857142857143,LOW_CONFIDENCE,nist-sp-800-61r3-response|nist-sp-800-61r3-containment,0,0,0,0.0,0,2,0.0,0.0
15506,VULNERABILITYSCAN,BENIGN,0.6548672566371682,LOW_CONFIDENCE,nist-sp-800-61r3-response|nist-sp-800-61r3-containment,0,0,0,0.0,0,2,0.0,0.0
15511,VULNERABILITYSCAN,BENIGN,0.6881188118811881,LOW_CONFIDENCE,nist-sp-800-61r3-response|nist-sp-800-61r3-containment|mitre-t1046-overview|mitre-t1498-detection,0,1,3,0.3333333333333333,1,4,0.25,0.25
15515,VULNERABILITYSCAN,BENIGN,0.6754966887417219,LOW_CONFIDENCE,nist-sp-800-61r3-response|nist-sp-800-61r3-containment|mitre-t1046-overview|mitre-t1498-detection,0,1,3,0.3333333333333333,1,4,0.25,0.25
15516,VULNERABILITYSCAN,BENIGN,0.6282051282051282,LOW_CONFIDENCE,nist-sp-800-61r3-response|nist-sp-800-61r3-containment|mitre-t1046-overview|mitre-t1498-detection,0,1,3,0.3333333333333333,1,4,0.25,0.25
15518,DNS_SPOOFING,BENIGN,0.6666666666666667,LOW_CONFIDENCE,nist-sp-800-61r3-response|nist-sp-800-61r3-containment,0,0,0,0.0,0,2,0.0,0.0
15519,VULNERABILITYSCAN,BENIGN,0.5260663507109006,LOW_CONFIDENCE,nist-sp-800-61r3-response|nist-sp-800-61r3-containment,0,0,0,0.0,0,2,0.0,0.0
15523,VULNERABILITYSCAN,BENIGN,0.5260663507109006,LOW_CONFIDENCE,nist-sp-800-61r3-response|nist-sp-800-61r3-containment,0,0,0,0.0,0,2,0.0,0.0
15527,VULNERABILITYSCAN,BENIGN,0.6767857142857143,LOW_CONFIDENCE,nist-sp-800-61r3-response|nist-sp-800-61r3-containment,0,0,0,0.0,0,2,0.0,0.0
15529,VULNERABILITYSCAN,BENIGN,0.6754966887417219,LOW_CONFIDENCE,nist-sp-800-61r3-response|nist-sp-800-61r3-containment,0,0,0,0.0,0,2,0.0,0.0
15532,VULNERABILITYSCAN,BENIGN,0.6111111111111112,LOW_CONFIDENCE,nist-sp-800-61r3-response|nist-sp-800-61r3-containment,0,0,0,0.0,0,2,0.0,0.0
15534,VULNERABILITYSCAN,BENIGN,0.6767857142857143,LOW_CONFIDENCE,nist-sp-800-61r3-response|nist-sp-800-61r3-containment,0,0,0,0.0,0,2,0.0,0.0
15537,VULNERABILITYSCAN,BENIGN,0.5821917808219178,LOW_CONFIDENCE,nist-sp-800-61r3-response|nist-sp-800-61r3-containment,0,0,0,0.0,0,2,0.0,0.0
15539,VULNERABILITYSCAN,BENIGN,0.6548672566371682,LOW_CONFIDENCE,nist-sp-800-61r3-response|nist-sp-800-61r3-containment,0,0,0,0.0,0,2,0.0,0.0
15541,VULNERABILITYSCAN,BENIGN,0.5433962264150943,LOW_CONFIDENCE,nist-sp-800-61r3-response|nist-sp-800-61r3-containment,0,0,0,0.0,0,2,0.0,0.0
15542,VULNERABILITYSCAN,BENIGN,0.6881188118811881,LOW_CONFIDENCE,nist-sp-800-61r3-response|nist-sp-800-61r3-containment,0,0,0,0.0,0,2,0.0,0.0
15545,VULNERABILITYSCAN,BENIGN,0.5865921787709497,LOW_CONFIDENCE,nist-sp-800-61r3-response|nist-sp-800-61r3-containment|mitre-t1046-overview|mitre-t1498-detection,0,1,3,0.3333333333333333,1,4,0.25,0.25
15547,VULNERABILITYSCAN,BENIGN,0.5260663507109006,LOW_CONFIDENCE,nist-sp-800-61r3-response|nist-sp-800-61r3-containment,0,0,0,0.0,0,2,0.0,0.0
15550,VULNERABILITYSCAN,BENIGN,0.6111111111111112,LOW_CONFIDENCE,nist-sp-800-61r3-response|nist-sp-800-61r3-containment|mitre-t1046-overview|mitre-t1498-detection,0,1,3,0.3333333333333333,1,4,0.25,0.25
15552,VULNERABILITYSCAN,BENIGN,0.6881188118811881,LOW_CONFIDENCE,nist-sp-800-61r3-response|nist-sp-800-61r3-containment,0,0,0,0.0,0,2,0.0,0.0
15553,VULNERABILITYSCAN,BENIGN,0.6767857142857143,LOW_CONFIDENCE,nist-sp-800-61r3-response|nist-sp-800-61r3-containment,0,0,0,0.0,0,2,0.0,0.0
15557,VULNERABILITYSCAN,BENIGN,0.5433962264150943,LOW_CONFIDENCE,nist-sp-800-61r3-response|nist-sp-800-61r3-containment,0,0,0,0.0,0,2,0.0,0.0
15558,VULNERABILITYSCAN,BENIGN,0.6548672566371682,LOW_CONFIDENCE,nist-sp-800-61r3-response|nist-sp-800-61r3-containment,0,0,0,0.0,0,2,0.0,0.0
15559,VULNERABILITYSCAN,BENIGN,0.6111111111111112,LOW_CONFIDENCE,nist-sp-800-61r3-response|nist-sp-800-61r3-containment,0,0,0,0.0,0,2,0.0,0.0
15560,VULNERABILITYSCAN,BENIGN,0.6548672566371682,LOW_CONFIDENCE,nist-sp-800-61r3-response|nist-sp-800-61r3-containment,0,0,0,0.0,0,2,0.0,0.0
15563,VULNERABILITYSCAN,BENIGN,0.6548672566371682,LOW_CONFIDENCE,nist-sp-800-61r3-response|nist-sp-800-61r3-containment,0,0,0,0.0,0,2,0.0,0.0
15564,DNS_SPOOFING,BENIGN,0.6111111111111112,LOW_CONFIDENCE,nist-sp-800-61r3-response|nist-sp-800-61r3-containment|mitre-t1046-overview|mitre-t1498-detection,0,0,0,0.0,0,4,0.0,0.0
15567,VULNERABILITYSCAN,BENIGN,0.5865921787709497,LOW_CONFIDENCE,nist-sp-800-61r3-response|nist-sp-800-61r3-containment,0,0,0,0.0,0,2,0.0,0.0
15572,DNS_SPOOFING,BENIGN,0.5260663507109006,LOW_CONFIDENCE,nist-sp-800-61r3-response|nist-sp-800-61r3-containment|mitre-t1046-overview|mitre-t1498-detection,0,0,0,0.0,0,4,0.0,0.0
15579,VULNERABILITYSCAN,BENIGN,0.5865921787709497,LOW_CONFIDENCE,nist-sp-800-61r3-response|nist-sp-800-61r3-containment,0,0,0,0.0,0,2,0.0,0.0
15580,VULNERABILITYSCAN,BENIGN,0.6767857142857143,LOW_CONFIDENCE,nist-sp-800-61r3-response|nist-sp-800-61r3-containment,0,0,0,0.0,0,2,0.0,0.0
15581,VULNERABILITYSCAN,BENIGN,0.5433962264150943,LOW_CONFIDENCE,nist-sp-800-61r3-response|nist-sp-800-61r3-containment,0,0,0,0.0,0,2,0.0,0.0
15582,VULNERABILITYSCAN,BENIGN,0.5865921787709497,LOW_CONFIDENCE,nist-sp-800-61r3-response|nist-sp-800-61r3-containment,0,0,0,0.0,0,2,0.0,0.0
15583,VULNERABILITYSCAN,BENIGN,0.6282051282051282,LOW_CONFIDENCE,nist-sp-800-61r3-response|nist-sp-800-61r3-containment|mitre-t1046-overview|mitre-t1498-detection,0,1,3,0.3333333333333333,1,4,0.25,0.25
15586,VULNERABILITYSCAN,BENIGN,0.6282051282051282,LOW_CONFIDENCE,nist-sp-800-61r3-response|nist-sp-800-61r3-containment|mitre-t1046-overview|mitre-t1498-detection,0,1,3,0.3333333333333333,1,4,0.25,0.25
15587,VULNERABILITYSCAN,BENIGN,0.5821917808219178,LOW_CONFIDENCE,nist-sp-800-61r3-response|nist-sp-800-61r3-containment,0,0,0,0.0,0,2,0.0,0.0
15592,VULNERABILITYSCAN,BENIGN,0.6881188118811881,LOW_CONFIDENCE,nist-sp-800-61r3-response|nist-sp-800-61r3-containment|mitre-t1046-overview|mitre-t1498-detection,0,1,3,0.3333333333333333,1,4,0.25,0.25
15593,VULNERABILITYSCAN,BENIGN,0.5433962264150943,LOW_CONFIDENCE,nist-sp-800-61r3-response|nist-sp-800-61r3-containment|mitre-t1046-overview|mitre-t1498-detection,0,1,3,0.3333333333333333,1,4,0.25,0.25
15594,VULNERABILITYSCAN,BENIGN,0.6548672566371682,LOW_CONFIDENCE,nist-sp-800-61r3-response|nist-sp-800-61r3-containment,0,0,0,0.0,0,2,0.0,0.0
15596,VULNERABILITYSCAN,BENIGN,0.6767857142857143,LOW_CONFIDENCE,nist-sp-800-61r3-response|nist-sp-800-61r3-containment,0,0,0,0.0,0,2,0.0,0.0
15599,DNS_SPOOFING,BENIGN,0.5821917808219178,LOW_CONFIDENCE,nist-sp-800-61r3-response|nist-sp-800-61r3-containment,0,0,0,0.0,0,2,0.0,0.0
15603,VULNERABILITYSCAN,BENIGN,0.6767857142857143,LOW_CONFIDENCE,nist-sp-800-61r3-response|nist-sp-800-61r3-containment,0,0,0,0.0,0,2,0.0,0.0
15605,VULNERABILITYSCAN,BENIGN,0.6548672566371682,LOW_CONFIDENCE,nist-sp-800-61r3-response|nist-sp-800-61r3-containment,0,0,0,0.0,0,2,0.0,0.0
15606,VULNERABILITYSCAN,BENIGN,0.6548672566371682,LOW_CONFIDENCE,nist-sp-800-61r3-response|nist-sp-800-61r3-containment,0,0,0,0.0,0,2,0.0,0.0
15609,DNS_SPOOFING,BENIGN,0.5433962264150943,LOW_CONFIDENCE,nist-sp-800-61r3-response|nist-sp-800-61r3-containment|mitre-t1046-overview|mitre-t1498-detection,0,0,0,0.0,0,4,0.0,0.0
15610,VULNERABILITYSCAN,BENIGN,0.6754966887417219,LOW_CONFIDENCE,nist-sp-800-61r3-response|nist-sp-800-61r3-containment,0,0,0,0.0,0,2,0.0,0.0
15611,VULNERABILITYSCAN,BENIGN,0.5865921787709497,LOW_CONFIDENCE,nist-sp-800-61r3-response|nist-sp-800-61r3-containment,0,0,0,0.0,0,2,0.0,0.0
15612,VULNERABILITYSCAN,BENIGN,0.6111111111111112,LOW_CONFIDENCE,nist-sp-800-61r3-response|nist-sp-800-61r3-containment,0,0,0,0.0,0,2,0.0,0.0
15614,VULNERABILITYSCAN,BENIGN,0.6111111111111112,LOW_CONFIDENCE,nist-sp-800-61r3-response|nist-sp-800-61r3-containment,0,0,0,0.0,0,2,0.0,0.0
15618,VULNERABILITYSCAN,BENIGN,0.6548672566371682,LOW_CONFIDENCE,nist-sp-800-61r3-response|nist-sp-800-61r3-containment,0,0,0,0.0,0,2,0.0,0.0
15624,VULNERABILITYSCAN,BENIGN,0.6767857142857143,LOW_CONFIDENCE,nist-sp-800-61r3-response|nist-sp-800-61r3-containment,0,0,0,0.0,0,2,0.0,0.0
15625,VULNERABILITYSCAN,BENIGN,0.6767857142857143,LOW_CONFIDENCE,nist-sp-800-61r3-response|mitre-t1557-001-indicators|nist-sp-800-61r3-containment,0,0,0,0.0,0,3,0.0,0.0
15629,VULNERABILITYSCAN,BENIGN,0.6548672566371682,LOW_CONFIDENCE,nist-sp-800-61r3-response|nist-sp-800-61r3-containment,0,0,0,0.0,0,2,0.0,0.0
15632,VULNERABILITYSCAN,BENIGN,0.625,LOW_CONFIDENCE,nist-sp-800-61r3-response|nist-sp-800-61r3-containment,0,0,0,0.0,0,2,0.0,0.0
15633,VULNERABILITYSCAN,BENIGN,0.6754966887417219,LOW_CONFIDENCE,nist-sp-800-61r3-response|nist-sp-800-61r3-containment,0,0,0,0.0,0,2,0.0,0.0
15635,DNS_SPOOFING,BENIGN,0.5433962264150943,LOW_CONFIDENCE,nist-sp-800-61r3-response|nist-sp-800-61r3-containment,0,0,0,0.0,0,2,0.0,0.0
15638,VULNERABILITYSCAN,BENIGN,0.625,LOW_CONFIDENCE,nist-sp-800-61r3-response|nist-sp-800-61r3-containment,0,0,0,0.0,0,2,0.0,0.0
15641,VULNERABILITYSCAN,BENIGN,0.6111111111111112,LOW_CONFIDENCE,nist-sp-800-61r3-response|nist-sp-800-61r3-containment|mitre-t1046-overview|mitre-t1498-detection,0,1,3,0.3333333333333333,1,4,0.25,0.25
15642,VULNERABILITYSCAN,BENIGN,0.6754966887417219,LOW_CONFIDENCE,nist-sp-800-61r3-response|nist-sp-800-61r3-containment|mitre-t1046-overview|mitre-t1498-detection,0,1,3,0.3333333333333333,1,4,0.25,0.25
15645,VULNERABILITYSCAN,BENIGN,0.6767857142857143,LOW_CONFIDENCE,nist-sp-800-61r3-response|nist-sp-800-61r3-containment|mitre-t1046-overview|mitre-t1498-detection,0,1,3,0.3333333333333333,1,4,0.25,0.25
15647,VULNERABILITYSCAN,BENIGN,0.6754966887417219,LOW_CONFIDENCE,nist-sp-800-61r3-response|nist-sp-800-61r3-containment,0,0,0,0.0,0,2,0.0,0.0
15648,VULNERABILITYSCAN,BENIGN,0.6767857142857143,LOW_CONFIDENCE,nist-sp-800-61r3-response|nist-sp-800-61r3-containment,0,0,0,0.0,0,2,0.0,0.0
15649,VULNERABILITYSCAN,BENIGN,0.6767857142857143,LOW_CONFIDENCE,nist-sp-800-61r3-response|nist-sp-800-61r3-containment|mitre-t1046-overview|mitre-t1498-detection,0,1,3,0.3333333333333333,1,4,0.25,0.25
15651,DNS_SPOOFING,BENIGN,0.6767857142857143,LOW_CONFIDENCE,nist-sp-800-61r3-response|nist-sp-800-61r3-containment,0,0,0,0.0,0,2,0.0,0.0
15661,VULNERABILITYSCAN,BENIGN,0.6767857142857143,LOW_CONFIDENCE,nist-sp-800-61r3-response|nist-sp-800-61r3-containment,0,0,0,0.0,0,2,0.0,0.0
15664,VULNERABILITYSCAN,BENIGN,0.6548672566371682,LOW_CONFIDENCE,nist-sp-800-61r3-response|nist-sp-800-61r3-containment,0,0,0,0.0,0,2,0.0,0.0
15666,VULNERABILITYSCAN,BENIGN,0.6767857142857143,LOW_CONFIDENCE,nist-sp-800-61r3-response|nist-sp-800-61r3-containment,0,0,0,0.0,0,2,0.0,0.0
15671,VULNERABILITYSCAN,BENIGN,0.5865921787709497,LOW_CONFIDENCE,nist-sp-800-61r3-response|nist-sp-800-61r3-containment,0,0,0,0.0,0,2,0.0,0.0
15673,VULNERABILITYSCAN,BENIGN,0.625,LOW_CONFIDENCE,nist-sp-800-61r3-response|nist-sp-800-61r3-containment,0,0,0,0.0,0,2,0.0,0.0
15676,VULNERABILITYSCAN,BENIGN,0.6666666666666666,LOW_CONFIDENCE,nist-sp-800-61r3-response|nist-sp-800-61r3-containment,0,0,0,0.0,0,2,0.0,0.0
15678,VULNERABILITYSCAN,BENIGN,0.6767857142857143,LOW_CONFIDENCE,nist-sp-800-61r3-response|nist-sp-800-61r3-containment,0,0,0,0.0,0,2,0.0,0.0
15680,VULNERABILITYSCAN,BENIGN,0.5433962264150943,LOW_CONFIDENCE,nist-sp-800-61r3-response|nist-sp-800-61r3-containment|mitre-t1046-overview|mitre-t1498-detection,0,1,3,0.3333333333333333,1,4,0.25,0.25
15681,VULNERABILITYSCAN,BENIGN,0.6767857142857143,LOW_CONFIDENCE,nist-sp-800-61r3-response|nist-sp-800-61r3-containment,0,0,0,0.0,0,2,0.0,0.0
15682,VULNERABILITYSCAN,BENIGN,0.6754966887417219,LOW_CONFIDENCE,nist-sp-800-61r3-response|nist-sp-800-61r3-containment|mitre-t1046-overview|mitre-t1498-detection,0,1,3,0.3333333333333333,1,4,0.25,0.25
15683,VULNERABILITYSCAN,BENIGN,0.6111111111111112,LOW_CONFIDENCE,nist-sp-800-61r3-response|nist-sp-800-61r3-containment|mitre-t1046-overview|mitre-t1498-detection,0,1,3,0.3333333333333333,1,4,0.25,0.25
15695,VULNERABILITYSCAN,BENIGN,0.6767857142857143,LOW_CONFIDENCE,nist-sp-800-61r3-response|nist-sp-800-61r3-containment,0,0,0,0.0,0,2,0.0,0.0
15699,VULNERABILITYSCAN,BENIGN,0.6754966887417219,LOW_CONFIDENCE,nist-sp-800-61r3-response|nist-sp-800-61r3-containment,0,0,0,0.0,0,2,0.0,0.0
15702,VULNERABILITYSCAN,BENIGN,0.5433962264150943,LOW_CONFIDENCE,nist-sp-800-61r3-response|nist-sp-800-61r3-containment,0,0,0,0.0,0,2,0.0,0.0
15705,VULNERABILITYSCAN,BENIGN,0.6111111111111112,LOW_CONFIDENCE,nist-sp-800-61r3-response|nist-sp-800-61r3-containment|mitre-t1046-overview|mitre-t1498-detection,0,1,3,0.3333333333333333,1,4,0.25,0.25
15706,VULNERABILITYSCAN,BENIGN,0.6548672566371682,LOW_CONFIDENCE,nist-sp-800-61r3-response|nist-sp-800-61r3-containment,0,0,0,0.0,0,2,0.0,0.0
15711,VULNERABILITYSCAN,BENIGN,0.6767857142857143,LOW_CONFIDENCE,nist-sp-800-61r3-response|nist-sp-800-61r3-containment,0,0,0,0.0,0,2,0.0,0.0
15713,VULNERABILITYSCAN,BENIGN,0.6548672566371682,LOW_CONFIDENCE,nist-sp-800-61r3-response|nist-sp-800-61r3-containment,0,0,0,0.0,0,2,0.0,0.0
15716,DNS_SPOOFING,BENIGN,0.6754966887417219,LOW_CONFIDENCE,nist-sp-800-61r3-response|nist-sp-800-61r3-containment,0,0,0,0.0,0,2,0.0,0.0
15720,DNS_SPOOFING,BENIGN,0.6767857142857143,LOW_CONFIDENCE,nist-sp-800-61r3-response|nist-sp-800-61r3-containment|mitre-t1046-overview|mitre-t1498-detection,0,0,0,0.0,0,4,0.0,0.0
15722,VULNERABILITYSCAN,BENIGN,0.5821917808219178,LOW_CONFIDENCE,nist-sp-800-61r3-response|nist-sp-800-61r3-containment,0,0,0,0.0,0,2,0.0,0.0
15724,VULNERABILITYSCAN,BENIGN,0.6548672566371682,LOW_CONFIDENCE,nist-sp-800-61r3-response|nist-sp-800-61r3-containment,0,0,0,0.0,0,2,0.0,0.0
15726,VULNERABILITYSCAN,BENIGN,0.6282051282051282,LOW_CONFIDENCE,nist-sp-800-61r3-response|nist-sp-800-61r3-containment|mitre-t1046-overview|mitre-t1498-detection,0,1,3,0.3333333333333333,1,4,0.25,0.25
15732,VULNERABILITYSCAN,BENIGN,0.6881188118811881,LOW_CONFIDENCE,nist-sp-800-61r3-response|nist-sp-800-61r3-containment,0,0,0,0.0,0,2,0.0,0.0
15734,VULNERABILITYSCAN,BENIGN,0.5260663507109006,LOW_CONFIDENCE,nist-sp-800-61r3-response|nist-sp-800-61r3-containment|mitre-t1046-overview|mitre-t1498-detection,0,1,3,0.3333333333333333,1,4,0.25,0.25
15737,VULNERABILITYSCAN,BENIGN,0.5260663507109006,LOW_CONFIDENCE,nist-sp-800-61r3-response|nist-sp-800-61r3-containment|mitre-t1046-overview|mitre-t1498-detection,0,1,3,0.3333333333333333,1,4,0.25,0.25
15738,VULNERABILITYSCAN,BENIGN,0.6548672566371682,LOW_CONFIDENCE,nist-sp-800-61r3-response|nist-sp-800-61r3-containment,0,0,0,0.0,0,2,0.0,0.0
15739,VULNERABILITYSCAN,BENIGN,0.6881188118811881,LOW_CONFIDENCE,nist-sp-800-61r3-response|nist-sp-800-61r3-containment|mitre-t1046-overview|mitre-t1498-detection,0,1,3,0.3333333333333333,1,4,0.25,0.25
15743,VULNERABILITYSCAN,BENIGN,0.5433962264150943,LOW_CONFIDENCE,nist-sp-800-61r3-response|nist-sp-800-61r3-containment|mitre-t1046-overview|mitre-t1498-detection,0,1,3,0.3333333333333333,1,4,0.25,0.25
15745,VULNERABILITYSCAN,BENIGN,0.6881188118811881,LOW_CONFIDENCE,nist-sp-800-61r3-response|nist-sp-800-61r3-containment|mitre-t1046-overview|mitre-t1498-detection,0,1,3,0.3333333333333333,1,4,0.25,0.25
15746,DNS_SPOOFING,BENIGN,0.5865921787709497,LOW_CONFIDENCE,nist-sp-800-61r3-response|nist-sp-800-61r3-containment|mitre-t1046-overview|mitre-t1498-detection,0,0,0,0.0,0,4,0.0,0.0
15751,VULNERABILITYSCAN,BENIGN,0.5865921787709497,LOW_CONFIDENCE,nist-sp-800-61r3-response|nist-sp-800-61r3-containment,0,0,0,0.0,0,2,0.0,0.0
15752,DNS_SPOOFING,BENIGN,0.5433962264150943,LOW_CONFIDENCE,nist-sp-800-61r3-response|nist-sp-800-61r3-containment|mitre-t1046-overview|mitre-t1498-detection,0,0,0,0.0,0,4,0.0,0.0
15754,VULNERABILITYSCAN,BENIGN,0.6767857142857143,LOW_CONFIDENCE,nist-sp-800-61r3-response|nist-sp-800-61r3-containment,0,0,0,0.0,0,2,0.0,0.0
15755,VULNERABILITYSCAN,BENIGN,0.6548672566371682,LOW_CONFIDENCE,nist-sp-800-61r3-response|nist-sp-800-61r3-containment,0,0,0,0.0,0,2,0.0,0.0
15756,VULNERABILITYSCAN,BENIGN,0.6111111111111112,LOW_CONFIDENCE,nist-sp-800-61r3-response|nist-sp-800-61r3-containment,0,0,0,0.0,0,2,0.0,0.0
15764,DNS_SPOOFING,BENIGN,0.6111111111111112,LOW_CONFIDENCE,nist-sp-800-61r3-response|nist-sp-800-61r3-containment|mitre-t1046-overview|mitre-t1498-detection,0,0,0,0.0,0,4,0.0,0.0
15767,VULNERABILITYSCAN,BENIGN,0.5865921787709497,LOW_CONFIDENCE,nist-sp-800-61r3-response|nist-sp-800-61r3-containment,0,0,0,0.0,0,2,0.0,0.0
15769,VULNERABILITYSCAN,BENIGN,0.5433962264150943,LOW_CONFIDENCE,nist-sp-800-61r3-response|nist-sp-800-61r3-containment|mitre-t1046-overview|mitre-t1498-detection,0,1,3,0.3333333333333333,1,4,0.25,0.25
15770,VULNERABILITYSCAN,BENIGN,0.5433962264150943,LOW_CONFIDENCE,nist-sp-800-61r3-response|nist-sp-800-61r3-containment,0,0,0,0.0,0,2,0.0,0.0
15772,VULNERABILITYSCAN,BENIGN,0.6881188118811881,LOW_CONFIDENCE,nist-sp-800-61r3-response|nist-sp-800-61r3-containment|mitre-t1046-overview|mitre-t1498-detection,0,1,3,0.3333333333333333,1,4,0.25,0.25
15774,VULNERABILITYSCAN,BENIGN,0.5433962264150943,LOW_CONFIDENCE,nist-sp-800-61r3-response|nist-sp-800-61r3-containment,0,0,0,0.0,0,2,0.0,0.0
15775,VULNERABILITYSCAN,BENIGN,0.6111111111111112,LOW_CONFIDENCE,nist-sp-800-61r3-response|nist-sp-800-61r3-containment,0,0,0,0.0,0,2,0.0,0.0
15777,VULNERABILITYSCAN,BENIGN,0.625,LOW_CONFIDENCE,nist-sp-800-61r3-response|nist-sp-800-61r3-containment,0,0,0,0.0,0,2,0.0,0.0
15780,VULNERABILITYSCAN,BENIGN,0.5865921787709497,LOW_CONFIDENCE,nist-sp-800-61r3-response|mitre-t1557-001-indicators|nist-sp-800-61r3-containment,0,0,0,0.0,0,3,0.0,0.0
15781,DNS_SPOOFING,BENIGN,0.6754966887417219,LOW_CONFIDENCE,nist-sp-800-61r3-response|nist-sp-800-61r3-containment|mitre-t1046-overview|mitre-t1498-detection,0,0,0,0.0,0,4,0.0,0.0
15796,VULNERABILITYSCAN,BENIGN,0.6548672566371682,LOW_CONFIDENCE,nist-sp-800-61r3-response|nist-sp-800-61r3-containment,0,0,0,0.0,0,2,0.0,0.0
15802,VULNERABILITYSCAN,BENIGN,0.5260663507109006,LOW_CONFIDENCE,nist-sp-800-61r3-response|nist-sp-800-61r3-containment,0,0,0,0.0,0,2,0.0,0.0
15803,VULNERABILITYSCAN,BENIGN,0.5821917808219178,LOW_CONFIDENCE,nist-sp-800-61r3-response|nist-sp-800-61r3-containment|mitre-t1046-overview|mitre-t1498-detection,0,1,3,0.3333333333333333,1,4,0.25,0.25
15806,VULNERABILITYSCAN,BENIGN,0.5865921787709497,LOW_CONFIDENCE,nist-sp-800-61r3-response|nist-sp-800-61r3-containment,0,0,0,0.0,0,2,0.0,0.0
15809,VULNERABILITYSCAN,BENIGN,0.6767857142857143,LOW_CONFIDENCE,nist-sp-800-61r3-response|nist-sp-800-61r3-containment,0,0,0,0.0,0,2,0.0,0.0
15810,VULNERABILITYSCAN,BENIGN,0.6767857142857143,LOW_CONFIDENCE,nist-sp-800-61r3-response|nist-sp-800-61r3-containment,0,0,0,0.0,0,2,0.0,0.0
15813,VULNERABILITYSCAN,BENIGN,0.5865921787709497,LOW_CONFIDENCE,nist-sp-800-61r3-response|nist-sp-800-61r3-containment|mitre-t1046-overview|mitre-t1498-detection,0,1,3,0.3333333333333333,1,4,0.25,0.25
15817,DNS_SPOOFING,BENIGN,0.5433962264150943,LOW_CONFIDENCE,nist-sp-800-61r3-response|nist-sp-800-61r3-containment,0,0,0,0.0,0,2,0.0,0.0
15825,VULNERABILITYSCAN,BENIGN,0.5821917808219178,LOW_CONFIDENCE,nist-sp-800-61r3-response|nist-sp-800-61r3-containment,0,0,0,0.0,0,2,0.0,0.0
15830,VULNERABILITYSCAN,BENIGN,0.6767857142857143,LOW_CONFIDENCE,nist-sp-800-61r3-response|nist-sp-800-61r3-containment,0,0,0,0.0,0,2,0.0,0.0
15831,VULNERABILITYSCAN,BENIGN,0.5260663507109006,LOW_CONFIDENCE,nist-sp-800-61r3-response|nist-sp-800-61r3-containment|mitre-t1046-overview|mitre-t1498-detection,0,1,3,0.3333333333333333,1,4,0.25,0.25
15832,VULNERABILITYSCAN,BENIGN,0.6767857142857143,LOW_CONFIDENCE,nist-sp-800-61r3-response|nist-sp-800-61r3-containment,0,0,0,0.0,0,2,0.0,0.0
15833,VULNERABILITYSCAN,BENIGN,0.5865921787709497,LOW_CONFIDENCE,nist-sp-800-61r3-response|nist-sp-800-61r3-containment,0,0,0,0.0,0,2,0.0,0.0
15835,VULNERABILITYSCAN,BENIGN,0.6767857142857143,LOW_CONFIDENCE,nist-sp-800-61r3-response|nist-sp-800-61r3-containment,0,0,0,0.0,0,2,0.0,0.0
15836,VULNERABILITYSCAN,BENIGN,0.5433962264150943,LOW_CONFIDENCE,nist-sp-800-61r3-response|nist-sp-800-61r3-containment,0,0,0,0.0,0,2,0.0,0.0
15840,VULNERABILITYSCAN,BENIGN,0.6767857142857143,LOW_CONFIDENCE,nist-sp-800-61r3-response|nist-sp-800-61r3-containment,0,0,0,0.0,0,2,0.0,0.0
15842,VULNERABILITYSCAN,BENIGN,0.5433962264150943,LOW_CONFIDENCE,nist-sp-800-61r3-response|nist-sp-800-61r3-containment,0,0,0,0.0,0,2,0.0,0.0
15845,VULNERABILITYSCAN,BENIGN,0.6754966887417219,LOW_CONFIDENCE,nist-sp-800-61r3-response|nist-sp-800-61r3-containment|mitre-t1046-overview|mitre-t1498-detection,0,1,3,0.3333333333333333,1,4,0.25,0.25
15849,VULNERABILITYSCAN,BENIGN,0.6548672566371682,LOW_CONFIDENCE,nist-sp-800-61r3-response|nist-sp-800-61r3-containment,0,0,0,0.0,0,2,0.0,0.0
15851,VULNERABILITYSCAN,BENIGN,0.6767857142857143,LOW_CONFIDENCE,nist-sp-800-61r3-response|nist-sp-800-61r3-containment,0,0,0,0.0,0,2,0.0,0.0
15853,VULNERABILITYSCAN,BENIGN,0.5260663507109006,LOW_CONFIDENCE,nist-sp-800-61r3-response|nist-sp-800-61r3-containment,0,0,0,0.0,0,2,0.0,0.0
15858,VULNERABILITYSCAN,BENIGN,0.6767857142857143,LOW_CONFIDENCE,nist-sp-800-61r3-response|nist-sp-800-61r3-containment,0,0,0,0.0,0,2,0.0,0.0
15859,VULNERABILITYSCAN,BENIGN,0.6754966887417219,LOW_CONFIDENCE,nist-sp-800-61r3-response|nist-sp-800-61r3-containment,0,0,0,0.0,0,2,0.0,0.0
15860,VULNERABILITYSCAN,BENIGN,0.6881188118811881,LOW_CONFIDENCE,nist-sp-800-61r3-response|nist-sp-800-61r3-containment|mitre-t1046-overview|mitre-t1498-detection,0,1,3,0.3333333333333333,1,4,0.25,0.25
15862,VULNERABILITYSCAN,BENIGN,0.6767857142857143,LOW_CONFIDENCE,nist-sp-800-61r3-response|nist-sp-800-61r3-containment,0,0,0,0.0,0,2,0.0,0.0
15863,VULNERABILITYSCAN,BENIGN,0.6111111111111112,LOW_CONFIDENCE,nist-sp-800-61r3-response|nist-sp-800-61r3-containment,0,0,0,0.0,0,2,0.0,0.0
15865,VULNERABILITYSCAN,BENIGN,0.6881188118811881,LOW_CONFIDENCE,nist-sp-800-61r3-response|nist-sp-800-61r3-containment,0,0,0,0.0,0,2,0.0,0.0
15869,VULNERABILITYSCAN,BENIGN,0.6111111111111112,LOW_CONFIDENCE,nist-sp-800-61r3-response|nist-sp-800-61r3-containment,0,0,0,0.0,0,2,0.0,0.0
15870,VULNERABILITYSCAN,BENIGN,0.5433962264150943,LOW_CONFIDENCE,nist-sp-800-61r3-response|nist-sp-800-61r3-containment|mitre-t1046-overview|mitre-t1498-detection,0,1,3,0.3333333333333333,1,4,0.25,0.25
15875,VULNERABILITYSCAN,BENIGN,0.6881188118811881,LOW_CONFIDENCE,nist-sp-800-61r3-response|nist-sp-800-61r3-containment|mitre-t1046-overview|mitre-t1498-detection,0,1,3,0.3333333333333333,1,4,0.25,0.25
15876,VULNERABILITYSCAN,BENIGN,0.5821917808219178,LOW_CONFIDENCE,nist-sp-800-61r3-response|nist-sp-800-61r3-containment,0,0,0,0.0,0,2,0.0,0.0
15878,VULNERABILITYSCAN,BENIGN,0.5865921787709497,LOW_CONFIDENCE,nist-sp-800-61r3-response|nist-sp-800-61r3-containment,0,0,0,0.0,0,2,0.0,0.0
15881,VULNERABILITYSCAN,BENIGN,0.6881188118811881,LOW_CONFIDENCE,nist-sp-800-61r3-response|nist-sp-800-61r3-containment,0,0,0,0.0,0,2,0.0,0.0
15882,VULNERABILITYSCAN,BENIGN,0.6548672566371682,LOW_CONFIDENCE,nist-sp-800-61r3-response|nist-sp-800-61r3-containment,0,0,0,0.0,0,2,0.0,0.0
15883,VULNERABILITYSCAN,BENIGN,0.6881188118811881,LOW_CONFIDENCE,nist-sp-800-61r3-response|nist-sp-800-61r3-containment,0,0,0,0.0,0,2,0.0,0.0
15887,VULNERABILITYSCAN,BENIGN,0.6666666666666666,LOW_CONFIDENCE,nist-sp-800-61r3-response|nist-sp-800-61r3-containment|mitre-t1046-overview|mitre-t1498-detection,0,1,3,0.3333333333333333,1,4,0.25,0.25
15890,VULNERABILITYSCAN,BENIGN,0.5260663507109006,LOW_CONFIDENCE,nist-sp-800-61r3-response|nist-sp-800-61r3-containment,0,0,0,0.0,0,2,0.0,0.0
15892,VULNERABILITYSCAN,BENIGN,0.5260663507109006,LOW_CONFIDENCE,nist-sp-800-61r3-response|nist-sp-800-61r3-containment,0,0,0,0.0,0,2,0.0,0.0
15893,VULNERABILITYSCAN,BENIGN,0.6767857142857143,LOW_CONFIDENCE,nist-sp-800-61r3-response|nist-sp-800-61r3-containment,0,0,0,0.0,0,2,0.0,0.0
15900,VULNERABILITYSCAN,BENIGN,0.6548672566371682,LOW_CONFIDENCE,nist-sp-800-61r3-response|nist-sp-800-61r3-containment,0,0,0,0.0,0,2,0.0,0.0
15902,VULNERABILITYSCAN,BENIGN,0.5433962264150943,LOW_CONFIDENCE,nist-sp-800-61r3-response|nist-sp-800-61r3-containment|mitre-t1046-overview|mitre-t1498-detection,0,1,3,0.3333333333333333,1,4,0.25,0.25
15903,VULNERABILITYSCAN,BENIGN,0.6767857142857143,LOW_CONFIDENCE,nist-sp-800-61r3-response|nist-sp-800-61r3-containment,0,0,0,0.0,0,2,0.0,0.0
15904,VULNERABILITYSCAN,BENIGN,0.6881188118811881,LOW_CONFIDENCE,nist-sp-800-61r3-response|nist-sp-800-61r3-containment,0,0,0,0.0,0,2,0.0,0.0
15908,VULNERABILITYSCAN,BENIGN,0.6767857142857143,LOW_CONFIDENCE,nist-sp-800-61r3-response|nist-sp-800-61r3-containment,0,0,0,0.0,0,2,0.0,0.0
15911,VULNERABILITYSCAN,BENIGN,0.6282051282051282,LOW_CONFIDENCE,nist-sp-800-61r3-response|nist-sp-800-61r3-containment,0,0,0,0.0,0,2,0.0,0.0
15912,DNS_SPOOFING,BENIGN,0.5875811737389118,LOW_CONFIDENCE,nist-sp-800-61r3-response|nist-sp-800-61r3-containment|mitre-t1046-overview|mitre-t1498-detection,0,0,0,0.0,0,4,0.0,0.0
15913,VULNERABILITYSCAN,BENIGN,0.5865921787709497,LOW_CONFIDENCE,nist-sp-800-61r3-response|nist-sp-800-61r3-containment|mitre-t1046-overview|mitre-t1498-detection,0,1,3,0.3333333333333333,1,4,0.25,0.25
15914,VULNERABILITYSCAN,BENIGN,0.6767857142857143,LOW_CONFIDENCE,nist-sp-800-61r3-response|nist-sp-800-61r3-containment,0,0,0,0.0,0,2,0.0,0.0
15915,DNS_SPOOFING,BENIGN,0.5821917808219178,LOW_CONFIDENCE,nist-sp-800-61r3-response|mitre-t1557-001-indicators|nist-sp-800-61r3-containment,0,1,2,0.5,1,3,0.3333333333333333,0.25
15916,VULNERABILITYSCAN,BENIGN,0.6548672566371682,LOW_CONFIDENCE,nist-sp-800-61r3-response|nist-sp-800-61r3-containment,0,0,0,0.0,0,2,0.0,0.0
15917,VULNERABILITYSCAN,BENIGN,0.5821917808219178,LOW_CONFIDENCE,nist-sp-800-61r3-response|nist-sp-800-61r3-containment,0,0,0,0.0,0,2,0.0,0.0
15918,DNS_SPOOFING,BENIGN,0.6548672566371682,LOW_CONFIDENCE,nist-sp-800-61r3-response|nist-sp-800-61r3-containment,0,0,0,0.0,0,2,0.0,0.0
15920,VULNERABILITYSCAN,BENIGN,0.6111111111111112,LOW_CONFIDENCE,nist-sp-800-61r3-response|nist-sp-800-61r3-containment,0,0,0,0.0,0,2,0.0,0.0
15926,VULNERABILITYSCAN,BENIGN,0.6282051282051282,LOW_CONFIDENCE,nist-sp-800-61r3-response|nist-sp-800-61r3-containment,0,0,0,0.0,0,2,0.0,0.0
15927,VULNERABILITYSCAN,BENIGN,0.5433962264150943,LOW_CONFIDENCE,nist-sp-800-61r3-response|nist-sp-800-61r3-containment|mitre-t1046-overview|mitre-t1498-detection,0,1,3,0.3333333333333333,1,4,0.25,0.25
15933,VULNERABILITYSCAN,BENIGN,0.6111111111111112,LOW_CONFIDENCE,nist-sp-800-61r3-response|nist-sp-800-61r3-containment,0,0,0,0.0,0,2,0.0,0.0
15939,VULNERABILITYSCAN,BENIGN,0.5260663507109006,LOW_CONFIDENCE,nist-sp-800-61r3-response|nist-sp-800-61r3-containment|mitre-t1046-overview|mitre-t1498-detection,0,1,3,0.3333333333333333,1,4,0.25,0.25
15940,VULNERABILITYSCAN,BENIGN,0.6767857142857143,LOW_CONFIDENCE,nist-sp-800-61r3-response|nist-sp-800-61r3-containment,0,0,0,0.0,0,2,0.0,0.0
15943,VULNERABILITYSCAN,BENIGN,0.5433962264150943,LOW_CONFIDENCE,nist-sp-800-61r3-response|nist-sp-800-61r3-containment,0,0,0,0.0,0,2,0.0,0.0
15951,VULNERABILITYSCAN,BENIGN,0.6767857142857143,LOW_CONFIDENCE,nist-sp-800-61r3-response|nist-sp-800-61r3-containment,0,0,0,0.0,0,2,0.0,0.0
15953,DNS_SPOOFING,BENIGN,0.6754966887417219,LOW_CONFIDENCE,nist-sp-800-61r3-response|nist-sp-800-61r3-containment|mitre-t1046-overview|mitre-t1498-detection,0,0,0,0.0,0,4,0.0,0.0
15954,VULNERABILITYSCAN,BENIGN,0.5865921787709497,LOW_CONFIDENCE,nist-sp-800-61r3-response|nist-sp-800-61r3-containment,0,0,0,0.0,0,2,0.0,0.0
15956,VULNERABILITYSCAN,BENIGN,0.5433962264150943,LOW_CONFIDENCE,nist-sp-800-61r3-response|nist-sp-800-61r3-containment|mitre-t1046-overview|mitre-t1498-detection,0,1,3,0.3333333333333333,1,4,0.25,0.25
15957,VULNERABILITYSCAN,BENIGN,0.6767857142857143,LOW_CONFIDENCE,nist-sp-800-61r3-response|nist-sp-800-61r3-containment,0,0,0,0.0,0,2,0.0,0.0
15958,VULNERABILITYSCAN,BENIGN,0.5433962264150943,LOW_CONFIDENCE,nist-sp-800-61r3-response|nist-sp-800-61r3-containment|mitre-t1046-overview|mitre-t1498-detection,0,1,3,0.3333333333333333,1,4,0.25,0.25
15960,VULNERABILITYSCAN,BENIGN,0.5260663507109006,LOW_CONFIDENCE,nist-sp-800-61r3-response|nist-sp-800-61r3-containment|mitre-t1046-overview|mitre-t1498-detection,0,1,3,0.3333333333333333,1,4,0.25,0.25
15961,VULNERABILITYSCAN,BENIGN,0.5821917808219178,LOW_CONFIDENCE,nist-sp-800-61r3-response|nist-sp-800-61r3-containment|mitre-t1046-overview|mitre-t1498-detection,0,1,3,0.3333333333333333,1,4,0.25,0.25
15966,VULNERABILITYSCAN,BENIGN,0.5433962264150943,LOW_CONFIDENCE,nist-sp-800-61r3-response|nist-sp-800-61r3-containment,0,0,0,0.0,0,2,0.0,0.0
15972,VULNERABILITYSCAN,BENIGN,0.6767857142857143,LOW_CONFIDENCE,nist-sp-800-61r3-response|nist-sp-800-61r3-containment,0,0,0,0.0,0,2,0.0,0.0
15973,VULNERABILITYSCAN,BENIGN,0.5433962264150943,LOW_CONFIDENCE,nist-sp-800-61r3-response|nist-sp-800-61r3-containment,0,0,0,0.0,0,2,0.0,0.0
15979,VULNERABILITYSCAN,BENIGN,0.6767857142857143,LOW_CONFIDENCE,nist-sp-800-61r3-response|nist-sp-800-61r3-containment,0,0,0,0.0,0,2,0.0,0.0
15981,VULNERABILITYSCAN,BENIGN,0.5260663507109006,LOW_CONFIDENCE,nist-sp-800-61r3-response|nist-sp-800-61r3-containment,0,0,0,0.0,0,2,0.0,0.0
15982,VULNERABILITYSCAN,BENIGN,0.5433962264150943,LOW_CONFIDENCE,nist-sp-800-61r3-response|nist-sp-800-61r3-containment,0,0,0,0.0,0,2,0.0,0.0
15983,VULNERABILITYSCAN,BENIGN,0.5433962264150943,LOW_CONFIDENCE,nist-sp-800-61r3-response|nist-sp-800-61r3-containment|mitre-t1046-overview|mitre-t1498-detection,0,1,3,0.3333333333333333,1,4,0.25,0.25
15984,VULNERABILITYSCAN,BENIGN,0.5433962264150943,LOW_CONFIDENCE,nist-sp-800-61r3-response|nist-sp-800-61r3-containment,0,0,0,0.0,0,2,0.0,0.0
15986,VULNERABILITYSCAN,BENIGN,0.5433962264150943,LOW_CONFIDENCE,nist-sp-800-61r3-response|nist-sp-800-61r3-containment|mitre-t1046-overview|mitre-t1498-detection,0,1,3,0.3333333333333333,1,4,0.25,0.25
15987,VULNERABILITYSCAN,BENIGN,0.6754966887417219,LOW_CONFIDENCE,nist-sp-800-61r3-response|nist-sp-800-61r3-containment,0,0,0,0.0,0,2,0.0,0.0
15988,VULNERABILITYSCAN,BENIGN,0.6767857142857143,LOW_CONFIDENCE,nist-sp-800-61r3-response|nist-sp-800-61r3-containment,0,0,0,0.0,0,2,0.0,0.0
15991,VULNERABILITYSCAN,BENIGN,0.625,LOW_CONFIDENCE,nist-sp-800-61r3-response|nist-sp-800-61r3-containment,0,0,0,0.0,0,2,0.0,0.0
15996,VULNERABILITYSCAN,BENIGN,0.6881188118811881,LOW_CONFIDENCE,nist-sp-800-61r3-response|nist-sp-800-61r3-containment|mitre-t1046-overview|mitre-t1498-detection,0,1,3,0.3333333333333333,1,4,0.25,0.25
15997,VULNERABILITYSCAN,BENIGN,0.5260663507109006,LOW_CONFIDENCE,nist-sp-800-61r3-response|nist-sp-800-61r3-containment,0,0,0,0.0,0,2,0.0,0.0
15999,VULNERABILITYSCAN,BENIGN,0.6111111111111112,LOW_CONFIDENCE,nist-sp-800-61r3-response|nist-sp-800-61r3-containment,0,0,0,0.0,0,2,0.0,0.0
16004,VULNERABILITYSCAN,BENIGN,0.5865921787709497,LOW_CONFIDENCE,nist-sp-800-61r3-response|nist-sp-800-61r3-containment,0,0,0,0.0,0,2,0.0,0.0
16011,VULNERABILITYSCAN,BENIGN,0.6754966887417219,LOW_CONFIDENCE,nist-sp-800-61r3-response|nist-sp-800-61r3-containment,0,0,0,0.0,0,2,0.0,0.0
16012,VULNERABILITYSCAN,BENIGN,0.6767857142857143,LOW_CONFIDENCE,nist-sp-800-61r3-response|nist-sp-800-61r3-containment,0,0,0,0.0,0,2,0.0,0.0
16014,VULNERABILITYSCAN,BENIGN,0.5433962264150943,LOW_CONFIDENCE,nist-sp-800-61r3-response|nist-sp-800-61r3-containment|mitre-t1046-overview|mitre-t1498-detection,0,1,3,0.3333333333333333,1,4,0.25,0.25
16017,VULNERABILITYSCAN,BENIGN,0.5433962264150943,LOW_CONFIDENCE,nist-sp-800-61r3-response|nist-sp-800-61r3-containment|mitre-t1046-overview|mitre-t1498-detection,0,1,3,0.3333333333333333,1,4,0.25,0.25
16021,VULNERABILITYSCAN,BENIGN,0.6767857142857143,LOW_CONFIDENCE,nist-sp-800-61r3-response|nist-sp-800-61r3-containment,0,0,0,0.0,0,2,0.0,0.0
16024,VULNERABILITYSCAN,BENIGN,0.5865921787709497,LOW_CONFIDENCE,nist-sp-800-61r3-response|nist-sp-800-61r3-containment,0,0,0,0.0,0,2,0.0,0.0
16025,VULNERABILITYSCAN,BENIGN,0.6767857142857143,LOW_CONFIDENCE,nist-sp-800-61r3-response|nist-sp-800-61r3-containment,0,0,0,0.0,0,2,0.0,0.0
16027,VULNERABILITYSCAN,BENIGN,0.6282051282051282,LOW_CONFIDENCE,nist-sp-800-61r3-response|nist-sp-800-61r3-containment,0,0,0,0.0,0,2,0.0,0.0
16028,VULNERABILITYSCAN,BENIGN,0.5260663507109006,LOW_CONFIDENCE,nist-sp-800-61r3-response|nist-sp-800-61r3-containment,0,0,0,0.0,0,2,0.0,0.0
16038,VULNERABILITYSCAN,BENIGN,0.6111111111111112,LOW_CONFIDENCE,nist-sp-800-61r3-response|nist-sp-800-61r3-containment,0,0,0,0.0,0,2,0.0,0.0
16042,VULNERABILITYSCAN,BENIGN,0.6111111111111112,LOW_CONFIDENCE,nist-sp-800-61r3-response|nist-sp-800-61r3-containment,0,0,0,0.0,0,2,0.0,0.0
16044,VULNERABILITYSCAN,BENIGN,0.6881188118811881,LOW_CONFIDENCE,nist-sp-800-61r3-response|nist-sp-800-61r3-containment,0,0,0,0.0,0,2,0.0,0.0
16045,VULNERABILITYSCAN,BENIGN,0.5260663507109006,LOW_CONFIDENCE,nist-sp-800-61r3-response|nist-sp-800-61r3-containment,0,0,0,0.0,0,2,0.0,0.0
16046,VULNERABILITYSCAN,BENIGN,0.6548672566371682,LOW_CONFIDENCE,nist-sp-800-61r3-response|nist-sp-800-61r3-containment,0,0,0,0.0,0,2,0.0,0.0
16050,VULNERABILITYSCAN,BENIGN,0.6881188118811881,LOW_CONFIDENCE,nist-sp-800-61r3-response|nist-sp-800-61r3-containment,0,0,0,0.0,0,2,0.0,0.0
16054,VULNERABILITYSCAN,BENIGN,0.6881188118811881,LOW_CONFIDENCE,nist-sp-800-61r3-response|nist-sp-800-61r3-containment,0,0,0,0.0,0,2,0.0,0.0
16061,VULNERABILITYSCAN,BENIGN,0.6767857142857143,LOW_CONFIDENCE,nist-sp-800-61r3-response|nist-sp-800-61r3-containment,0,0,0,0.0,0,2,0.0,0.0
16062,VULNERABILITYSCAN,BENIGN,0.5433962264150943,LOW_CONFIDENCE,nist-sp-800-61r3-response|nist-sp-800-61r3-containment,0,0,0,0.0,0,2,0.0,0.0
16063,VULNERABILITYSCAN,BENIGN,0.6111111111111112,LOW_CONFIDENCE,nist-sp-800-61r3-response|nist-sp-800-61r3-containment,0,0,0,0.0,0,2,0.0,0.0
16070,VULNERABILITYSCAN,BENIGN,0.5433962264150943,LOW_CONFIDENCE,nist-sp-800-61r3-response|nist-sp-800-61r3-containment,0,0,0,0.0,0,2,0.0,0.0
16072,VULNERABILITYSCAN,BENIGN,0.6767857142857143,LOW_CONFIDENCE,nist-sp-800-61r3-response|nist-sp-800-61r3-containment,0,0,0,0.0,0,2,0.0,0.0
16073,VULNERABILITYSCAN,BENIGN,0.6767857142857143,LOW_CONFIDENCE,nist-sp-800-61r3-response|nist-sp-800-61r3-containment,0,0,0,0.0,0,2,0.0,0.0
16074,VULNERABILITYSCAN,BENIGN,0.625,LOW_CONFIDENCE,nist-sp-800-61r3-response|nist-sp-800-61r3-containment,0,0,0,0.0,0,2,0.0,0.0
16076,VULNERABILITYSCAN,BENIGN,0.6282051282051282,LOW_CONFIDENCE,nist-sp-800-61r3-response|nist-sp-800-61r3-containment,0,0,0,0.0,0,2,0.0,0.0
16078,VULNERABILITYSCAN,BENIGN,0.5260663507109006,LOW_CONFIDENCE,nist-sp-800-61r3-response|nist-sp-800-61r3-containment,0,0,0,0.0,0,2,0.0,0.0
16081,DNS_SPOOFING,BENIGN,0.5865921787709497,LOW_CONFIDENCE,nist-sp-800-61r3-response|nist-sp-800-61r3-containment|mitre-t1046-overview|mitre-t1498-detection,0,0,0,0.0,0,4,0.0,0.0
16084,VULNERABILITYSCAN,BENIGN,0.6767857142857143,LOW_CONFIDENCE,nist-sp-800-61r3-response|nist-sp-800-61r3-containment,0,0,0,0.0,0,2,0.0,0.0
16085,VULNERABILITYSCAN,BENIGN,0.6548672566371682,LOW_CONFIDENCE,nist-sp-800-61r3-response|nist-sp-800-61r3-containment,0,0,0,0.0,0,2,0.0,0.0
16089,VULNERABILITYSCAN,BENIGN,0.6767857142857143,LOW_CONFIDENCE,nist-sp-800-61r3-response|nist-sp-800-61r3-containment,0,0,0,0.0,0,2,0.0,0.0
16090,VULNERABILITYSCAN,BENIGN,0.625,LOW_CONFIDENCE,nist-sp-800-61r3-response|nist-sp-800-61r3-containment,0,0,0,0.0,0,2,0.0,0.0
16094,VULNERABILITYSCAN,BENIGN,0.6282051282051282,LOW_CONFIDENCE,nist-sp-800-61r3-response|nist-sp-800-61r3-containment,0,0,0,0.0,0,2,0.0,0.0
16097,VULNERABILITYSCAN,BENIGN,0.5987604812417849,LOW_CONFIDENCE,nist-sp-800-61r3-response|nist-sp-800-61r3-containment,0,0,0,0.0,0,2,0.0,0.0
16098,VULNERABILITYSCAN,BENIGN,0.5865921787709497,LOW_CONFIDENCE,nist-sp-800-61r3-response|nist-sp-800-61r3-containment,0,0,0,0.0,0,2,0.0,0.0
16099,VULNERABILITYSCAN,BENIGN,0.6767857142857143,LOW_CONFIDENCE,nist-sp-800-61r3-response|nist-sp-800-61r3-containment,0,0,0,0.0,0,2,0.0,0.0
16100,VULNERABILITYSCAN,BENIGN,0.6111111111111112,LOW_CONFIDENCE,nist-sp-800-61r3-response|nist-sp-800-61r3-containment|mitre-t1046-overview|mitre-t1498-detection,0,1,3,0.3333333333333333,1,4,0.25,0.25
16101,VULNERABILITYSCAN,BENIGN,0.5260663507109006,LOW_CONFIDENCE,nist-sp-800-61r3-response|nist-sp-800-61r3-containment,0,0,0,0.0,0,2,0.0,0.0
16103,VULNERABILITYSCAN,BENIGN,0.5821917808219178,LOW_CONFIDENCE,nist-sp-800-61r3-response|nist-sp-800-61r3-containment|mitre-t1046-overview|mitre-t1498-detection,0,1,3,0.3333333333333333,1,4,0.25,0.25
16106,VULNERABILITYSCAN,BENIGN,0.625,LOW_CONFIDENCE,nist-sp-800-61r3-response|nist-sp-800-61r3-containment,0,0,0,0.0,0,2,0.0,0.0
16107,VULNERABILITYSCAN,BENIGN,0.5433962264150943,LOW_CONFIDENCE,nist-sp-800-61r3-response|nist-sp-800-61r3-containment|mitre-t1046-overview|mitre-t1498-detection,0,1,3,0.3333333333333333,1,4,0.25,0.25
16109,VULNERABILITYSCAN,BENIGN,0.6666666666666666,LOW_CONFIDENCE,nist-sp-800-61r3-response|nist-sp-800-61r3-containment,0,0,0,0.0,0,2,0.0,0.0
16111,VULNERABILITYSCAN,BENIGN,0.6754966887417219,LOW_CONFIDENCE,nist-sp-800-61r3-response|nist-sp-800-61r3-containment,0,0,0,0.0,0,2,0.0,0.0
16113,VULNERABILITYSCAN,BENIGN,0.6111111111111112,LOW_CONFIDENCE,nist-sp-800-61r3-response|nist-sp-800-61r3-containment,0,0,0,0.0,0,2,0.0,0.0
16115,VULNERABILITYSCAN,BENIGN,0.6767857142857143,LOW_CONFIDENCE,nist-sp-800-61r3-response|nist-sp-800-61r3-containment,0,0,0,0.0,0,2,0.0,0.0
16118,VULNERABILITYSCAN,BENIGN,0.6111111111111112,LOW_CONFIDENCE,nist-sp-800-61r3-response|nist-sp-800-61r3-containment,0,0,0,0.0,0,2,0.0,0.0
16120,VULNERABILITYSCAN,BENIGN,0.5260663507109006,LOW_CONFIDENCE,nist-sp-800-61r3-response|nist-sp-800-61r3-containment,0,0,0,0.0,0,2,0.0,0.0
16122,VULNERABILITYSCAN,BENIGN,0.625,LOW_CONFIDENCE,nist-sp-800-61r3-response|nist-sp-800-61r3-containment,0,0,0,0.0,0,2,0.0,0.0
16125,VULNERABILITYSCAN,BENIGN,0.5260663507109006,LOW_CONFIDENCE,nist-sp-800-61r3-response|nist-sp-800-61r3-containment,0,0,0,0.0,0,2,0.0,0.0
16127,VULNERABILITYSCAN,BENIGN,0.5865921787709497,LOW_CONFIDENCE,nist-sp-800-61r3-response|nist-sp-800-61r3-containment|mitre-t1046-overview|mitre-t1498-detection,0,1,3,0.3333333333333333,1,4,0.25,0.25
16138,VULNERABILITYSCAN,BENIGN,0.6767857142857143,LOW_CONFIDENCE,nist-sp-800-61r3-response|nist-sp-800-61r3-containment,0,0,0,0.0,0,2,0.0,0.0
16139,VULNERABILITYSCAN,BENIGN,0.6282051282051282,LOW_CONFIDENCE,nist-sp-800-61r3-response|nist-sp-800-61r3-containment|mitre-t1046-overview|mitre-t1498-detection,0,1,3,0.3333333333333333,1,4,0.25,0.25
16140,VULNERABILITYSCAN,BENIGN,0.6282051282051282,LOW_CONFIDENCE,nist-sp-800-61r3-response|nist-sp-800-61r3-containment,0,0,0,0.0,0,2,0.0,0.0
16142,VULNERABILITYSCAN,BENIGN,0.6666666666666667,LOW_CONFIDENCE,nist-sp-800-61r3-response|nist-sp-800-61r3-containment,0,0,0,0.0,0,2,0.0,0.0
16145,VULNERABILITYSCAN,BENIGN,0.6881188118811881,LOW_CONFIDENCE,nist-sp-800-61r3-response|nist-sp-800-61r3-containment,0,0,0,0.0,0,2,0.0,0.0
16146,VULNERABILITYSCAN,BENIGN,0.6111111111111112,LOW_CONFIDENCE,nist-sp-800-61r3-response|nist-sp-800-61r3-containment,0,0,0,0.0,0,2,0.0,0.0
16149,VULNERABILITYSCAN,BENIGN,0.6282051282051282,LOW_CONFIDENCE,nist-sp-800-61r3-response|nist-sp-800-61r3-containment,0,0,0,0.0,0,2,0.0,0.0
16150,VULNERABILITYSCAN,BENIGN,0.6754966887417219,LOW_CONFIDENCE,nist-sp-800-61r3-response|nist-sp-800-61r3-containment,0,0,0,0.0,0,2,0.0,0.0
16160,VULNERABILITYSCAN,BENIGN,0.6767857142857143,LOW_CONFIDENCE,nist-sp-800-61r3-response|nist-sp-800-61r3-containment,0,0,0,0.0,0,2,0.0,0.0
16161,VULNERABILITYSCAN,BENIGN,0.6111111111111112,LOW_CONFIDENCE,nist-sp-800-61r3-response|nist-sp-800-61r3-containment,0,0,0,0.0,0,2,0.0,0.0
16163,VULNERABILITYSCAN,BENIGN,0.5821917808219178,LOW_CONFIDENCE,nist-sp-800-61r3-response|nist-sp-800-61r3-containment,0,0,0,0.0,0,2,0.0,0.0
16168,VULNERABILITYSCAN,BENIGN,0.5865921787709497,LOW_CONFIDENCE,nist-sp-800-61r3-response|nist-sp-800-61r3-containment,0,0,0,0.0,0,2,0.0,0.0
16169,VULNERABILITYSCAN,BENIGN,0.5433962264150943,LOW_CONFIDENCE,nist-sp-800-61r3-response|nist-sp-800-61r3-containment,0,0,0,0.0,0,2,0.0,0.0
16174,VULNERABILITYSCAN,BENIGN,0.6282051282051282,LOW_CONFIDENCE,nist-sp-800-61r3-response|nist-sp-800-61r3-containment,0,0,0,0.0,0,2,0.0,0.0
16176,VULNERABILITYSCAN,BENIGN,0.6767857142857143,LOW_CONFIDENCE,nist-sp-800-61r3-response|nist-sp-800-61r3-containment|mitre-t1046-overview|mitre-t1498-detection,0,1,3,0.3333333333333333,1,4,0.25,0.25
16181,VULNERABILITYSCAN,BENIGN,0.5433962264150943,LOW_CONFIDENCE,nist-sp-800-61r3-response|nist-sp-800-61r3-containment,0,0,0,0.0,0,2,0.0,0.0
16188,VULNERABILITYSCAN,BENIGN,0.6767857142857143,LOW_CONFIDENCE,nist-sp-800-61r3-response|nist-sp-800-61r3-containment,0,0,0,0.0,0,2,0.0,0.0
16189,VULNERABILITYSCAN,BENIGN,0.6754966887417219,LOW_CONFIDENCE,nist-sp-800-61r3-response|nist-sp-800-61r3-containment,0,0,0,0.0,0,2,0.0,0.0
16190,VULNERABILITYSCAN,BENIGN,0.6881188118811881,LOW_CONFIDENCE,nist-sp-800-61r3-response|nist-sp-800-61r3-containment|mitre-t1046-overview|mitre-t1498-detection,0,1,3,0.3333333333333333,1,4,0.25,0.25
16191,VULNERABILITYSCAN,BENIGN,0.6881188118811881,LOW_CONFIDENCE,nist-sp-800-61r3-response|nist-sp-800-61r3-containment,0,0,0,0.0,0,2,0.0,0.0
16193,VULNERABILITYSCAN,BENIGN,0.6111111111111112,LOW_CONFIDENCE,nist-sp-800-61r3-response|nist-sp-800-61r3-containment,0,0,0,0.0,0,2,0.0,0.0
16194,VULNERABILITYSCAN,BENIGN,0.6767857142857143,LOW_CONFIDENCE,nist-sp-800-61r3-response|nist-sp-800-61r3-containment,0,0,0,0.0,0,2,0.0,0.0
16196,VULNERABILITYSCAN,BENIGN,0.6881188118811881,LOW_CONFIDENCE,nist-sp-800-61r3-response|nist-sp-800-61r3-containment|mitre-t1046-overview|mitre-t1498-detection,0,1,3,0.3333333333333333,1,4,0.25,0.25
16200,VULNERABILITYSCAN,BENIGN,0.5433962264150943,LOW_CONFIDENCE,nist-sp-800-61r3-response|nist-sp-800-61r3-containment|mitre-t1046-overview|mitre-t1498-detection,0,1,3,0.3333333333333333,1,4,0.25,0.25
16204,VULNERABILITYSCAN,BENIGN,0.6767857142857143,LOW_CONFIDENCE,nist-sp-800-61r3-response|nist-sp-800-61r3-containment,0,0,0,0.0,0,2,0.0,0.0
16208,VULNERABILITYSCAN,BENIGN,0.6767857142857143,LOW_CONFIDENCE,nist-sp-800-61r3-response|nist-sp-800-61r3-containment,0,0,0,0.0,0,2,0.0,0.0
16210,VULNERABILITYSCAN,BENIGN,0.6548672566371682,LOW_CONFIDENCE,nist-sp-800-61r3-response|nist-sp-800-61r3-containment,0,0,0,0.0,0,2,0.0,0.0
16214,VULNERABILITYSCAN,BENIGN,0.6881188118811881,LOW_CONFIDENCE,nist-sp-800-61r3-response|nist-sp-800-61r3-containment|mitre-t1046-overview|mitre-t1498-detection,0,1,3,0.3333333333333333,1,4,0.25,0.25
16216,VULNERABILITYSCAN,BENIGN,0.6754966887417219,LOW_CONFIDENCE,nist-sp-800-61r3-response|nist-sp-800-61r3-containment|mitre-t1046-overview|mitre-t1498-detection,0,1,3,0.3333333333333333,1,4,0.25,0.25
16219,VULNERABILITYSCAN,BENIGN,0.6881188118811881,LOW_CONFIDENCE,nist-sp-800-61r3-response|nist-sp-800-61r3-containment,0,0,0,0.0,0,2,0.0,0.0
16222,VULNERABILITYSCAN,BENIGN,0.5865921787709497,LOW_CONFIDENCE,nist-sp-800-61r3-response|nist-sp-800-61r3-containment,0,0,0,0.0,0,2,0.0,0.0
16223,VULNERABILITYSCAN,BENIGN,0.5260663507109006,LOW_CONFIDENCE,nist-sp-800-61r3-response|nist-sp-800-61r3-containment,0,0,0,0.0,0,2,0.0,0.0
16224,VULNERABILITYSCAN,BENIGN,0.5865921787709497,LOW_CONFIDENCE,nist-sp-800-61r3-response|nist-sp-800-61r3-containment,0,0,0,0.0,0,2,0.0,0.0
16226,VULNERABILITYSCAN,BENIGN,0.6282051282051282,LOW_CONFIDENCE,nist-sp-800-61r3-response|nist-sp-800-61r3-containment,0,0,0,0.0,0,2,0.0,0.0
16228,VULNERABILITYSCAN,BENIGN,0.6881188118811881,LOW_CONFIDENCE,nist-sp-800-61r3-response|nist-sp-800-61r3-containment,0,0,0,0.0,0,2,0.0,0.0
16230,VULNERABILITYSCAN,BENIGN,0.6111111111111112,LOW_CONFIDENCE,nist-sp-800-61r3-response|nist-sp-800-61r3-containment,0,0,0,0.0,0,2,0.0,0.0
16231,VULNERABILITYSCAN,BENIGN,0.6881188118811881,LOW_CONFIDENCE,nist-sp-800-61r3-response|nist-sp-800-61r3-containment|mitre-t1046-overview|mitre-t1498-detection,0,1,3,0.3333333333333333,1,4,0.25,0.25
16241,VULNERABILITYSCAN,BENIGN,0.6881188118811881,LOW_CONFIDENCE,nist-sp-800-61r3-response|nist-sp-800-61r3-containment,0,0,0,0.0,0,2,0.0,0.0
16245,VULNERABILITYSCAN,BENIGN,0.6881188118811881,LOW_CONFIDENCE,nist-sp-800-61r3-response|nist-sp-800-61r3-containment,0,0,0,0.0,0,2,0.0,0.0
16246,VULNERABILITYSCAN,BENIGN,0.5433962264150943,LOW_CONFIDENCE,nist-sp-800-61r3-response|nist-sp-800-61r3-containment,0,0,0,0.0,0,2,0.0,0.0
16253,DNS_SPOOFING,BENIGN,0.6666666666666667,LOW_CONFIDENCE,nist-sp-800-61r3-response|nist-sp-800-61r3-containment,0,0,0,0.0,0,2,0.0,0.0
16256,VULNERABILITYSCAN,BENIGN,0.5433962264150943,LOW_CONFIDENCE,nist-sp-800-61r3-response|nist-sp-800-61r3-containment,0,0,0,0.0,0,2,0.0,0.0
16257,VULNERABILITYSCAN,BENIGN,0.6754966887417219,LOW_CONFIDENCE,nist-sp-800-61r3-response|nist-sp-800-61r3-containment,0,0,0,0.0,0,2,0.0,0.0
16259,VULNERABILITYSCAN,BENIGN,0.5865921787709497,LOW_CONFIDENCE,nist-sp-800-61r3-response|nist-sp-800-61r3-containment,0,0,0,0.0,0,2,0.0,0.0
16260,DNS_SPOOFING,BENIGN,0.6767857142857143,LOW_CONFIDENCE,nist-sp-800-61r3-response|nist-sp-800-61r3-containment,0,0,0,0.0,0,2,0.0,0.0
16261,VULNERABILITYSCAN,BENIGN,0.5821917808219178,LOW_CONFIDENCE,nist-sp-800-61r3-response|nist-sp-800-61r3-containment,0,0,0,0.0,0,2,0.0,0.0
16262,VULNERABILITYSCAN,BENIGN,0.5865921787709497,LOW_CONFIDENCE,nist-sp-800-61r3-response|nist-sp-800-61r3-containment,0,0,0,0.0,0,2,0.0,0.0
16266,VULNERABILITYSCAN,BENIGN,0.6767857142857143,LOW_CONFIDENCE,nist-sp-800-61r3-response|nist-sp-800-61r3-containment,0,0,0,0.0,0,2,0.0,0.0
16269,VULNERABILITYSCAN,BENIGN,0.6767857142857143,LOW_CONFIDENCE,nist-sp-800-61r3-response|nist-sp-800-61r3-containment,0,0,0,0.0,0,2,0.0,0.0
16270,VULNERABILITYSCAN,BENIGN,0.6548672566371682,LOW_CONFIDENCE,nist-sp-800-61r3-response|nist-sp-800-61r3-containment,0,0,0,0.0,0,2,0.0,0.0
16273,VULNERABILITYSCAN,BENIGN,0.6548672566371682,LOW_CONFIDENCE,nist-sp-800-61r3-response|nist-sp-800-61r3-containment,0,0,0,0.0,0,2,0.0,0.0
16276,VULNERABILITYSCAN,BENIGN,0.6754966887417219,LOW_CONFIDENCE,nist-sp-800-61r3-response|nist-sp-800-61r3-containment,0,0,0,0.0,0,2,0.0,0.0
16283,VULNERABILITYSCAN,BENIGN,0.6111111111111112,LOW_CONFIDENCE,nist-sp-800-61r3-response|nist-sp-800-61r3-containment,0,0,0,0.0,0,2,0.0,0.0
16284,VULNERABILITYSCAN,BENIGN,0.5260663507109006,LOW_CONFIDENCE,nist-sp-800-61r3-response|nist-sp-800-61r3-containment|mitre-t1046-overview|mitre-t1498-detection,0,1,3,0.3333333333333333,1,4,0.25,0.25
16285,VULNERABILITYSCAN,BENIGN,0.6111111111111112,LOW_CONFIDENCE,nist-sp-800-61r3-response|nist-sp-800-61r3-containment,0,0,0,0.0,0,2,0.0,0.0
16289,VULNERABILITYSCAN,BENIGN,0.6548672566371682,LOW_CONFIDENCE,nist-sp-800-61r3-response|nist-sp-800-61r3-containment,0,0,0,0.0,0,2,0.0,0.0
16290,VULNERABILITYSCAN,BENIGN,0.6767857142857143,LOW_CONFIDENCE,nist-sp-800-61r3-response|nist-sp-800-61r3-containment,0,0,0,0.0,0,2,0.0,0.0
16292,VULNERABILITYSCAN,BENIGN,0.6767857142857143,LOW_CONFIDENCE,nist-sp-800-61r3-response|nist-sp-800-61r3-containment,0,0,0,0.0,0,2,0.0,0.0
16295,VULNERABILITYSCAN,BENIGN,0.5865921787709497,LOW_CONFIDENCE,nist-sp-800-61r3-response|nist-sp-800-61r3-containment|mitre-t1046-overview|mitre-t1498-detection,0,1,3,0.3333333333333333,1,4,0.25,0.25
16296,VULNERABILITYSCAN,BENIGN,0.5433962264150943,LOW_CONFIDENCE,nist-sp-800-61r3-response|nist-sp-800-61r3-containment|mitre-t1046-overview|mitre-t1498-detection,0,1,3,0.3333333333333333,1,4,0.25,0.25
16302,VULNERABILITYSCAN,BENIGN,0.6548672566371682,LOW_CONFIDENCE,nist-sp-800-61r3-response|nist-sp-800-61r3-containment,0,0,0,0.0,0,2,0.0,0.0
16305,VULNERABILITYSCAN,BENIGN,0.5821917808219178,LOW_CONFIDENCE,nist-sp-800-61r3-response|nist-sp-800-61r3-containment|mitre-t1046-overview|mitre-t1498-detection,0,1,3,0.3333333333333333,1,4,0.25,0.25
16313,VULNERABILITYSCAN,BENIGN,0.6282051282051282,LOW_CONFIDENCE,nist-sp-800-61r3-response|nist-sp-800-61r3-containment,0,0,0,0.0,0,2,0.0,0.0
16315,DNS_SPOOFING,BENIGN,0.6767857142857143,LOW_CONFIDENCE,nist-sp-800-61r3-response|nist-sp-800-61r3-containment,0,0,0,0.0,0,2,0.0,0.0
16316,VULNERABILITYSCAN,BENIGN,0.6754966887417219,LOW_CONFIDENCE,nist-sp-800-61r3-response|nist-sp-800-61r3-containment,0,0,0,0.0,0,2,0.0,0.0
16317,VULNERABILITYSCAN,BENIGN,0.625,LOW_CONFIDENCE,nist-sp-800-61r3-response|nist-sp-800-61r3-containment,0,0,0,0.0,0,2,0.0,0.0
16319,VULNERABILITYSCAN,BENIGN,0.6111111111111112,LOW_CONFIDENCE,nist-sp-800-61r3-response|nist-sp-800-61r3-containment|mitre-t1046-overview|mitre-t1498-detection,0,1,3,0.3333333333333333,1,4,0.25,0.25
16322,VULNERABILITYSCAN,BENIGN,0.6548672566371682,LOW_CONFIDENCE,nist-sp-800-61r3-response|nist-sp-800-61r3-containment,0,0,0,0.0,0,2,0.0,0.0
16326,VULNERABILITYSCAN,BENIGN,0.5865921787709497,LOW_CONFIDENCE,nist-sp-800-61r3-response|nist-sp-800-61r3-containment,0,0,0,0.0,0,2,0.0,0.0
16334,VULNERABILITYSCAN,BENIGN,0.5821917808219178,LOW_CONFIDENCE,nist-sp-800-61r3-response|nist-sp-800-61r3-containment,0,0,0,0.0,0,2,0.0,0.0
16336,VULNERABILITYSCAN,BENIGN,0.5260663507109006,LOW_CONFIDENCE,nist-sp-800-61r3-response|nist-sp-800-61r3-containment,0,0,0,0.0,0,2,0.0,0.0
16341,VULNERABILITYSCAN,BENIGN,0.6548672566371682,LOW_CONFIDENCE,nist-sp-800-61r3-response|nist-sp-800-61r3-containment,0,0,0,0.0,0,2,0.0,0.0
16347,DNS_SPOOFING,BENIGN,0.5821917808219178,LOW_CONFIDENCE,nist-sp-800-61r3-response|nist-sp-800-61r3-containment,0,0,0,0.0,0,2,0.0,0.0
16348,VULNERABILITYSCAN,BENIGN,0.5821917808219178,LOW_CONFIDENCE,nist-sp-800-61r3-response|nist-sp-800-61r3-containment,0,0,0,0.0,0,2,0.0,0.0
16349,VULNERABILITYSCAN,BENIGN,0.6548672566371682,LOW_CONFIDENCE,nist-sp-800-61r3-response|nist-sp-800-61r3-containment,0,0,0,0.0,0,2,0.0,0.0
16350,VULNERABILITYSCAN,BENIGN,0.5260663507109006,LOW_CONFIDENCE,nist-sp-800-61r3-response|nist-sp-800-61r3-containment|mitre-t1046-overview|mitre-t1498-detection,0,1,3,0.3333333333333333,1,4,0.25,0.25
16351,VULNERABILITYSCAN,BENIGN,0.5865921787709497,LOW_CONFIDENCE,nist-sp-800-61r3-response|nist-sp-800-61r3-containment,0,0,0,0.0,0,2,0.0,0.0
16353,VULNERABILITYSCAN,BENIGN,0.6111111111111112,LOW_CONFIDENCE,nist-sp-800-61r3-response|nist-sp-800-61r3-containment,0,0,0,0.0,0,2,0.0,0.0
16363,VULNERABILITYSCAN,BENIGN,0.6111111111111112,LOW_CONFIDENCE,nist-sp-800-61r3-response|nist-sp-800-61r3-containment,0,0,0,0.0,0,2,0.0,0.0
16364,VULNERABILITYSCAN,BENIGN,0.5865921787709497,LOW_CONFIDENCE,nist-sp-800-61r3-response|nist-sp-800-61r3-containment,0,0,0,0.0,0,2,0.0,0.0
16371,VULNERABILITYSCAN,BENIGN,0.6767857142857143,LOW_CONFIDENCE,nist-sp-800-61r3-response|nist-sp-800-61r3-containment,0,0,0,0.0,0,2,0.0,0.0
16372,VULNERABILITYSCAN,BENIGN,0.6881188118811881,LOW_CONFIDENCE,nist-sp-800-61r3-response|nist-sp-800-61r3-containment,0,0,0,0.0,0,2,0.0,0.0
16374,VULNERABILITYSCAN,BENIGN,0.5433962264150943,LOW_CONFIDENCE,nist-sp-800-61r3-response|nist-sp-800-61r3-containment|mitre-t1046-overview|mitre-t1498-detection,0,1,3,0.3333333333333333,1,4,0.25,0.25
16377,VULNERABILITYSCAN,BENIGN,0.6754966887417219,LOW_CONFIDENCE,nist-sp-800-61r3-response|nist-sp-800-61r3-containment|mitre-t1046-overview|mitre-t1498-detection,0,1,3,0.3333333333333333,1,4,0.25,0.25
16379,VULNERABILITYSCAN,BENIGN,0.5433962264150943,LOW_CONFIDENCE,nist-sp-800-61r3-response|nist-sp-800-61r3-containment,0,0,0,0.0,0,2,0.0,0.0
16380,VULNERABILITYSCAN,BENIGN,0.6666666666666667,LOW_CONFIDENCE,nist-sp-800-61r3-response|nist-sp-800-61r3-containment,0,0,0,0.0,0,2,0.0,0.0
16387,VULNERABILITYSCAN,BENIGN,0.5260663507109006,LOW_CONFIDENCE,nist-sp-800-61r3-response|nist-sp-800-61r3-containment|mitre-t1046-overview|mitre-t1498-detection,0,1,3,0.3333333333333333,1,4,0.25,0.25
16390,DNS_SPOOFING,BENIGN,0.6881188118811881,LOW_CONFIDENCE,nist-sp-800-61r3-response|nist-sp-800-61r3-containment|mitre-t1046-overview|mitre-t1498-detection,0,0,0,0.0,0,4,0.0,0.0
16392,VULNERABILITYSCAN,BENIGN,0.5260663507109006,LOW_CONFIDENCE,nist-sp-800-61r3-response|nist-sp-800-61r3-containment,0,0,0,0.0,0,2,0.0,0.0
16394,VULNERABILITYSCAN,BENIGN,0.6548672566371682,LOW_CONFIDENCE,nist-sp-800-61r3-response|nist-sp-800-61r3-containment,0,0,0,0.0,0,2,0.0,0.0
16395,VULNERABILITYSCAN,BENIGN,0.6282051282051282,LOW_CONFIDENCE,nist-sp-800-61r3-response|nist-sp-800-61r3-containment|mitre-t1046-overview|mitre-t1498-detection,0,1,3,0.3333333333333333,1,4,0.25,0.25
16397,VULNERABILITYSCAN,BENIGN,0.6111111111111112,LOW_CONFIDENCE,nist-sp-800-61r3-response|nist-sp-800-61r3-containment,0,0,0,0.0,0,2,0.0,0.0
16400,VULNERABILITYSCAN,BENIGN,0.5433962264150943,LOW_CONFIDENCE,nist-sp-800-61r3-response|nist-sp-800-61r3-containment|mitre-t1046-overview|mitre-t1498-detection,0,1,3,0.3333333333333333,1,4,0.25,0.25
16401,VULNERABILITYSCAN,BENIGN,0.625,LOW_CONFIDENCE,nist-sp-800-61r3-response|nist-sp-800-61r3-containment,0,0,0,0.0,0,2,0.0,0.0
16402,VULNERABILITYSCAN,BENIGN,0.6754966887417219,LOW_CONFIDENCE,nist-sp-800-61r3-response|nist-sp-800-61r3-containment,0,0,0,0.0,0,2,0.0,0.0
16404,DNS_SPOOFING,BENIGN,0.6881188118811881,LOW_CONFIDENCE,nist-sp-800-61r3-response|nist-sp-800-61r3-containment|mitre-t1046-overview|mitre-t1498-detection,0,0,0,0.0,0,4,0.0,0.0
16405,VULNERABILITYSCAN,BENIGN,0.6282051282051282,LOW_CONFIDENCE,nist-sp-800-61r3-response|nist-sp-800-61r3-containment,0,0,0,0.0,0,2,0.0,0.0
16407,VULNERABILITYSCAN,BENIGN,0.6548672566371682,LOW_CONFIDENCE,nist-sp-800-61r3-response|nist-sp-800-61r3-containment,0,0,0,0.0,0,2,0.0,0.0
16408,VULNERABILITYSCAN,BENIGN,0.5865921787709497,LOW_CONFIDENCE,nist-sp-800-61r3-response|nist-sp-800-61r3-containment|mitre-t1046-overview|mitre-t1498-detection,0,1,3,0.3333333333333333,1,4,0.25,0.25
16410,VULNERABILITYSCAN,BENIGN,0.5865921787709497,LOW_CONFIDENCE,nist-sp-800-61r3-response|nist-sp-800-61r3-containment,0,0,0,0.0,0,2,0.0,0.0
16411,VULNERABILITYSCAN,BENIGN,0.6548672566371682,LOW_CONFIDENCE,nist-sp-800-61r3-response|nist-sp-800-61r3-containment,0,0,0,0.0,0,2,0.0,0.0
16416,VULNERABILITYSCAN,BENIGN,0.6767857142857143,LOW_CONFIDENCE,nist-sp-800-61r3-response|nist-sp-800-61r3-containment,0,0,0,0.0,0,2,0.0,0.0
16420,VULNERABILITYSCAN,BENIGN,0.6767857142857143,LOW_CONFIDENCE,nist-sp-800-61r3-response|nist-sp-800-61r3-containment,0,0,0,0.0,0,2,0.0,0.0
16422,VULNERABILITYSCAN,BENIGN,0.6881188118811881,LOW_CONFIDENCE,nist-sp-800-61r3-response|nist-sp-800-61r3-containment|mitre-t1046-overview|mitre-t1498-detection,0,1,3,0.3333333333333333,1,4,0.25,0.25
16427,DNS_SPOOFING,BENIGN,0.5433962264150943,LOW_CONFIDENCE,nist-sp-800-61r3-response|nist-sp-800-61r3-containment,0,0,0,0.0,0,2,0.0,0.0
16432,VULNERABILITYSCAN,BENIGN,0.6111111111111112,LOW_CONFIDENCE,nist-sp-800-61r3-response|nist-sp-800-61r3-containment,0,0,0,0.0,0,2,0.0,0.0
16439,DNS_SPOOFING,BENIGN,0.625,LOW_CONFIDENCE,nist-sp-800-61r3-response|nist-sp-800-61r3-containment,0,0,0,0.0,0,2,0.0,0.0
16440,VULNERABILITYSCAN,BENIGN,0.5433962264150943,LOW_CONFIDENCE,nist-sp-800-61r3-response|nist-sp-800-61r3-containment,0,0,0,0.0,0,2,0.0,0.0
16443,VULNERABILITYSCAN,BENIGN,0.6881188118811881,LOW_CONFIDENCE,nist-sp-800-61r3-response|nist-sp-800-61r3-containment,0,0,0,0.0,0,2,0.0,0.0
16446,VULNERABILITYSCAN,BENIGN,0.5260663507109006,LOW_CONFIDENCE,nist-sp-800-61r3-response|nist-sp-800-61r3-containment,0,0,0,0.0,0,2,0.0,0.0
16447,VULNERABILITYSCAN,BENIGN,0.6548672566371682,LOW_CONFIDENCE,nist-sp-800-61r3-response|nist-sp-800-61r3-containment,0,0,0,0.0,0,2,0.0,0.0
16448,VULNERABILITYSCAN,BENIGN,0.5433962264150943,LOW_CONFIDENCE,nist-sp-800-61r3-response|nist-sp-800-61r3-containment,0,0,0,0.0,0,2,0.0,0.0
16449,VULNERABILITYSCAN,BENIGN,0.5865921787709497,LOW_CONFIDENCE,nist-sp-800-61r3-response|nist-sp-800-61r3-containment,0,0,0,0.0,0,2,0.0,0.0
16454,VULNERABILITYSCAN,BENIGN,0.6767857142857143,LOW_CONFIDENCE,nist-sp-800-61r3-response|nist-sp-800-61r3-containment,0,0,0,0.0,0,2,0.0,0.0
16455,DNS_SPOOFING,BENIGN,0.6548672566371682,LOW_CONFIDENCE,nist-sp-800-61r3-response|nist-sp-800-61r3-containment,0,0,0,0.0,0,2,0.0,0.0
16459,VULNERABILITYSCAN,BENIGN,0.5865921787709497,LOW_CONFIDENCE,nist-sp-800-61r3-response|nist-sp-800-61r3-containment,0,0,0,0.0,0,2,0.0,0.0
16461,VULNERABILITYSCAN,BENIGN,0.6754966887417219,LOW_CONFIDENCE,nist-sp-800-61r3-response|nist-sp-800-61r3-containment,0,0,0,0.0,0,2,0.0,0.0
16463,VULNERABILITYSCAN,BENIGN,0.5260663507109006,LOW_CONFIDENCE,nist-sp-800-61r3-response|nist-sp-800-61r3-containment|mitre-t1046-overview|mitre-t1498-detection,0,1,3,0.3333333333333333,1,4,0.25,0.25
16464,VULNERABILITYSCAN,BENIGN,0.6767857142857143,LOW_CONFIDENCE,nist-sp-800-61r3-response|nist-sp-800-61r3-containment,0,0,0,0.0,0,2,0.0,0.0
16465,VULNERABILITYSCAN,BENIGN,0.6754966887417219,LOW_CONFIDENCE,nist-sp-800-61r3-response|nist-sp-800-61r3-containment|mitre-t1046-overview|mitre-t1498-detection,0,1,3,0.3333333333333333,1,4,0.25,0.25
16467,VULNERABILITYSCAN,BENIGN,0.6767857142857143,LOW_CONFIDENCE,nist-sp-800-61r3-response|nist-sp-800-61r3-containment,0,0,0,0.0,0,2,0.0,0.0
16473,VULNERABILITYSCAN,BENIGN,0.6111111111111112,LOW_CONFIDENCE,nist-sp-800-61r3-response|nist-sp-800-61r3-containment,0,0,0,0.0,0,2,0.0,0.0
16482,VULNERABILITYSCAN,BENIGN,0.6754966887417219,LOW_CONFIDENCE,nist-sp-800-61r3-response|nist-sp-800-61r3-containment,0,0,0,0.0,0,2,0.0,0.0
16487,DNS_SPOOFING,BENIGN,0.6754966887417219,LOW_CONFIDENCE,nist-sp-800-61r3-response|nist-sp-800-61r3-containment,0,0,0,0.0,0,2,0.0,0.0
16488,VULNERABILITYSCAN,BENIGN,0.5433962264150943,LOW_CONFIDENCE,nist-sp-800-61r3-response|nist-sp-800-61r3-containment,0,0,0,0.0,0,2,0.0,0.0
16491,VULNERABILITYSCAN,BENIGN,0.5260663507109006,LOW_CONFIDENCE,nist-sp-800-61r3-response|nist-sp-800-61r3-containment,0,0,0,0.0,0,2,0.0,0.0
16492,VULNERABILITYSCAN,BENIGN,0.6282051282051282,LOW_CONFIDENCE,nist-sp-800-61r3-response|nist-sp-800-61r3-containment,0,0,0,0.0,0,2,0.0,0.0
16494,VULNERABILITYSCAN,BENIGN,0.6881188118811881,LOW_CONFIDENCE,nist-sp-800-61r3-response|nist-sp-800-61r3-containment|mitre-t1046-overview|mitre-t1498-detection,0,1,3,0.3333333333333333,1,4,0.25,0.25
16497,VULNERABILITYSCAN,BENIGN,0.6548672566371682,LOW_CONFIDENCE,nist-sp-800-61r3-response|nist-sp-800-61r3-containment,0,0,0,0.0,0,2,0.0,0.0
16498,DNS_SPOOFING,BENIGN,0.6767857142857143,LOW_CONFIDENCE,nist-sp-800-61r3-response|nist-sp-800-61r3-containment,0,0,0,0.0,0,2,0.0,0.0
16499,VULNERABILITYSCAN,BENIGN,0.5260663507109006,LOW_CONFIDENCE,nist-sp-800-61r3-response|nist-sp-800-61r3-containment,0,0,0,0.0,0,2,0.0,0.0
16500,VULNERABILITYSCAN,BENIGN,0.6881188118811881,LOW_CONFIDENCE,nist-sp-800-61r3-response|nist-sp-800-61r3-containment|mitre-t1046-overview|mitre-t1498-detection,0,1,3,0.3333333333333333,1,4,0.25,0.25
16501,VULNERABILITYSCAN,BENIGN,0.5433962264150943,LOW_CONFIDENCE,nist-sp-800-61r3-response|nist-sp-800-61r3-containment,0,0,0,0.0,0,2,0.0,0.0
16508,VULNERABILITYSCAN,BENIGN,0.6767857142857143,LOW_CONFIDENCE,nist-sp-800-61r3-response|nist-sp-800-61r3-containment,0,0,0,0.0,0,2,0.0,0.0
16510,VULNERABILITYSCAN,BENIGN,0.6282051282051282,LOW_CONFIDENCE,nist-sp-800-61r3-response|nist-sp-800-61r3-containment,0,0,0,0.0,0,2,0.0,0.0
16512,VULNERABILITYSCAN,BENIGN,0.6881188118811881,LOW_CONFIDENCE,nist-sp-800-61r3-response|nist-sp-800-61r3-containment,0,0,0,0.0,0,2,0.0,0.0
16513,VULNERABILITYSCAN,BENIGN,0.6548672566371682,LOW_CONFIDENCE,nist-sp-800-61r3-response|nist-sp-800-61r3-containment,0,0,0,0.0,0,2,0.0,0.0
16516,VULNERABILITYSCAN,BENIGN,0.6767857142857143,LOW_CONFIDENCE,nist-sp-800-61r3-response|nist-sp-800-61r3-containment,0,0,0,0.0,0,2,0.0,0.0
16519,VULNERABILITYSCAN,BENIGN,0.6111111111111112,LOW_CONFIDENCE,nist-sp-800-61r3-response|nist-sp-800-61r3-containment|mitre-t1046-overview|mitre-t1498-detection,0,1,3,0.3333333333333333,1,4,0.25,0.25
16521,VULNERABILITYSCAN,BENIGN,0.6767857142857143,LOW_CONFIDENCE,nist-sp-800-61r3-response|nist-sp-800-61r3-containment,0,0,0,0.0,0,2,0.0,0.0
16524,VULNERABILITYSCAN,BENIGN,0.6767857142857143,LOW_CONFIDENCE,nist-sp-800-61r3-response|nist-sp-800-61r3-containment|mitre-t1046-overview|mitre-t1498-detection,0,1,3,0.3333333333333333,1,4,0.25,0.25
16525,VULNERABILITYSCAN,BENIGN,0.6881188118811881,LOW_CONFIDENCE,nist-sp-800-61r3-response|nist-sp-800-61r3-containment|mitre-t1046-overview|mitre-t1498-detection,0,1,3,0.3333333333333333,1,4,0.25,0.25
16526,VULNERABILITYSCAN,BENIGN,0.6548672566371682,LOW_CONFIDENCE,nist-sp-800-61r3-response|nist-sp-800-61r3-containment,0,0,0,0.0,0,2,0.0,0.0
16527,VULNERABILITYSCAN,BENIGN,0.6767857142857143,LOW_CONFIDENCE,nist-sp-800-61r3-response|nist-sp-800-61r3-containment,0,0,0,0.0,0,2,0.0,0.0
16528,VULNERABILITYSCAN,BENIGN,0.5433962264150943,LOW_CONFIDENCE,nist-sp-800-61r3-response|nist-sp-800-61r3-containment,0,0,0,0.0,0,2,0.0,0.0
16529,VULNERABILITYSCAN,BENIGN,0.6548672566371682,LOW_CONFIDENCE,nist-sp-800-61r3-response|nist-sp-800-61r3-containment,0,0,0,0.0,0,2,0.0,0.0
16531,VULNERABILITYSCAN,BENIGN,0.6767857142857143,LOW_CONFIDENCE,nist-sp-800-61r3-response|nist-sp-800-61r3-containment,0,0,0,0.0,0,2,0.0,0.0
16536,VULNERABILITYSCAN,BENIGN,0.6767857142857143,LOW_CONFIDENCE,nist-sp-800-61r3-response|nist-sp-800-61r3-containment,0,0,0,0.0,0,2,0.0,0.0
16539,VULNERABILITYSCAN,BENIGN,0.5433962264150943,LOW_CONFIDENCE,nist-sp-800-61r3-response|nist-sp-800-61r3-containment|mitre-t1046-overview|mitre-t1498-detection,0,1,3,0.3333333333333333,1,4,0.25,0.25
16540,VULNERABILITYSCAN,BENIGN,0.5260663507109006,LOW_CONFIDENCE,nist-sp-800-61r3-response|nist-sp-800-61r3-containment,0,0,0,0.0,0,2,0.0,0.0
16544,VULNERABILITYSCAN,BENIGN,0.5260663507109006,LOW_CONFIDENCE,nist-sp-800-61r3-response|nist-sp-800-61r3-containment,0,0,0,0.0,0,2,0.0,0.0
16545,VULNERABILITYSCAN,BENIGN,0.6548672566371682,LOW_CONFIDENCE,nist-sp-800-61r3-response|nist-sp-800-61r3-containment,0,0,0,0.0,0,2,0.0,0.0
16547,VULNERABILITYSCAN,BENIGN,0.5865921787709497,LOW_CONFIDENCE,nist-sp-800-61r3-response|nist-sp-800-61r3-containment,0,0,0,0.0,0,2,0.0,0.0
16548,VULNERABILITYSCAN,BENIGN,0.6767857142857143,LOW_CONFIDENCE,nist-sp-800-61r3-response|nist-sp-800-61r3-containment,0,0,0,0.0,0,2,0.0,0.0
16549,VULNERABILITYSCAN,BENIGN,0.6111111111111112,LOW_CONFIDENCE,nist-sp-800-61r3-response|nist-sp-800-61r3-containment|mitre-t1046-overview|mitre-t1498-detection,0,1,3,0.3333333333333333,1,4,0.25,0.25
16550,VULNERABILITYSCAN,BENIGN,0.6767857142857143,LOW_CONFIDENCE,nist-sp-800-61r3-response|nist-sp-800-61r3-containment,0,0,0,0.0,0,2,0.0,0.0
16551,VULNERABILITYSCAN,BENIGN,0.6282051282051282,LOW_CONFIDENCE,nist-sp-800-61r3-response|nist-sp-800-61r3-containment|mitre-t1046-overview|mitre-t1498-detection,0,1,3,0.3333333333333333,1,4,0.25,0.25
16553,VULNERABILITYSCAN,BENIGN,0.5865921787709497,LOW_CONFIDENCE,nist-sp-800-61r3-response|nist-sp-800-61r3-containment|mitre-t1046-overview|mitre-t1498-detection,0,1,3,0.3333333333333333,1,4,0.25,0.25
16554,VULNERABILITYSCAN,BENIGN,0.625,LOW_CONFIDENCE,nist-sp-800-61r3-response|nist-sp-800-61r3-containment,0,0,0,0.0,0,2,0.0,0.0
16555,VULNERABILITYSCAN,BENIGN,0.6754966887417219,LOW_CONFIDENCE,nist-sp-800-61r3-response|nist-sp-800-61r3-containment,0,0,0,0.0,0,2,0.0,0.0
16556,VULNERABILITYSCAN,BENIGN,0.6767857142857143,LOW_CONFIDENCE,nist-sp-800-61r3-response|nist-sp-800-61r3-containment,0,0,0,0.0,0,2,0.0,0.0
16558,VULNERABILITYSCAN,BENIGN,0.6111111111111112,LOW_CONFIDENCE,nist-sp-800-61r3-response|nist-sp-800-61r3-containment,0,0,0,0.0,0,2,0.0,0.0
16561,VULNERABILITYSCAN,BENIGN,0.6881188118811881,LOW_CONFIDENCE,nist-sp-800-61r3-response|nist-sp-800-61r3-containment,0,0,0,0.0,0,2,0.0,0.0
16562,VULNERABILITYSCAN,BENIGN,0.6111111111111112,LOW_CONFIDENCE,nist-sp-800-61r3-response|nist-sp-800-61r3-containment,0,0,0,0.0,0,2,0.0,0.0
16566,VULNERABILITYSCAN,BENIGN,0.5433962264150943,LOW_CONFIDENCE,nist-sp-800-61r3-response|nist-sp-800-61r3-containment,0,0,0,0.0,0,2,0.0,0.0
16578,VULNERABILITYSCAN,BENIGN,0.6767857142857143,LOW_CONFIDENCE,nist-sp-800-61r3-response|nist-sp-800-61r3-containment,0,0,0,0.0,0,2,0.0,0.0
16580,VULNERABILITYSCAN,BENIGN,0.6111111111111112,LOW_CONFIDENCE,nist-sp-800-61r3-response|nist-sp-800-61r3-containment,0,0,0,0.0,0,2,0.0,0.0
16581,VULNERABILITYSCAN,BENIGN,0.6754966887417219,LOW_CONFIDENCE,nist-sp-800-61r3-response|nist-sp-800-61r3-containment,0,0,0,0.0,0,2,0.0,0.0
16582,VULNERABILITYSCAN,BENIGN,0.6754966887417219,LOW_CONFIDENCE,nist-sp-800-61r3-response|nist-sp-800-61r3-containment|mitre-t1046-overview|mitre-t1498-detection,0,1,3,0.3333333333333333,1,4,0.25,0.25
16583,VULNERABILITYSCAN,BENIGN,0.6881188118811881,LOW_CONFIDENCE,nist-sp-800-61r3-response|nist-sp-800-61r3-containment|mitre-t1046-overview|mitre-t1498-detection,0,1,3,0.3333333333333333,1,4,0.25,0.25
16585,VULNERABILITYSCAN,BENIGN,0.6767857142857143,LOW_CONFIDENCE,nist-sp-800-61r3-response|nist-sp-800-61r3-containment,0,0,0,0.0,0,2,0.0,0.0
16586,VULNERABILITYSCAN,BENIGN,0.6548672566371682,LOW_CONFIDENCE,nist-sp-800-61r3-response|nist-sp-800-61r3-containment,0,0,0,0.0,0,2,0.0,0.0
16590,VULNERABILITYSCAN,BENIGN,0.5821917808219178,LOW_CONFIDENCE,nist-sp-800-61r3-response|nist-sp-800-61r3-containment,0,0,0,0.0,0,2,0.0,0.0
16592,VULNERABILITYSCAN,BENIGN,0.6666666666666667,LOW_CONFIDENCE,nist-sp-800-61r3-response|nist-sp-800-61r3-containment,0,0,0,0.0,0,2,0.0,0.0
16601,VULNERABILITYSCAN,BENIGN,0.5865921787709497,LOW_CONFIDENCE,nist-sp-800-61r3-response|nist-sp-800-61r3-containment|mitre-t1046-overview|mitre-t1498-detection,0,1,3,0.3333333333333333,1,4,0.25,0.25
16603,VULNERABILITYSCAN,BENIGN,0.6767857142857143,LOW_CONFIDENCE,nist-sp-800-61r3-response|nist-sp-800-61r3-containment,0,0,0,0.0,0,2,0.0,0.0
16605,VULNERABILITYSCAN,BENIGN,0.5433962264150943,LOW_CONFIDENCE,nist-sp-800-61r3-response|nist-sp-800-61r3-containment,0,0,0,0.0,0,2,0.0,0.0
16611,VULNERABILITYSCAN,BENIGN,0.6111111111111112,LOW_CONFIDENCE,nist-sp-800-61r3-response|nist-sp-800-61r3-containment,0,0,0,0.0,0,2,0.0,0.0
16612,VULNERABILITYSCAN,BENIGN,0.6767857142857143,LOW_CONFIDENCE,nist-sp-800-61r3-response|nist-sp-800-61r3-containment,0,0,0,0.0,0,2,0.0,0.0
16620,VULNERABILITYSCAN,BENIGN,0.6881188118811881,LOW_CONFIDENCE,nist-sp-800-61r3-response|nist-sp-800-61r3-containment,0,0,0,0.0,0,2,0.0,0.0
16623,VULNERABILITYSCAN,BENIGN,0.6767857142857143,LOW_CONFIDENCE,nist-sp-800-61r3-response|nist-sp-800-61r3-containment|mitre-t1046-overview|mitre-t1498-detection,0,1,3,0.3333333333333333,1,4,0.25,0.25
16624,VULNERABILITYSCAN,BENIGN,0.6754966887417219,LOW_CONFIDENCE,nist-sp-800-61r3-response|nist-sp-800-61r3-containment|mitre-t1046-overview|mitre-t1498-detection,0,1,3,0.3333333333333333,1,4,0.25,0.25
16626,VULNERABILITYSCAN,BENIGN,0.5260663507109006,LOW_CONFIDENCE,nist-sp-800-61r3-response|nist-sp-800-61r3-containment|mitre-t1046-overview|mitre-t1498-detection,0,1,3,0.3333333333333333,1,4,0.25,0.25
16627,VULNERABILITYSCAN,BENIGN,0.6111111111111112,LOW_CONFIDENCE,nist-sp-800-61r3-response|nist-sp-800-61r3-containment,0,0,0,0.0,0,2,0.0,0.0
16628,VULNERABILITYSCAN,BENIGN,0.5433962264150943,LOW_CONFIDENCE,nist-sp-800-61r3-response|nist-sp-800-61r3-containment|mitre-t1046-overview|mitre-t1498-detection,0,1,3,0.3333333333333333,1,4,0.25,0.25
16630,VULNERABILITYSCAN,BENIGN,0.5260663507109006,LOW_CONFIDENCE,nist-sp-800-61r3-response|nist-sp-800-61r3-containment,0,0,0,0.0,0,2,0.0,0.0
16631,VULNERABILITYSCAN,BENIGN,0.5433962264150943,LOW_CONFIDENCE,nist-sp-800-61r3-response|nist-sp-800-61r3-containment,0,0,0,0.0,0,2,0.0,0.0
16637,VULNERABILITYSCAN,BENIGN,0.5865921787709497,LOW_CONFIDENCE,nist-sp-800-61r3-response|nist-sp-800-61r3-containment,0,0,0,0.0,0,2,0.0,0.0
16638,VULNERABILITYSCAN,BENIGN,0.6767857142857143,LOW_CONFIDENCE,nist-sp-800-61r3-response|nist-sp-800-61r3-containment,0,0,0,0.0,0,2,0.0,0.0
16639,VULNERABILITYSCAN,BENIGN,0.6548672566371682,LOW_CONFIDENCE,nist-sp-800-61r3-response|nist-sp-800-61r3-containment,0,0,0,0.0,0,2,0.0,0.0
16644,VULNERABILITYSCAN,BENIGN,0.6666666666666667,LOW_CONFIDENCE,nist-sp-800-61r3-response|nist-sp-800-61r3-containment,0,0,0,0.0,0,2,0.0,0.0
16645,VULNERABILITYSCAN,BENIGN,0.6754966887417219,LOW_CONFIDENCE,nist-sp-800-61r3-response|nist-sp-800-61r3-containment,0,0,0,0.0,0,2,0.0,0.0
16647,VULNERABILITYSCAN,BENIGN,0.6767857142857143,LOW_CONFIDENCE,nist-sp-800-61r3-response|nist-sp-800-61r3-containment,0,0,0,0.0,0,2,0.0,0.0
16649,VULNERABILITYSCAN,BENIGN,0.6881188118811881,LOW_CONFIDENCE,nist-sp-800-61r3-response|nist-sp-800-61r3-containment,0,0,0,0.0,0,2,0.0,0.0
16650,VULNERABILITYSCAN,BENIGN,0.6767857142857143,LOW_CONFIDENCE,nist-sp-800-61r3-response|nist-sp-800-61r3-containment,0,0,0,0.0,0,2,0.0,0.0
16659,VULNERABILITYSCAN,BENIGN,0.6881188118811881,LOW_CONFIDENCE,nist-sp-800-61r3-response|nist-sp-800-61r3-containment|mitre-t1046-overview|mitre-t1498-detection,0,1,3,0.3333333333333333,1,4,0.25,0.25
16663,VULNERABILITYSCAN,BENIGN,0.5821917808219178,LOW_CONFIDENCE,nist-sp-800-61r3-response|nist-sp-800-61r3-containment,0,0,0,0.0,0,2,0.0,0.0
16669,VULNERABILITYSCAN,BENIGN,0.6754966887417219,LOW_CONFIDENCE,nist-sp-800-61r3-response|nist-sp-800-61r3-containment,0,0,0,0.0,0,2,0.0,0.0
16670,VULNERABILITYSCAN,BENIGN,0.6111111111111112,LOW_CONFIDENCE,nist-sp-800-61r3-response|nist-sp-800-61r3-containment,0,0,0,0.0,0,2,0.0,0.0
16671,VULNERABILITYSCAN,BENIGN,0.5865921787709497,LOW_CONFIDENCE,nist-sp-800-61r3-response|nist-sp-800-61r3-containment,0,0,0,0.0,0,2,0.0,0.0
16672,VULNERABILITYSCAN,BENIGN,0.5260663507109006,LOW_CONFIDENCE,nist-sp-800-61r3-response|nist-sp-800-61r3-containment,0,0,0,0.0,0,2,0.0,0.0
16673,VULNERABILITYSCAN,BENIGN,0.6548672566371682,LOW_CONFIDENCE,nist-sp-800-61r3-response|nist-sp-800-61r3-containment,0,0,0,0.0,0,2,0.0,0.0
16674,DNS_SPOOFING,BENIGN,0.5821917808219178,LOW_CONFIDENCE,nist-sp-800-61r3-response|nist-sp-800-61r3-containment,0,0,0,0.0,0,2,0.0,0.0
16678,VULNERABILITYSCAN,BENIGN,0.6767857142857143,LOW_CONFIDENCE,nist-sp-800-61r3-response|nist-sp-800-61r3-containment,0,0,0,0.0,0,2,0.0,0.0
16680,VULNERABILITYSCAN,BENIGN,0.625,LOW_CONFIDENCE,nist-sp-800-61r3-response|nist-sp-800-61r3-containment,0,0,0,0.0,0,2,0.0,0.0
16681,VULNERABILITYSCAN,BENIGN,0.6767857142857143,LOW_CONFIDENCE,nist-sp-800-61r3-response|nist-sp-800-61r3-containment,0,0,0,0.0,0,2,0.0,0.0
16684,VULNERABILITYSCAN,BENIGN,0.5433962264150943,LOW_CONFIDENCE,nist-sp-800-61r3-response|nist-sp-800-61r3-containment,0,0,0,0.0,0,2,0.0,0.0
16685,VULNERABILITYSCAN,BENIGN,0.5260663507109006,LOW_CONFIDENCE,nist-sp-800-61r3-response|nist-sp-800-61r3-containment,0,0,0,0.0,0,2,0.0,0.0
16686,DNS_SPOOFING,BENIGN,0.6282051282051282,LOW_CONFIDENCE,nist-sp-800-61r3-response|nist-sp-800-61r3-containment|mitre-t1046-overview|mitre-t1498-detection,0,0,0,0.0,0,4,0.0,0.0
16687,VULNERABILITYSCAN,BENIGN,0.5433962264150943,LOW_CONFIDENCE,nist-sp-800-61r3-response|nist-sp-800-61r3-containment,0,0,0,0.0,0,2,0.0,0.0
16688,VULNERABILITYSCAN,BENIGN,0.6881188118811881,LOW_CONFIDENCE,nist-sp-800-61r3-response|nist-sp-800-61r3-containment|mitre-t1046-overview|mitre-t1498-detection,0,1,3,0.3333333333333333,1,4,0.25,0.25
16691,VULNERABILITYSCAN,BENIGN,0.6111111111111112,LOW_CONFIDENCE,nist-sp-800-61r3-response|nist-sp-800-61r3-containment,0,0,0,0.0,0,2,0.0,0.0
16695,VULNERABILITYSCAN,BENIGN,0.6548672566371682,LOW_CONFIDENCE,nist-sp-800-61r3-response|nist-sp-800-61r3-containment,0,0,0,0.0,0,2,0.0,0.0
16696,VULNERABILITYSCAN,BENIGN,0.5821917808219178,LOW_CONFIDENCE,nist-sp-800-61r3-response|nist-sp-800-61r3-containment,0,0,0,0.0,0,2,0.0,0.0
16699,VULNERABILITYSCAN,BENIGN,0.5260663507109006,LOW_CONFIDENCE,nist-sp-800-61r3-response|nist-sp-800-61r3-containment,0,0,0,0.0,0,2,0.0,0.0
16700,VULNERABILITYSCAN,BENIGN,0.6767857142857143,LOW_CONFIDENCE,nist-sp-800-61r3-response|nist-sp-800-61r3-containment,0,0,0,0.0,0,2,0.0,0.0
16701,VULNERABILITYSCAN,BENIGN,0.6548672566371682,LOW_CONFIDENCE,nist-sp-800-61r3-response|nist-sp-800-61r3-containment,0,0,0,0.0,0,2,0.0,0.0
16702,VULNERABILITYSCAN,BENIGN,0.6111111111111112,LOW_CONFIDENCE,nist-sp-800-61r3-response|nist-sp-800-61r3-containment,0,0,0,0.0,0,2,0.0,0.0
16710,DNS_SPOOFING,BENIGN,0.5433962264150943,LOW_CONFIDENCE,nist-sp-800-61r3-response|nist-sp-800-61r3-containment,0,0,0,0.0,0,2,0.0,0.0
16711,VULNERABILITYSCAN,BENIGN,0.5433962264150943,LOW_CONFIDENCE,nist-sp-800-61r3-response|nist-sp-800-61r3-containment,0,0,0,0.0,0,2,0.0,0.0
16713,VULNERABILITYSCAN,BENIGN,0.6754966887417219,LOW_CONFIDENCE,nist-sp-800-61r3-response|nist-sp-800-61r3-containment|mitre-t1046-overview|mitre-t1498-detection,0,1,3,0.3333333333333333,1,4,0.25,0.25
16715,VULNERABILITYSCAN,BENIGN,0.6767857142857143,LOW_CONFIDENCE,nist-sp-800-61r3-response|nist-sp-800-61r3-containment,0,0,0,0.0,0,2,0.0,0.0
16716,VULNERABILITYSCAN,BENIGN,0.6666666666666667,LOW_CONFIDENCE,nist-sp-800-61r3-response|nist-sp-800-61r3-containment,0,0,0,0.0,0,2,0.0,0.0
16717,VULNERABILITYSCAN,BENIGN,0.6767857142857143,LOW_CONFIDENCE,nist-sp-800-61r3-response|nist-sp-800-61r3-containment,0,0,0,0.0,0,2,0.0,0.0
16719,VULNERABILITYSCAN,BENIGN,0.6767857142857143,LOW_CONFIDENCE,nist-sp-800-61r3-response|nist-sp-800-61r3-containment,0,0,0,0.0,0,2,0.0,0.0
16721,DNS_SPOOFING,BENIGN,0.6282051282051282,LOW_CONFIDENCE,nist-sp-800-61r3-response|nist-sp-800-61r3-containment|mitre-t1046-overview|mitre-t1498-detection,0,0,0,0.0,0,4,0.0,0.0
16727,VULNERABILITYSCAN,BENIGN,0.5865921787709497,LOW_CONFIDENCE,nist-sp-800-61r3-response|nist-sp-800-61r3-containment,0,0,0,0.0,0,2,0.0,0.0
16729,VULNERABILITYSCAN,BENIGN,0.5260663507109006,LOW_CONFIDENCE,nist-sp-800-61r3-response|nist-sp-800-61r3-containment|mitre-t1046-overview|mitre-t1498-detection,0,1,3,0.3333333333333333,1,4,0.25,0.25
16731,VULNERABILITYSCAN,BENIGN,0.6767857142857143,LOW_CONFIDENCE,nist-sp-800-61r3-response|nist-sp-800-61r3-containment,0,0,0,0.0,0,2,0.0,0.0
16735,VULNERABILITYSCAN,BENIGN,0.6111111111111112,LOW_CONFIDENCE,nist-sp-800-61r3-response|nist-sp-800-61r3-containment,0,0,0,0.0,0,2,0.0,0.0
16736,VULNERABILITYSCAN,BENIGN,0.5433962264150943,LOW_CONFIDENCE,nist-sp-800-61r3-response|nist-sp-800-61r3-containment,0,0,0,0.0,0,2,0.0,0.0
16739,VULNERABILITYSCAN,BENIGN,0.6111111111111112,LOW_CONFIDENCE,nist-sp-800-61r3-response|nist-sp-800-61r3-containment,0,0,0,0.0,0,2,0.0,0.0
16742,VULNERABILITYSCAN,BENIGN,0.6767857142857143,LOW_CONFIDENCE,nist-sp-800-61r3-response|nist-sp-800-61r3-containment,0,0,0,0.0,0,2,0.0,0.0
16743,VULNERABILITYSCAN,BENIGN,0.6767857142857143,LOW_CONFIDENCE,nist-sp-800-61r3-response|nist-sp-800-61r3-containment,0,0,0,0.0,0,2,0.0,0.0
16751,VULNERABILITYSCAN,BENIGN,0.6548672566371682,LOW_CONFIDENCE,nist-sp-800-61r3-response|nist-sp-800-61r3-containment|mitre-t1046-overview|mitre-t1498-detection,0,1,3,0.3333333333333333,1,4,0.25,0.25
16752,VULNERABILITYSCAN,BENIGN,0.625,LOW_CONFIDENCE,nist-sp-800-61r3-response|nist-sp-800-61r3-containment,0,0,0,0.0,0,2,0.0,0.0
16754,VULNERABILITYSCAN,BENIGN,0.5433962264150943,LOW_CONFIDENCE,nist-sp-800-61r3-response|nist-sp-800-61r3-containment|mitre-t1046-overview|mitre-t1498-detection,0,1,3,0.3333333333333333,1,4,0.25,0.25
16756,VULNERABILITYSCAN,BENIGN,0.6767857142857143,LOW_CONFIDENCE,nist-sp-800-61r3-response|nist-sp-800-61r3-containment,0,0,0,0.0,0,2,0.0,0.0
16758,VULNERABILITYSCAN,BENIGN,0.5865921787709497,LOW_CONFIDENCE,nist-sp-800-61r3-response|nist-sp-800-61r3-containment,0,0,0,0.0,0,2,0.0,0.0
16761,VULNERABILITYSCAN,BENIGN,0.625,LOW_CONFIDENCE,nist-sp-800-61r3-response|nist-sp-800-61r3-containment,0,0,0,0.0,0,2,0.0,0.0
16765,VULNERABILITYSCAN,BENIGN,0.5865921787709497,LOW_CONFIDENCE,nist-sp-800-61r3-response|nist-sp-800-61r3-containment,0,0,0,0.0,0,2,0.0,0.0
16767,DNS_SPOOFING,BENIGN,0.6111111111111112,LOW_CONFIDENCE,nist-sp-800-61r3-response|nist-sp-800-61r3-containment|mitre-t1046-overview|mitre-t1498-detection,0,0,0,0.0,0,4,0.0,0.0
16768,VULNERABILITYSCAN,BENIGN,0.6111111111111112,LOW_CONFIDENCE,nist-sp-800-61r3-response|nist-sp-800-61r3-containment|mitre-t1046-overview|mitre-t1498-detection,0,1,3,0.3333333333333333,1,4,0.25,0.25
16770,VULNERABILITYSCAN,BENIGN,0.5433962264150943,LOW_CONFIDENCE,nist-sp-800-61r3-response|nist-sp-800-61r3-containment,0,0,0,0.0,0,2,0.0,0.0
16774,VULNERABILITYSCAN,BENIGN,0.6111111111111112,LOW_CONFIDENCE,nist-sp-800-61r3-response|nist-sp-800-61r3-containment|mitre-t1046-overview|mitre-t1498-detection,0,1,3,0.3333333333333333,1,4,0.25,0.25
16775,VULNERABILITYSCAN,BENIGN,0.5865921787709497,LOW_CONFIDENCE,nist-sp-800-61r3-response|nist-sp-800-61r3-containment,0,0,0,0.0,0,2,0.0,0.0
16778,VULNERABILITYSCAN,BENIGN,0.5433962264150943,LOW_CONFIDENCE,nist-sp-800-61r3-response|nist-sp-800-61r3-containment,0,0,0,0.0,0,2,0.0,0.0
16783,DNS_SPOOFING,BENIGN,0.6767857142857143,LOW_CONFIDENCE,nist-sp-800-61r3-response|nist-sp-800-61r3-containment,0,0,0,0.0,0,2,0.0,0.0
16786,VULNERABILITYSCAN,BENIGN,0.6521739130434783,LOW_CONFIDENCE,nist-sp-800-61r3-response|nist-sp-800-61r3-containment,0,0,0,0.0,0,2,0.0,0.0
16791,DNS_SPOOFING,BENIGN,0.6881188118811881,LOW_CONFIDENCE,nist-sp-800-61r3-response|nist-sp-800-61r3-containment,0,0,0,0.0,0,2,0.0,0.0
16793,VULNERABILITYSCAN,BENIGN,0.6767857142857143,LOW_CONFIDENCE,nist-sp-800-61r3-response|nist-sp-800-61r3-containment,0,0,0,0.0,0,2,0.0,0.0
16794,VULNERABILITYSCAN,BENIGN,0.5260663507109006,LOW_CONFIDENCE,nist-sp-800-61r3-response|nist-sp-800-61r3-containment|mitre-t1046-overview|mitre-t1498-detection,0,1,3,0.3333333333333333,1,4,0.25,0.25
16796,VULNERABILITYSCAN,BENIGN,0.6881188118811881,LOW_CONFIDENCE,nist-sp-800-61r3-response|nist-sp-800-61r3-containment,0,0,0,0.0,0,2,0.0,0.0
16800,VULNERABILITYSCAN,BENIGN,0.5260663507109006,LOW_CONFIDENCE,nist-sp-800-61r3-response|nist-sp-800-61r3-containment|mitre-t1046-overview|mitre-t1498-detection,0,1,3,0.3333333333333333,1,4,0.25,0.25
16801,VULNERABILITYSCAN,BENIGN,0.5433962264150943,LOW_CONFIDENCE,nist-sp-800-61r3-response|nist-sp-800-61r3-containment|mitre-t1046-overview|mitre-t1498-detection,0,1,3,0.3333333333333333,1,4,0.25,0.25
16802,DNS_SPOOFING,BENIGN,0.6767857142857143,LOW_CONFIDENCE,nist-sp-800-61r3-response|nist-sp-800-61r3-containment,0,0,0,0.0,0,2,0.0,0.0
16804,VULNERABILITYSCAN,BENIGN,0.5260663507109006,LOW_CONFIDENCE,nist-sp-800-61r3-response|nist-sp-800-61r3-containment|mitre-t1046-overview|mitre-t1498-detection,0,1,3,0.3333333333333333,1,4,0.25,0.25
16806,VULNERABILITYSCAN,BENIGN,0.6881188118811881,LOW_CONFIDENCE,nist-sp-800-61r3-response|nist-sp-800-61r3-containment,0,0,0,0.0,0,2,0.0,0.0
16811,VULNERABILITYSCAN,BENIGN,0.5433962264150943,LOW_CONFIDENCE,nist-sp-800-61r3-response|nist-sp-800-61r3-containment,0,0,0,0.0,0,2,0.0,0.0
16814,VULNERABILITYSCAN,BENIGN,0.5433962264150943,LOW_CONFIDENCE,nist-sp-800-61r3-response|nist-sp-800-61r3-containment,0,0,0,0.0,0,2,0.0,0.0
16818,VULNERABILITYSCAN,BENIGN,0.5433962264150943,LOW_CONFIDENCE,nist-sp-800-61r3-response|nist-sp-800-61r3-containment|mitre-t1046-overview|mitre-t1498-detection,0,1,3,0.3333333333333333,1,4,0.25,0.25
16822,DNS_SPOOFING,BENIGN,0.6111111111111112,LOW_CONFIDENCE,nist-sp-800-61r3-response|nist-sp-800-61r3-containment,0,0,0,0.0,0,2,0.0,0.0
16823,VULNERABILITYSCAN,BENIGN,0.6754966887417219,LOW_CONFIDENCE,nist-sp-800-61r3-response|nist-sp-800-61r3-containment|mitre-t1046-overview|mitre-t1498-detection,0,1,3,0.3333333333333333,1,4,0.25,0.25
16826,VULNERABILITYSCAN,BENIGN,0.6548672566371682,LOW_CONFIDENCE,nist-sp-800-61r3-response|nist-sp-800-61r3-containment,0,0,0,0.0,0,2,0.0,0.0
16828,DNS_SPOOFING,BENIGN,0.6666666666666666,LOW_CONFIDENCE,nist-sp-800-61r3-response|nist-sp-800-61r3-containment|mitre-t1046-overview|mitre-t1498-detection,0,0,0,0.0,0,4,0.0,0.0
16829,VULNERABILITYSCAN,BENIGN,0.5260663507109006,LOW_CONFIDENCE,nist-sp-800-61r3-response|nist-sp-800-61r3-containment,0,0,0,0.0,0,2,0.0,0.0
16832,DNS_SPOOFING,BENIGN,0.6754966887417219,LOW_CONFIDENCE,nist-sp-800-61r3-response|nist-sp-800-61r3-containment|mitre-t1046-overview|mitre-t1498-detection,0,0,0,0.0,0,4,0.0,0.0
16833,VULNERABILITYSCAN,BENIGN,0.5433962264150943,LOW_CONFIDENCE,nist-sp-800-61r3-response|nist-sp-800-61r3-containment,0,0,0,0.0,0,2,0.0,0.0
16834,VULNERABILITYSCAN,BENIGN,0.5260663507109006,LOW_CONFIDENCE,nist-sp-800-61r3-response|nist-sp-800-61r3-containment,0,0,0,0.0,0,2,0.0,0.0
16835,VULNERABILITYSCAN,BENIGN,0.6548672566371682,LOW_CONFIDENCE,nist-sp-800-61r3-response|nist-sp-800-61r3-containment,0,0,0,0.0,0,2,0.0,0.0
16836,VULNERABILITYSCAN,BENIGN,0.6282051282051282,LOW_CONFIDENCE,nist-sp-800-61r3-response|nist-sp-800-61r3-containment,0,0,0,0.0,0,2,0.0,0.0
16837,VULNERABILITYSCAN,BENIGN,0.5433962264150943,LOW_CONFIDENCE,nist-sp-800-61r3-response|nist-sp-800-61r3-containment,0,0,0,0.0,0,2,0.0,0.0
16845,VULNERABILITYSCAN,BENIGN,0.6548672566371682,LOW_CONFIDENCE,nist-sp-800-61r3-response|nist-sp-800-61r3-containment,0,0,0,0.0,0,2,0.0,0.0
16848,VULNERABILITYSCAN,BENIGN,0.6111111111111112,LOW_CONFIDENCE,nist-sp-800-61r3-response|nist-sp-800-61r3-containment|mitre-t1046-overview|mitre-t1498-detection,0,1,3,0.3333333333333333,1,4,0.25,0.25
16851,VULNERABILITYSCAN,BENIGN,0.5260663507109006,LOW_CONFIDENCE,nist-sp-800-61r3-response|nist-sp-800-61r3-containment,0,0,0,0.0,0,2,0.0,0.0
16853,DNS_SPOOFING,BENIGN,0.6767857142857143,LOW_CONFIDENCE,nist-sp-800-61r3-response|nist-sp-800-61r3-containment,0,0,0,0.0,0,2,0.0,0.0
16855,VULNERABILITYSCAN,BENIGN,0.6767857142857143,LOW_CONFIDENCE,nist-sp-800-61r3-response|nist-sp-800-61r3-containment,0,0,0,0.0,0,2,0.0,0.0
16856,VULNERABILITYSCAN,BENIGN,0.625,LOW_CONFIDENCE,nist-sp-800-61r3-response|nist-sp-800-61r3-containment,0,0,0,0.0,0,2,0.0,0.0
16861,VULNERABILITYSCAN,BENIGN,0.6548672566371682,LOW_CONFIDENCE,nist-sp-800-61r3-response|nist-sp-800-61r3-containment,0,0,0,0.0,0,2,0.0,0.0
16863,VULNERABILITYSCAN,BENIGN,0.6282051282051282,LOW_CONFIDENCE,nist-sp-800-61r3-response|nist-sp-800-61r3-containment|mitre-t1046-overview|mitre-t1498-detection,0,1,3,0.3333333333333333,1,4,0.25,0.25
16867,VULNERABILITYSCAN,BENIGN,0.5865921787709497,LOW_CONFIDENCE,nist-sp-800-61r3-response|nist-sp-800-61r3-containment,0,0,0,0.0,0,2,0.0,0.0
16871,VULNERABILITYSCAN,BENIGN,0.5821917808219178,LOW_CONFIDENCE,nist-sp-800-61r3-response|nist-sp-800-61r3-containment,0,0,0,0.0,0,2,0.0,0.0
16872,VULNERABILITYSCAN,BENIGN,0.6111111111111112,LOW_CONFIDENCE,nist-sp-800-61r3-response|nist-sp-800-61r3-containment,0,0,0,0.0,0,2,0.0,0.0
16874,VULNERABILITYSCAN,BENIGN,0.5821917808219178,LOW_CONFIDENCE,nist-sp-800-61r3-response|nist-sp-800-61r3-containment,0,0,0,0.0,0,2,0.0,0.0
16876,VULNERABILITYSCAN,BENIGN,0.5260663507109006,LOW_CONFIDENCE,nist-sp-800-61r3-response|nist-sp-800-61r3-containment,0,0,0,0.0,0,2,0.0,0.0
16877,VULNERABILITYSCAN,BENIGN,0.6767857142857143,LOW_CONFIDENCE,nist-sp-800-61r3-response|nist-sp-800-61r3-containment,0,0,0,0.0,0,2,0.0,0.0
16878,VULNERABILITYSCAN,BENIGN,0.6767857142857143,LOW_CONFIDENCE,nist-sp-800-61r3-response|nist-sp-800-61r3-containment,0,0,0,0.0,0,2,0.0,0.0
16880,VULNERABILITYSCAN,BENIGN,0.5260663507109006,LOW_CONFIDENCE,nist-sp-800-61r3-response|nist-sp-800-61r3-containment,0,0,0,0.0,0,2,0.0,0.0
16881,VULNERABILITYSCAN,BENIGN,0.6754966887417219,LOW_CONFIDENCE,nist-sp-800-61r3-response|nist-sp-800-61r3-containment|mitre-t1046-overview|mitre-t1498-detection,0,1,3,0.3333333333333333,1,4,0.25,0.25
16888,VULNERABILITYSCAN,BENIGN,0.6767857142857143,LOW_CONFIDENCE,nist-sp-800-61r3-response|nist-sp-800-61r3-containment,0,0,0,0.0,0,2,0.0,0.0
16897,VULNERABILITYSCAN,BENIGN,0.6754966887417219,LOW_CONFIDENCE,nist-sp-800-61r3-response|nist-sp-800-61r3-containment|mitre-t1046-overview|mitre-t1498-detection,0,1,3,0.3333333333333333,1,4,0.25,0.25
16899,DNS_SPOOFING,BENIGN,0.5260663507109006,LOW_CONFIDENCE,nist-sp-800-61r3-response|nist-sp-800-61r3-containment|mitre-t1046-overview|mitre-t1498-detection,0,0,0,0.0,0,4,0.0,0.0
16900,VULNERABILITYSCAN,BENIGN,0.6754966887417219,LOW_CONFIDENCE,nist-sp-800-61r3-response|nist-sp-800-61r3-containment,0,0,0,0.0,0,2,0.0,0.0
16902,VULNERABILITYSCAN,BENIGN,0.5260663507109006,LOW_CONFIDENCE,nist-sp-800-61r3-response|nist-sp-800-61r3-containment|mitre-t1046-overview|mitre-t1498-detection,0,1,3,0.3333333333333333,1,4,0.25,0.25
16903,VULNERABILITYSCAN,BENIGN,0.6548672566371682,LOW_CONFIDENCE,nist-sp-800-61r3-response|nist-sp-800-61r3-containment,0,0,0,0.0,0,2,0.0,0.0
16904,VULNERABILITYSCAN,BENIGN,0.5260663507109006,LOW_CONFIDENCE,nist-sp-800-61r3-response|nist-sp-800-61r3-containment,0,0,0,0.0,0,2,0.0,0.0
16906,VULNERABILITYSCAN,BENIGN,0.6767857142857143,LOW_CONFIDENCE,nist-sp-800-61r3-response|nist-sp-800-61r3-containment,0,0,0,0.0,0,2,0.0,0.0
16911,VULNERABILITYSCAN,BENIGN,0.6111111111111112,LOW_CONFIDENCE,nist-sp-800-61r3-response|nist-sp-800-61r3-containment,0,0,0,0.0,0,2,0.0,0.0
16913,VULNERABILITYSCAN,BENIGN,0.5865921787709497,LOW_CONFIDENCE,nist-sp-800-61r3-response|nist-sp-800-61r3-containment,0,0,0,0.0,0,2,0.0,0.0
16914,VULNERABILITYSCAN,BENIGN,0.6111111111111112,LOW_CONFIDENCE,nist-sp-800-61r3-response|nist-sp-800-61r3-containment,0,0,0,0.0,0,2,0.0,0.0
16916,VULNERABILITYSCAN,BENIGN,0.5260663507109006,LOW_CONFIDENCE,nist-sp-800-61r3-response|nist-sp-800-61r3-containment,0,0,0,0.0,0,2,0.0,0.0
16919,VULNERABILITYSCAN,BENIGN,0.6767857142857143,LOW_CONFIDENCE,nist-sp-800-61r3-response|nist-sp-800-61r3-containment,0,0,0,0.0,0,2,0.0,0.0
16921,VULNERABILITYSCAN,BENIGN,0.6521739130434783,LOW_CONFIDENCE,nist-sp-800-61r3-response|nist-sp-800-61r3-containment,0,0,0,0.0,0,2,0.0,0.0
16928,VULNERABILITYSCAN,BENIGN,0.6767857142857143,LOW_CONFIDENCE,nist-sp-800-61r3-response|nist-sp-800-61r3-containment,0,0,0,0.0,0,2,0.0,0.0
16929,VULNERABILITYSCAN,BENIGN,0.6548672566371682,LOW_CONFIDENCE,nist-sp-800-61r3-response|nist-sp-800-61r3-containment,0,0,0,0.0,0,2,0.0,0.0
16933,VULNERABILITYSCAN,BENIGN,0.625,LOW_CONFIDENCE,nist-sp-800-61r3-response|nist-sp-800-61r3-containment,0,0,0,0.0,0,2,0.0,0.0
16935,VULNERABILITYSCAN,BENIGN,0.5433962264150943,LOW_CONFIDENCE,nist-sp-800-61r3-response|nist-sp-800-61r3-containment,0,0,0,0.0,0,2,0.0,0.0
16939,VULNERABILITYSCAN,BENIGN,0.5433962264150943,LOW_CONFIDENCE,nist-sp-800-61r3-response|mitre-t1557-001-indicators|nist-sp-800-61r3-containment,0,0,0,0.0,0,3,0.0,0.0
16941,VULNERABILITYSCAN,BENIGN,0.6767857142857143,LOW_CONFIDENCE,nist-sp-800-61r3-response|nist-sp-800-61r3-containment,0,0,0,0.0,0,2,0.0,0.0
16944,VULNERABILITYSCAN,BENIGN,0.6767857142857143,LOW_CONFIDENCE,nist-sp-800-61r3-response|nist-sp-800-61r3-containment,0,0,0,0.0,0,2,0.0,0.0
16946,VULNERABILITYSCAN,BENIGN,0.6548672566371682,LOW_CONFIDENCE,nist-sp-800-61r3-response|nist-sp-800-61r3-containment,0,0,0,0.0,0,2,0.0,0.0
16950,VULNERABILITYSCAN,BENIGN,0.5433962264150943,LOW_CONFIDENCE,nist-sp-800-61r3-response|nist-sp-800-61r3-containment,0,0,0,0.0,0,2,0.0,0.0
16952,VULNERABILITYSCAN,BENIGN,0.5260663507109006,LOW_CONFIDENCE,nist-sp-800-61r3-response|nist-sp-800-61r3-containment|mitre-t1046-overview|mitre-t1498-detection,0,1,3,0.3333333333333333,1,4,0.25,0.25
16953,VULNERABILITYSCAN,BENIGN,0.6548672566371682,LOW_CONFIDENCE,nist-sp-800-61r3-response|nist-sp-800-61r3-containment,0,0,0,0.0,0,2,0.0,0.0
16954,VULNERABILITYSCAN,BENIGN,0.6548672566371682,LOW_CONFIDENCE,nist-sp-800-61r3-response|nist-sp-800-61r3-containment,0,0,0,0.0,0,2,0.0,0.0
16955,VULNERABILITYSCAN,BENIGN,0.6881188118811881,LOW_CONFIDENCE,nist-sp-800-61r3-response|nist-sp-800-61r3-containment|mitre-t1046-overview|mitre-t1498-detection,0,1,3,0.3333333333333333,1,4,0.25,0.25
16956,VULNERABILITYSCAN,BENIGN,0.5433962264150943,LOW_CONFIDENCE,nist-sp-800-61r3-response|nist-sp-800-61r3-containment,0,0,0,0.0,0,2,0.0,0.0
16959,VULNERABILITYSCAN,BENIGN,0.5865921787709497,LOW_CONFIDENCE,nist-sp-800-61r3-response|nist-sp-800-61r3-containment|mitre-t1046-overview|mitre-t1498-detection,0,1,3,0.3333333333333333,1,4,0.25,0.25
16973,VULNERABILITYSCAN,BENIGN,0.6666666666666667,LOW_CONFIDENCE,nist-sp-800-61r3-response|nist-sp-800-61r3-containment,0,0,0,0.0,0,2,0.0,0.0
16979,VULNERABILITYSCAN,BENIGN,0.5433962264150943,LOW_CONFIDENCE,nist-sp-800-61r3-response|nist-sp-800-61r3-containment,0,0,0,0.0,0,2,0.0,0.0
16982,VULNERABILITYSCAN,BENIGN,0.5433962264150943,LOW_CONFIDENCE,nist-sp-800-61r3-response|nist-sp-800-61r3-containment,0,0,0,0.0,0,2,0.0,0.0
16984,VULNERABILITYSCAN,BENIGN,0.5865921787709497,LOW_CONFIDENCE,nist-sp-800-61r3-response|nist-sp-800-61r3-containment,0,0,0,0.0,0,2,0.0,0.0
16986,VULNERABILITYSCAN,BENIGN,0.6767857142857143,LOW_CONFIDENCE,nist-sp-800-61r3-response|nist-sp-800-61r3-containment,0,0,0,0.0,0,2,0.0,0.0
16988,VULNERABILITYSCAN,BENIGN,0.5433962264150943,LOW_CONFIDENCE,nist-sp-800-61r3-response|nist-sp-800-61r3-containment,0,0,0,0.0,0,2,0.0,0.0
16989,VULNERABILITYSCAN,BENIGN,0.6767857142857143,LOW_CONFIDENCE,nist-sp-800-61r3-response|nist-sp-800-61r3-containment,0,0,0,0.0,0,2,0.0,0.0
16991,VULNERABILITYSCAN,BENIGN,0.5865921787709497,LOW_CONFIDENCE,nist-sp-800-61r3-response|nist-sp-800-61r3-containment,0,0,0,0.0,0,2,0.0,0.0
16993,VULNERABILITYSCAN,BENIGN,0.6767857142857143,LOW_CONFIDENCE,nist-sp-800-61r3-response|nist-sp-800-61r3-containment,0,0,0,0.0,0,2,0.0,0.0
16996,VULNERABILITYSCAN,BENIGN,0.5433962264150943,LOW_CONFIDENCE,nist-sp-800-61r3-response|nist-sp-800-61r3-containment,0,0,0,0.0,0,2,0.0,0.0
16999,VULNERABILITYSCAN,BENIGN,0.6548672566371682,LOW_CONFIDENCE,nist-sp-800-61r3-response|nist-sp-800-61r3-containment,0,0,0,0.0,0,2,0.0,0.0
17006,VULNERABILITYSCAN,BENIGN,0.5433962264150943,LOW_CONFIDENCE,nist-sp-800-61r3-response|mitre-t1557-001-indicators|nist-sp-800-61r3-containment,0,0,0,0.0,0,3,0.0,0.0
17007,DNS_SPOOFING,BENIGN,0.5260663507109006,LOW_CONFIDENCE,nist-sp-800-61r3-response|nist-sp-800-61r3-containment|mitre-t1046-overview|mitre-t1498-detection,0,0,0,0.0,0,4,0.0,0.0
17009,DNS_SPOOFING,BENIGN,0.6548672566371682,LOW_CONFIDENCE,nist-sp-800-61r3-response|nist-sp-800-61r3-containment|mitre-t1046-overview|mitre-t1498-detection,0,0,0,0.0,0,4,0.0,0.0
17013,VULNERABILITYSCAN,BENIGN,0.6767857142857143,LOW_CONFIDENCE,nist-sp-800-61r3-response|nist-sp-800-61r3-containment,0,0,0,0.0,0,2,0.0,0.0
17016,VULNERABILITYSCAN,BENIGN,0.5260663507109006,LOW_CONFIDENCE,nist-sp-800-61r3-response|nist-sp-800-61r3-containment|mitre-t1046-overview|mitre-t1498-detection,0,1,3,0.3333333333333333,1,4,0.25,0.25
17017,VULNERABILITYSCAN,BENIGN,0.5433962264150943,LOW_CONFIDENCE,nist-sp-800-61r3-response|nist-sp-800-61r3-containment,0,0,0,0.0,0,2,0.0,0.0
17018,VULNERABILITYSCAN,BENIGN,0.5821917808219178,LOW_CONFIDENCE,nist-sp-800-61r3-response|nist-sp-800-61r3-containment|mitre-t1046-overview|mitre-t1498-detection,0,1,3,0.3333333333333333,1,4,0.25,0.25
17020,VULNERABILITYSCAN,BENIGN,0.5865921787709497,LOW_CONFIDENCE,nist-sp-800-61r3-response|nist-sp-800-61r3-containment,0,0,0,0.0,0,2,0.0,0.0
17023,VULNERABILITYSCAN,BENIGN,0.5865921787709497,LOW_CONFIDENCE,nist-sp-800-61r3-response|nist-sp-800-61r3-containment,0,0,0,0.0,0,2,0.0,0.0
17027,VULNERABILITYSCAN,BENIGN,0.6754966887417219,LOW_CONFIDENCE,nist-sp-800-61r3-response|nist-sp-800-61r3-containment,0,0,0,0.0,0,2,0.0,0.0
17028,VULNERABILITYSCAN,BENIGN,0.5260663507109006,LOW_CONFIDENCE,nist-sp-800-61r3-response|nist-sp-800-61r3-containment,0,0,0,0.0,0,2,0.0,0.0
17030,VULNERABILITYSCAN,BENIGN,0.6754966887417219,LOW_CONFIDENCE,nist-sp-800-61r3-response|nist-sp-800-61r3-containment|mitre-t1046-overview|mitre-t1498-detection,0,1,3,0.3333333333333333,1,4,0.25,0.25
17031,VULNERABILITYSCAN,BENIGN,0.6754966887417219,LOW_CONFIDENCE,nist-sp-800-61r3-response|nist-sp-800-61r3-containment|mitre-t1046-overview|mitre-t1498-detection,0,1,3,0.3333333333333333,1,4,0.25,0.25
17035,VULNERABILITYSCAN,BENIGN,0.5260663507109006,LOW_CONFIDENCE,nist-sp-800-61r3-response|nist-sp-800-61r3-containment|mitre-t1046-overview|mitre-t1498-detection,0,1,3,0.3333333333333333,1,4,0.25,0.25
17036,VULNERABILITYSCAN,BENIGN,0.5865921787709497,LOW_CONFIDENCE,nist-sp-800-61r3-response|nist-sp-800-61r3-containment,0,0,0,0.0,0,2,0.0,0.0
17042,VULNERABILITYSCAN,BENIGN,0.6767857142857143,LOW_CONFIDENCE,nist-sp-800-61r3-response|nist-sp-800-61r3-containment,0,0,0,0.0,0,2,0.0,0.0
17043,VULNERABILITYSCAN,BENIGN,0.6548672566371682,LOW_CONFIDENCE,nist-sp-800-61r3-response|nist-sp-800-61r3-containment,0,0,0,0.0,0,2,0.0,0.0
17046,VULNERABILITYSCAN,BENIGN,0.6548672566371682,LOW_CONFIDENCE,nist-sp-800-61r3-response|nist-sp-800-61r3-containment,0,0,0,0.0,0,2,0.0,0.0
17047,VULNERABILITYSCAN,BENIGN,0.6767857142857143,LOW_CONFIDENCE,nist-sp-800-61r3-response|nist-sp-800-61r3-containment|mitre-t1046-overview|mitre-t1498-detection,0,1,3,0.3333333333333333,1,4,0.25,0.25
17048,DNS_SPOOFING,BENIGN,0.6881188118811881,LOW_CONFIDENCE,nist-sp-800-61r3-response|nist-sp-800-61r3-containment|mitre-t1046-overview|mitre-t1498-detection,0,0,0,0.0,0,4,0.0,0.0
17051,VULNERABILITYSCAN,BENIGN,0.5865921787709497,LOW_CONFIDENCE,nist-sp-800-61r3-response|mitre-t1557-001-indicators|nist-sp-800-61r3-containment,0,0,0,0.0,0,3,0.0,0.0
17054,VULNERABILITYSCAN,BENIGN,0.6111111111111112,LOW_CONFIDENCE,nist-sp-800-61r3-response|nist-sp-800-61r3-containment,0,0,0,0.0,0,2,0.0,0.0
17057,VULNERABILITYSCAN,BENIGN,0.625,LOW_CONFIDENCE,nist-sp-800-61r3-response|nist-sp-800-61r3-containment|mitre-t1046-overview|mitre-t1498-detection,0,1,3,0.3333333333333333,1,4,0.25,0.25
17058,VULNERABILITYSCAN,BENIGN,0.6767857142857143,LOW_CONFIDENCE,nist-sp-800-61r3-response|nist-sp-800-61r3-containment,0,0,0,0.0,0,2,0.0,0.0
17060,DNS_SPOOFING,BENIGN,0.6111111111111112,LOW_CONFIDENCE,nist-sp-800-61r3-response|nist-sp-800-61r3-containment|mitre-t1046-overview|mitre-t1498-detection,0,0,0,0.0,0,4,0.0,0.0
17062,VULNERABILITYSCAN,BENIGN,0.6767857142857143,LOW_CONFIDENCE,nist-sp-800-61r3-response|nist-sp-800-61r3-containment,0,0,0,0.0,0,2,0.0,0.0
17064,VULNERABILITYSCAN,BENIGN,0.5260663507109006,LOW_CONFIDENCE,nist-sp-800-61r3-response|nist-sp-800-61r3-containment,0,0,0,0.0,0,2,0.0,0.0
17066,VULNERABILITYSCAN,BENIGN,0.6767857142857143,LOW_CONFIDENCE,nist-sp-800-61r3-response|nist-sp-800-61r3-containment,0,0,0,0.0,0,2,0.0,0.0
17068,VULNERABILITYSCAN,BENIGN,0.5433962264150943,LOW_CONFIDENCE,nist-sp-800-61r3-response|nist-sp-800-61r3-containment|mitre-t1046-overview|mitre-t1498-detection,0,1,3,0.3333333333333333,1,4,0.25,0.25
17070,VULNERABILITYSCAN,BENIGN,0.6881188118811881,LOW_CONFIDENCE,nist-sp-800-61r3-response|nist-sp-800-61r3-containment,0,0,0,0.0,0,2,0.0,0.0
17080,VULNERABILITYSCAN,BENIGN,0.6111111111111112,LOW_CONFIDENCE,nist-sp-800-61r3-response|nist-sp-800-61r3-containment,0,0,0,0.0,0,2,0.0,0.0
17081,VULNERABILITYSCAN,BENIGN,0.6548672566371682,LOW_CONFIDENCE,nist-sp-800-61r3-response|nist-sp-800-61r3-containment,0,0,0,0.0,0,2,0.0,0.0
17087,VULNERABILITYSCAN,BENIGN,0.6548672566371682,LOW_CONFIDENCE,nist-sp-800-61r3-response|nist-sp-800-61r3-containment,0,0,0,0.0,0,2,0.0,0.0
17088,VULNERABILITYSCAN,BENIGN,0.6754966887417219,LOW_CONFIDENCE,nist-sp-800-61r3-response|nist-sp-800-61r3-containment|mitre-t1046-overview|mitre-t1498-detection,0,1,3,0.3333333333333333,1,4,0.25,0.25
17091,VULNERABILITYSCAN,BENIGN,0.6767857142857143,LOW_CONFIDENCE,nist-sp-800-61r3-response|nist-sp-800-61r3-containment,0,0,0,0.0,0,2,0.0,0.0
17092,VULNERABILITYSCAN,BENIGN,0.5260663507109006,LOW_CONFIDENCE,nist-sp-800-61r3-response|nist-sp-800-61r3-containment,0,0,0,0.0,0,2,0.0,0.0
17093,VULNERABILITYSCAN,BENIGN,0.6282051282051282,LOW_CONFIDENCE,nist-sp-800-61r3-response|nist-sp-800-61r3-containment|mitre-t1046-overview|mitre-t1498-detection,0,1,3,0.3333333333333333,1,4,0.25,0.25
17095,VULNERABILITYSCAN,BENIGN,0.5821917808219178,LOW_CONFIDENCE,nist-sp-800-61r3-response|nist-sp-800-61r3-containment,0,0,0,0.0,0,2,0.0,0.0
17097,DNS_SPOOFING,BENIGN,0.625,LOW_CONFIDENCE,nist-sp-800-61r3-response|nist-sp-800-61r3-containment|mitre-t1046-overview|mitre-t1498-detection,0,0,0,0.0,0,4,0.0,0.0
17098,VULNERABILITYSCAN,BENIGN,0.6881188118811881,LOW_CONFIDENCE,nist-sp-800-61r3-response|nist-sp-800-61r3-containment|mitre-t1046-overview|mitre-t1498-detection,0,1,3,0.3333333333333333,1,4,0.25,0.25
17101,VULNERABILITYSCAN,BENIGN,0.5821917808219178,LOW_CONFIDENCE,nist-sp-800-61r3-response|nist-sp-800-61r3-containment,0,0,0,0.0,0,2,0.0,0.0
17102,VULNERABILITYSCAN,BENIGN,0.5433962264150943,LOW_CONFIDENCE,nist-sp-800-61r3-response|nist-sp-800-61r3-containment|mitre-t1046-overview|mitre-t1498-detection,0,1,3,0.3333333333333333,1,4,0.25,0.25
17105,VULNERABILITYSCAN,BENIGN,0.6111111111111112,LOW_CONFIDENCE,nist-sp-800-61r3-response|nist-sp-800-61r3-containment,0,0,0,0.0,0,2,0.0,0.0
17106,VULNERABILITYSCAN,BENIGN,0.6767857142857143,LOW_CONFIDENCE,nist-sp-800-61r3-response|nist-sp-800-61r3-containment,0,0,0,0.0,0,2,0.0,0.0
17108,VULNERABILITYSCAN,BENIGN,0.5433962264150943,LOW_CONFIDENCE,nist-sp-800-61r3-response|nist-sp-800-61r3-containment,0,0,0,0.0,0,2,0.0,0.0
17109,VULNERABILITYSCAN,BENIGN,0.6767857142857143,LOW_CONFIDENCE,nist-sp-800-61r3-response|nist-sp-800-61r3-containment,0,0,0,0.0,0,2,0.0,0.0
17110,VULNERABILITYSCAN,BENIGN,0.6767857142857143,LOW_CONFIDENCE,nist-sp-800-61r3-response|nist-sp-800-61r3-containment,0,0,0,0.0,0,2,0.0,0.0
17115,VULNERABILITYSCAN,BENIGN,0.6548672566371682,LOW_CONFIDENCE,nist-sp-800-61r3-response|nist-sp-800-61r3-containment,0,0,0,0.0,0,2,0.0,0.0
17118,VULNERABILITYSCAN,BENIGN,0.6881188118811881,LOW_CONFIDENCE,nist-sp-800-61r3-response|nist-sp-800-61r3-containment|mitre-t1046-overview|mitre-t1498-detection,0,1,3,0.3333333333333333,1,4,0.25,0.25
17119,VULNERABILITYSCAN,BENIGN,0.6767857142857143,LOW_CONFIDENCE,nist-sp-800-61r3-response|nist-sp-800-61r3-containment,0,0,0,0.0,0,2,0.0,0.0
17125,VULNERABILITYSCAN,BENIGN,0.6548672566371682,LOW_CONFIDENCE,nist-sp-800-61r3-response|nist-sp-800-61r3-containment,0,0,0,0.0,0,2,0.0,0.0
17126,DNS_SPOOFING,BENIGN,0.5821917808219178,LOW_CONFIDENCE,nist-sp-800-61r3-response|nist-sp-800-61r3-containment|mitre-t1046-overview|mitre-t1498-detection,0,0,0,0.0,0,4,0.0,0.0
17130,VULNERABILITYSCAN,BENIGN,0.5260663507109006,LOW_CONFIDENCE,nist-sp-800-61r3-response|nist-sp-800-61r3-containment,0,0,0,0.0,0,2,0.0,0.0
17134,VULNERABILITYSCAN,BENIGN,0.5821917808219178,LOW_CONFIDENCE,nist-sp-800-61r3-response|nist-sp-800-61r3-containment,0,0,0,0.0,0,2,0.0,0.0
17147,VULNERABILITYSCAN,BENIGN,0.6548672566371682,LOW_CONFIDENCE,nist-sp-800-61r3-response|nist-sp-800-61r3-containment,0,0,0,0.0,0,2,0.0,0.0
17149,VULNERABILITYSCAN,BENIGN,0.6548672566371682,LOW_CONFIDENCE,nist-sp-800-61r3-response|nist-sp-800-61r3-containment,0,0,0,0.0,0,2,0.0,0.0
17151,VULNERABILITYSCAN,BENIGN,0.6548672566371682,LOW_CONFIDENCE,nist-sp-800-61r3-response|nist-sp-800-61r3-containment,0,0,0,0.0,0,2,0.0,0.0
17154,VULNERABILITYSCAN,BENIGN,0.5865921787709497,LOW_CONFIDENCE,nist-sp-800-61r3-response|nist-sp-800-61r3-containment,0,0,0,0.0,0,2,0.0,0.0
17157,VULNERABILITYSCAN,BENIGN,0.6767857142857143,LOW_CONFIDENCE,nist-sp-800-61r3-response|nist-sp-800-61r3-containment,0,0,0,0.0,0,2,0.0,0.0
17164,VULNERABILITYSCAN,BENIGN,0.6666666666666667,LOW_CONFIDENCE,nist-sp-800-61r3-response|nist-sp-800-61r3-containment,0,0,0,0.0,0,2,0.0,0.0
17165,VULNERABILITYSCAN,BENIGN,0.5433962264150943,LOW_CONFIDENCE,nist-sp-800-61r3-response|nist-sp-800-61r3-containment,0,0,0,0.0,0,2,0.0,0.0
17170,VULNERABILITYSCAN,BENIGN,0.6767857142857143,LOW_CONFIDENCE,nist-sp-800-61r3-response|nist-sp-800-61r3-containment,0,0,0,0.0,0,2,0.0,0.0
17172,VULNERABILITYSCAN,BENIGN,0.6111111111111112,LOW_CONFIDENCE,nist-sp-800-61r3-response|nist-sp-800-61r3-containment,0,0,0,0.0,0,2,0.0,0.0
17173,VULNERABILITYSCAN,BENIGN,0.6881188118811881,LOW_CONFIDENCE,nist-sp-800-61r3-response|nist-sp-800-61r3-containment,0,0,0,0.0,0,2,0.0,0.0
17174,VULNERABILITYSCAN,BENIGN,0.6767857142857143,LOW_CONFIDENCE,nist-sp-800-61r3-response|nist-sp-800-61r3-containment,0,0,0,0.0,0,2,0.0,0.0
17175,VULNERABILITYSCAN,BENIGN,0.6767857142857143,LOW_CONFIDENCE,nist-sp-800-61r3-response|nist-sp-800-61r3-containment,0,0,0,0.0,0,2,0.0,0.0
17178,VULNERABILITYSCAN,BENIGN,0.6767857142857143,LOW_CONFIDENCE,nist-sp-800-61r3-response|nist-sp-800-61r3-containment,0,0,0,0.0,0,2,0.0,0.0
17180,VULNERABILITYSCAN,BENIGN,0.6239366305255047,LOW_CONFIDENCE,nist-sp-800-61r3-response|nist-sp-800-61r3-containment|mitre-t1046-overview|mitre-t1498-detection,0,1,3,0.3333333333333333,1,4,0.25,0.25
17184,VULNERABILITYSCAN,BENIGN,0.6111111111111112,LOW_CONFIDENCE,nist-sp-800-61r3-response|nist-sp-800-61r3-containment,0,0,0,0.0,0,2,0.0,0.0
17188,VULNERABILITYSCAN,BENIGN,0.6754966887417219,LOW_CONFIDENCE,nist-sp-800-61r3-response|nist-sp-800-61r3-containment|mitre-t1046-overview|mitre-t1498-detection,0,1,3,0.3333333333333333,1,4,0.25,0.25
17189,VULNERABILITYSCAN,BENIGN,0.5821917808219178,LOW_CONFIDENCE,nist-sp-800-61r3-response|nist-sp-800-61r3-containment,0,0,0,0.0,0,2,0.0,0.0
17192,VULNERABILITYSCAN,BENIGN,0.6111111111111112,LOW_CONFIDENCE,nist-sp-800-61r3-response|nist-sp-800-61r3-containment,0,0,0,0.0,0,2,0.0,0.0
17195,VULNERABILITYSCAN,BENIGN,0.5865921787709497,LOW_CONFIDENCE,nist-sp-800-61r3-response|nist-sp-800-61r3-containment,0,0,0,0.0,0,2,0.0,0.0
17196,VULNERABILITYSCAN,BENIGN,0.6111111111111112,LOW_CONFIDENCE,nist-sp-800-61r3-response|nist-sp-800-61r3-containment,0,0,0,0.0,0,2,0.0,0.0
17197,DNS_SPOOFING,BENIGN,0.5821917808219178,LOW_CONFIDENCE,nist-sp-800-61r3-response|nist-sp-800-61r3-containment,0,0,0,0.0,0,2,0.0,0.0
17203,DNS_SPOOFING,BENIGN,0.5821917808219178,LOW_CONFIDENCE,nist-sp-800-61r3-response|nist-sp-800-61r3-containment,0,0,0,0.0,0,2,0.0,0.0
17206,VULNERABILITYSCAN,BENIGN,0.6881188118811881,LOW_CONFIDENCE,nist-sp-800-61r3-response|nist-sp-800-61r3-containment|mitre-t1046-overview|mitre-t1498-detection,0,1,3,0.3333333333333333,1,4,0.25,0.25
17209,VULNERABILITYSCAN,BENIGN,0.5260663507109006,LOW_CONFIDENCE,nist-sp-800-61r3-response|nist-sp-800-61r3-containment|mitre-t1046-overview|mitre-t1498-detection,0,1,3,0.3333333333333333,1,4,0.25,0.25
17212,VULNERABILITYSCAN,BENIGN,0.6767857142857143,LOW_CONFIDENCE,nist-sp-800-61r3-response|nist-sp-800-61r3-containment,0,0,0,0.0,0,2,0.0,0.0
17213,VULNERABILITYSCAN,BENIGN,0.6767857142857143,LOW_CONFIDENCE,nist-sp-800-61r3-response|nist-sp-800-61r3-containment,0,0,0,0.0,0,2,0.0,0.0
17214,VULNERABILITYSCAN,BENIGN,0.6767857142857143,LOW_CONFIDENCE,nist-sp-800-61r3-response|nist-sp-800-61r3-containment,0,0,0,0.0,0,2,0.0,0.0
17215,VULNERABILITYSCAN,BENIGN,0.6111111111111112,LOW_CONFIDENCE,nist-sp-800-61r3-response|nist-sp-800-61r3-containment,0,0,0,0.0,0,2,0.0,0.0
17223,VULNERABILITYSCAN,BENIGN,0.5260663507109006,LOW_CONFIDENCE,nist-sp-800-61r3-response|nist-sp-800-61r3-containment|mitre-t1046-overview|mitre-t1498-detection,0,1,3,0.3333333333333333,1,4,0.25,0.25
17224,VULNERABILITYSCAN,BENIGN,0.6767857142857143,LOW_CONFIDENCE,nist-sp-800-61r3-response|nist-sp-800-61r3-containment,0,0,0,0.0,0,2,0.0,0.0
17226,VULNERABILITYSCAN,BENIGN,0.5621416940046478,LOW_CONFIDENCE,nist-sp-800-61r3-response|nist-sp-800-61r3-containment,0,0,0,0.0,0,2,0.0,0.0
17228,VULNERABILITYSCAN,BENIGN,0.6767857142857143,LOW_CONFIDENCE,nist-sp-800-61r3-response|nist-sp-800-61r3-containment,0,0,0,0.0,0,2,0.0,0.0
17229,VULNERABILITYSCAN,BENIGN,0.6767857142857143,LOW_CONFIDENCE,nist-sp-800-61r3-response|nist-sp-800-61r3-containment|mitre-t1046-overview|mitre-t1498-detection,0,1,3,0.3333333333333333,1,4,0.25,0.25
17230,VULNERABILITYSCAN,BENIGN,0.6881188118811881,LOW_CONFIDENCE,nist-sp-800-61r3-response|nist-sp-800-61r3-containment,0,0,0,0.0,0,2,0.0,0.0
17233,VULNERABILITYSCAN,BENIGN,0.6548672566371682,LOW_CONFIDENCE,nist-sp-800-61r3-response|nist-sp-800-61r3-containment,0,0,0,0.0,0,2,0.0,0.0
17234,VULNERABILITYSCAN,BENIGN,0.6767857142857143,LOW_CONFIDENCE,nist-sp-800-61r3-response|nist-sp-800-61r3-containment|mitre-t1046-overview|mitre-t1498-detection,0,1,3,0.3333333333333333,1,4,0.25,0.25
17236,VULNERABILITYSCAN,BENIGN,0.5433962264150943,LOW_CONFIDENCE,nist-sp-800-61r3-response|nist-sp-800-61r3-containment,0,0,0,0.0,0,2,0.0,0.0
17239,VULNERABILITYSCAN,BENIGN,0.5865921787709497,LOW_CONFIDENCE,nist-sp-800-61r3-response|nist-sp-800-61r3-containment,0,0,0,0.0,0,2,0.0,0.0
17240,VULNERABILITYSCAN,BENIGN,0.5865921787709497,LOW_CONFIDENCE,nist-sp-800-61r3-response|nist-sp-800-61r3-containment,0,0,0,0.0,0,2,0.0,0.0
17241,VULNERABILITYSCAN,BENIGN,0.6767857142857143,LOW_CONFIDENCE,nist-sp-800-61r3-response|nist-sp-800-61r3-containment,0,0,0,0.0,0,2,0.0,0.0
17242,VULNERABILITYSCAN,BENIGN,0.6767857142857143,LOW_CONFIDENCE,nist-sp-800-61r3-response|nist-sp-800-61r3-containment,0,0,0,0.0,0,2,0.0,0.0
17246,VULNERABILITYSCAN,BENIGN,0.6767857142857143,LOW_CONFIDENCE,nist-sp-800-61r3-response|nist-sp-800-61r3-containment,0,0,0,0.0,0,2,0.0,0.0
17259,VULNERABILITYSCAN,BENIGN,0.5433962264150943,LOW_CONFIDENCE,nist-sp-800-61r3-response|nist-sp-800-61r3-containment,0,0,0,0.0,0,2,0.0,0.0
17262,VULNERABILITYSCAN,BENIGN,0.5433962264150943,LOW_CONFIDENCE,nist-sp-800-61r3-response|nist-sp-800-61r3-containment,0,0,0,0.0,0,2,0.0,0.0
17269,VULNERABILITYSCAN,BENIGN,0.6767857142857143,LOW_CONFIDENCE,nist-sp-800-61r3-response|nist-sp-800-61r3-containment,0,0,0,0.0,0,2,0.0,0.0
17271,VULNERABILITYSCAN,BENIGN,0.6282051282051282,LOW_CONFIDENCE,nist-sp-800-61r3-response|nist-sp-800-61r3-containment|mitre-t1046-overview|mitre-t1498-detection,0,1,3,0.3333333333333333,1,4,0.25,0.25
17272,VULNERABILITYSCAN,BENIGN,0.6881188118811881,LOW_CONFIDENCE,nist-sp-800-61r3-response|nist-sp-800-61r3-containment|mitre-t1046-overview|mitre-t1498-detection,0,1,3,0.3333333333333333,1,4,0.25,0.25
17274,VULNERABILITYSCAN,BENIGN,0.625,LOW_CONFIDENCE,nist-sp-800-61r3-response|nist-sp-800-61r3-containment,0,0,0,0.0,0,2,0.0,0.0
17275,VULNERABILITYSCAN,BENIGN,0.5821917808219178,LOW_CONFIDENCE,nist-sp-800-61r3-response|nist-sp-800-61r3-containment|mitre-t1046-overview|mitre-t1498-detection,0,1,3,0.3333333333333333,1,4,0.25,0.25
17278,VULNERABILITYSCAN,BENIGN,0.5821917808219178,LOW_CONFIDENCE,nist-sp-800-61r3-response|nist-sp-800-61r3-containment,0,0,0,0.0,0,2,0.0,0.0
17280,VULNERABILITYSCAN,BENIGN,0.6111111111111112,LOW_CONFIDENCE,nist-sp-800-61r3-response|nist-sp-800-61r3-containment,0,0,0,0.0,0,2,0.0,0.0
17286,VULNERABILITYSCAN,BENIGN,0.5865921787709497,LOW_CONFIDENCE,nist-sp-800-61r3-response|nist-sp-800-61r3-containment,0,0,0,0.0,0,2,0.0,0.0
17287,VULNERABILITYSCAN,BENIGN,0.6767857142857143,LOW_CONFIDENCE,nist-sp-800-61r3-response|nist-sp-800-61r3-containment|mitre-t1046-overview|mitre-t1498-detection,0,1,3,0.3333333333333333,1,4,0.25,0.25
17288,VULNERABILITYSCAN,BENIGN,0.5433962264150943,LOW_CONFIDENCE,nist-sp-800-61r3-response|nist-sp-800-61r3-containment,0,0,0,0.0,0,2,0.0,0.0
17290,VULNERABILITYSCAN,BENIGN,0.5354371546172171,LOW_CONFIDENCE,nist-sp-800-61r3-response|nist-sp-800-61r3-containment,0,0,0,0.0,0,2,0.0,0.0
17293,VULNERABILITYSCAN,BENIGN,0.6111111111111112,LOW_CONFIDENCE,nist-sp-800-61r3-response|nist-sp-800-61r3-containment|mitre-t1046-overview|mitre-t1498-detection,0,1,3,0.3333333333333333,1,4,0.25,0.25
17298,VULNERABILITYSCAN,BENIGN,0.6767857142857143,LOW_CONFIDENCE,nist-sp-800-61r3-response|nist-sp-800-61r3-containment,0,0,0,0.0,0,2,0.0,0.0
17303,VULNERABILITYSCAN,BENIGN,0.625,LOW_CONFIDENCE,nist-sp-800-61r3-response|nist-sp-800-61r3-containment,0,0,0,0.0,0,2,0.0,0.0
17305,VULNERABILITYSCAN,BENIGN,0.6282051282051282,LOW_CONFIDENCE,nist-sp-800-61r3-response|nist-sp-800-61r3-containment|mitre-t1046-overview|mitre-t1498-detection,0,1,3,0.3333333333333333,1,4,0.25,0.25
17309,VULNERABILITYSCAN,BENIGN,0.5433962264150943,LOW_CONFIDENCE,nist-sp-800-61r3-response|nist-sp-800-61r3-containment,0,0,0,0.0,0,2,0.0,0.0
17314,VULNERABILITYSCAN,BENIGN,0.6767857142857143,LOW_CONFIDENCE,nist-sp-800-61r3-response|nist-sp-800-61r3-containment|mitre-t1046-overview|mitre-t1498-detection,0,1,3,0.3333333333333333,1,4,0.25,0.25
17317,VULNERABILITYSCAN,BENIGN,0.6111111111111112,LOW_CONFIDENCE,nist-sp-800-61r3-response|nist-sp-800-61r3-containment,0,0,0,0.0,0,2,0.0,0.0
17321,VULNERABILITYSCAN,BENIGN,0.6282051282051282,LOW_CONFIDENCE,nist-sp-800-61r3-response|nist-sp-800-61r3-containment,0,0,0,0.0,0,2,0.0,0.0
17322,VULNERABILITYSCAN,BENIGN,0.6767857142857143,LOW_CONFIDENCE,nist-sp-800-61r3-response|nist-sp-800-61r3-containment|mitre-t1046-overview|mitre-t1498-detection,0,1,3,0.3333333333333333,1,4,0.25,0.25
17328,VULNERABILITYSCAN,BENIGN,0.6548672566371682,LOW_CONFIDENCE,nist-sp-800-61r3-response|nist-sp-800-61r3-containment,0,0,0,0.0,0,2,0.0,0.0
17329,VULNERABILITYSCAN,BENIGN,0.5865921787709497,LOW_CONFIDENCE,nist-sp-800-61r3-response|nist-sp-800-61r3-containment,0,0,0,0.0,0,2,0.0,0.0
17333,VULNERABILITYSCAN,BENIGN,0.5865921787709497,LOW_CONFIDENCE,nist-sp-800-61r3-response|nist-sp-800-61r3-containment|mitre-t1046-overview|mitre-t1498-detection,0,1,3,0.3333333333333333,1,4,0.25,0.25
17340,VULNERABILITYSCAN,BENIGN,0.6767857142857143,LOW_CONFIDENCE,nist-sp-800-61r3-response|nist-sp-800-61r3-containment,0,0,0,0.0,0,2,0.0,0.0
17342,VULNERABILITYSCAN,BENIGN,0.6881188118811881,LOW_CONFIDENCE,nist-sp-800-61r3-response|nist-sp-800-61r3-containment,0,0,0,0.0,0,2,0.0,0.0
17344,VULNERABILITYSCAN,BENIGN,0.6767857142857143,LOW_CONFIDENCE,nist-sp-800-61r3-response|nist-sp-800-61r3-containment,0,0,0,0.0,0,2,0.0,0.0
17347,VULNERABILITYSCAN,BENIGN,0.6548672566371682,LOW_CONFIDENCE,nist-sp-800-61r3-response|nist-sp-800-61r3-containment,0,0,0,0.0,0,2,0.0,0.0
17348,VULNERABILITYSCAN,BENIGN,0.6767857142857143,LOW_CONFIDENCE,nist-sp-800-61r3-response|nist-sp-800-61r3-containment,0,0,0,0.0,0,2,0.0,0.0
17356,VULNERABILITYSCAN,BENIGN,0.6282051282051282,LOW_CONFIDENCE,nist-sp-800-61r3-response|nist-sp-800-61r3-containment|mitre-t1046-overview|mitre-t1498-detection,0,1,3,0.3333333333333333,1,4,0.25,0.25
17358,VULNERABILITYSCAN,BENIGN,0.6767857142857143,LOW_CONFIDENCE,nist-sp-800-61r3-response|nist-sp-800-61r3-containment,0,0,0,0.0,0,2,0.0,0.0
17360,VULNERABILITYSCAN,BENIGN,0.5865921787709497,LOW_CONFIDENCE,nist-sp-800-61r3-response|nist-sp-800-61r3-containment,0,0,0,0.0,0,2,0.0,0.0
17361,VULNERABILITYSCAN,BENIGN,0.5865921787709497,LOW_CONFIDENCE,nist-sp-800-61r3-response|nist-sp-800-61r3-containment,0,0,0,0.0,0,2,0.0,0.0
17364,VULNERABILITYSCAN,BENIGN,0.6767857142857143,LOW_CONFIDENCE,nist-sp-800-61r3-response|nist-sp-800-61r3-containment,0,0,0,0.0,0,2,0.0,0.0
17365,DNS_SPOOFING,BENIGN,0.6111111111111112,LOW_CONFIDENCE,nist-sp-800-61r3-response|nist-sp-800-61r3-containment|mitre-t1046-overview|mitre-t1498-detection,0,0,0,0.0,0,4,0.0,0.0
17366,VULNERABILITYSCAN,BENIGN,0.5865921787709497,LOW_CONFIDENCE,nist-sp-800-61r3-response|nist-sp-800-61r3-containment,0,0,0,0.0,0,2,0.0,0.0
17367,VULNERABILITYSCAN,BENIGN,0.6767857142857143,LOW_CONFIDENCE,nist-sp-800-61r3-response|nist-sp-800-61r3-containment,0,0,0,0.0,0,2,0.0,0.0
17369,VULNERABILITYSCAN,BENIGN,0.6548672566371682,LOW_CONFIDENCE,nist-sp-800-61r3-response|nist-sp-800-61r3-containment,0,0,0,0.0,0,2,0.0,0.0
17372,VULNERABILITYSCAN,BENIGN,0.6548672566371682,LOW_CONFIDENCE,nist-sp-800-61r3-response|nist-sp-800-61r3-containment,0,0,0,0.0,0,2,0.0,0.0
17377,VULNERABILITYSCAN,BENIGN,0.6767857142857143,LOW_CONFIDENCE,nist-sp-800-61r3-response|nist-sp-800-61r3-containment,0,0,0,0.0,0,2,0.0,0.0
17378,VULNERABILITYSCAN,BENIGN,0.5865921787709497,LOW_CONFIDENCE,nist-sp-800-61r3-response|nist-sp-800-61r3-containment,0,0,0,0.0,0,2,0.0,0.0
17379,VULNERABILITYSCAN,BENIGN,0.625,LOW_CONFIDENCE,nist-sp-800-61r3-response|nist-sp-800-61r3-containment,0,0,0,0.0,0,2,0.0,0.0
17381,VULNERABILITYSCAN,BENIGN,0.6666666666666667,LOW_CONFIDENCE,nist-sp-800-61r3-response|nist-sp-800-61r3-containment,0,0,0,0.0,0,2,0.0,0.0
17382,VULNERABILITYSCAN,BENIGN,0.5433962264150943,LOW_CONFIDENCE,nist-sp-800-61r3-response|nist-sp-800-61r3-containment|mitre-t1046-overview|mitre-t1498-detection,0,1,3,0.3333333333333333,1,4,0.25,0.25
17384,VULNERABILITYSCAN,BENIGN,0.6111111111111112,LOW_CONFIDENCE,nist-sp-800-61r3-response|nist-sp-800-61r3-containment,0,0,0,0.0,0,2,0.0,0.0
17385,VULNERABILITYSCAN,BENIGN,0.6767857142857143,LOW_CONFIDENCE,nist-sp-800-61r3-response|nist-sp-800-61r3-containment,0,0,0,0.0,0,2,0.0,0.0
17387,VULNERABILITYSCAN,BENIGN,0.6548672566371682,LOW_CONFIDENCE,nist-sp-800-61r3-response|nist-sp-800-61r3-containment,0,0,0,0.0,0,2,0.0,0.0
17389,VULNERABILITYSCAN,BENIGN,0.6881188118811881,LOW_CONFIDENCE,nist-sp-800-61r3-response|nist-sp-800-61r3-containment|mitre-t1046-overview|mitre-t1498-detection,0,1,3,0.3333333333333333,1,4,0.25,0.25
17391,VULNERABILITYSCAN,BENIGN,0.6111111111111112,LOW_CONFIDENCE,nist-sp-800-61r3-response|nist-sp-800-61r3-containment,0,0,0,0.0,0,2,0.0,0.0
17394,VULNERABILITYSCAN,BENIGN,0.6666666666666666,LOW_CONFIDENCE,nist-sp-800-61r3-response|nist-sp-800-61r3-containment,0,0,0,0.0,0,2,0.0,0.0
17396,VULNERABILITYSCAN,BENIGN,0.5260663507109006,LOW_CONFIDENCE,nist-sp-800-61r3-response|nist-sp-800-61r3-containment,0,0,0,0.0,0,2,0.0,0.0
17397,VULNERABILITYSCAN,BENIGN,0.5433962264150943,LOW_CONFIDENCE,nist-sp-800-61r3-response|nist-sp-800-61r3-containment|mitre-t1046-overview|mitre-t1498-detection,0,1,3,0.3333333333333333,1,4,0.25,0.25
17398,VULNERABILITYSCAN,BENIGN,0.5821917808219178,LOW_CONFIDENCE,nist-sp-800-61r3-response|nist-sp-800-61r3-containment,0,0,0,0.0,0,2,0.0,0.0
17403,VULNERABILITYSCAN,BENIGN,0.6111111111111112,LOW_CONFIDENCE,nist-sp-800-61r3-response|nist-sp-800-61r3-containment,0,0,0,0.0,0,2,0.0,0.0
17404,VULNERABILITYSCAN,BENIGN,0.6767857142857143,LOW_CONFIDENCE,nist-sp-800-61r3-response|nist-sp-800-61r3-containment,0,0,0,0.0,0,2,0.0,0.0
17405,VULNERABILITYSCAN,BENIGN,0.5865921787709497,LOW_CONFIDENCE,nist-sp-800-61r3-response|nist-sp-800-61r3-containment,0,0,0,0.0,0,2,0.0,0.0
17406,VULNERABILITYSCAN,BENIGN,0.5865921787709497,LOW_CONFIDENCE,nist-sp-800-61r3-response|nist-sp-800-61r3-containment,0,0,0,0.0,0,2,0.0,0.0
17413,VULNERABILITYSCAN,BENIGN,0.5821917808219178,LOW_CONFIDENCE,nist-sp-800-61r3-response|nist-sp-800-61r3-containment,0,0,0,0.0,0,2,0.0,0.0
17414,VULNERABILITYSCAN,BENIGN,0.6767857142857143,LOW_CONFIDENCE,nist-sp-800-61r3-response|nist-sp-800-61r3-containment,0,0,0,0.0,0,2,0.0,0.0
17416,VULNERABILITYSCAN,BENIGN,0.6881188118811881,LOW_CONFIDENCE,nist-sp-800-61r3-response|nist-sp-800-61r3-containment|mitre-t1046-overview|mitre-t1498-detection,0,1,3,0.3333333333333333,1,4,0.25,0.25
17417,VULNERABILITYSCAN,BENIGN,0.6111111111111112,LOW_CONFIDENCE,nist-sp-800-61r3-response|nist-sp-800-61r3-containment,0,0,0,0.0,0,2,0.0,0.0
17418,VULNERABILITYSCAN,BENIGN,0.6767857142857143,LOW_CONFIDENCE,nist-sp-800-61r3-response|nist-sp-800-61r3-containment,0,0,0,0.0,0,2,0.0,0.0
17424,VULNERABILITYSCAN,BENIGN,0.5865921787709497,LOW_CONFIDENCE,nist-sp-800-61r3-response|nist-sp-800-61r3-containment,0,0,0,0.0,0,2,0.0,0.0
17425,VULNERABILITYSCAN,BENIGN,0.6754966887417219,LOW_CONFIDENCE,nist-sp-800-61r3-response|nist-sp-800-61r3-containment|mitre-t1046-overview|mitre-t1498-detection,0,1,3,0.3333333333333333,1,4,0.25,0.25
17432,VULNERABILITYSCAN,BENIGN,0.5433962264150943,LOW_CONFIDENCE,nist-sp-800-61r3-response|nist-sp-800-61r3-containment,0,0,0,0.0,0,2,0.0,0.0
17433,VULNERABILITYSCAN,BENIGN,0.5433962264150943,LOW_CONFIDENCE,nist-sp-800-61r3-response|nist-sp-800-61r3-containment|mitre-t1046-overview|mitre-t1498-detection,0,1,3,0.3333333333333333,1,4,0.25,0.25
17438,VULNERABILITYSCAN,BENIGN,0.6881188118811881,LOW_CONFIDENCE,nist-sp-800-61r3-response|nist-sp-800-61r3-containment|mitre-t1046-overview|mitre-t1498-detection,0,1,3,0.3333333333333333,1,4,0.25,0.25
17442,VULNERABILITYSCAN,BENIGN,0.6881188118811881,LOW_CONFIDENCE,nist-sp-800-61r3-response|nist-sp-800-61r3-containment|mitre-t1046-overview|mitre-t1498-detection,0,1,3,0.3333333333333333,1,4,0.25,0.25
17445,VULNERABILITYSCAN,BENIGN,0.5821917808219178,LOW_CONFIDENCE,nist-sp-800-61r3-response|nist-sp-800-61r3-containment,0,0,0,0.0,0,2,0.0,0.0
17446,DNS_SPOOFING,BENIGN,0.6881188118811881,LOW_CONFIDENCE,nist-sp-800-61r3-response|nist-sp-800-61r3-containment,0,0,0,0.0,0,2,0.0,0.0
17449,VULNERABILITYSCAN,BENIGN,0.6111111111111112,LOW_CONFIDENCE,nist-sp-800-61r3-response|nist-sp-800-61r3-containment|mitre-t1046-overview|mitre-t1498-detection,0,1,3,0.3333333333333333,1,4,0.25,0.25
17451,VULNERABILITYSCAN,BENIGN,0.6754966887417219,LOW_CONFIDENCE,nist-sp-800-61r3-response|nist-sp-800-61r3-containment|mitre-t1046-overview|mitre-t1498-detection,0,1,3,0.3333333333333333,1,4,0.25,0.25
17453,VULNERABILITYSCAN,BENIGN,0.5260663507109006,LOW_CONFIDENCE,nist-sp-800-61r3-response|nist-sp-800-61r3-containment,0,0,0,0.0,0,2,0.0,0.0
17454,VULNERABILITYSCAN,BENIGN,0.5821917808219178,LOW_CONFIDENCE,nist-sp-800-61r3-response|nist-sp-800-61r3-containment,0,0,0,0.0,0,2,0.0,0.0
17462,VULNERABILITYSCAN,BENIGN,0.6548672566371682,LOW_CONFIDENCE,nist-sp-800-61r3-response|nist-sp-800-61r3-containment|mitre-t1046-overview|mitre-t1498-detection,0,1,3,0.3333333333333333,1,4,0.25,0.25
17466,VULNERABILITYSCAN,BENIGN,0.625,LOW_CONFIDENCE,nist-sp-800-61r3-response|nist-sp-800-61r3-containment,0,0,0,0.0,0,2,0.0,0.0
17468,DNS_SPOOFING,BENIGN,0.5821917808219178,LOW_CONFIDENCE,nist-sp-800-61r3-response|nist-sp-800-61r3-containment,0,0,0,0.0,0,2,0.0,0.0
17469,VULNERABILITYSCAN,BENIGN,0.5865921787709497,LOW_CONFIDENCE,nist-sp-800-61r3-response|nist-sp-800-61r3-containment,0,0,0,0.0,0,2,0.0,0.0
17472,VULNERABILITYSCAN,BENIGN,0.5260663507109006,LOW_CONFIDENCE,nist-sp-800-61r3-response|nist-sp-800-61r3-containment,0,0,0,0.0,0,2,0.0,0.0
17473,VULNERABILITYSCAN,BENIGN,0.6548672566371682,LOW_CONFIDENCE,nist-sp-800-61r3-response|nist-sp-800-61r3-containment,0,0,0,0.0,0,2,0.0,0.0
17474,VULNERABILITYSCAN,BENIGN,0.6767857142857143,LOW_CONFIDENCE,nist-sp-800-61r3-response|nist-sp-800-61r3-containment,0,0,0,0.0,0,2,0.0,0.0
17475,VULNERABILITYSCAN,BENIGN,0.5433962264150943,LOW_CONFIDENCE,nist-sp-800-61r3-response|nist-sp-800-61r3-containment,0,0,0,0.0,0,2,0.0,0.0
17480,VULNERABILITYSCAN,BENIGN,0.6767857142857143,LOW_CONFIDENCE,nist-sp-800-61r3-response|nist-sp-800-61r3-containment|mitre-t1046-overview|mitre-t1498-detection,0,1,3,0.3333333333333333,1,4,0.25,0.25
17481,VULNERABILITYSCAN,BENIGN,0.5433962264150943,LOW_CONFIDENCE,nist-sp-800-61r3-response|nist-sp-800-61r3-containment|mitre-t1046-overview|mitre-t1498-detection,0,1,3,0.3333333333333333,1,4,0.25,0.25
17482,VULNERABILITYSCAN,BENIGN,0.6548672566371682,LOW_CONFIDENCE,nist-sp-800-61r3-response|nist-sp-800-61r3-containment,0,0,0,0.0,0,2,0.0,0.0
17485,VULNERABILITYSCAN,BENIGN,0.6754966887417219,LOW_CONFIDENCE,nist-sp-800-61r3-response|nist-sp-800-61r3-containment|mitre-t1046-overview|mitre-t1498-detection,0,1,3,0.3333333333333333,1,4,0.25,0.25
17490,VULNERABILITYSCAN,BENIGN,0.5433962264150943,LOW_CONFIDENCE,nist-sp-800-61r3-response|nist-sp-800-61r3-containment|mitre-t1046-overview|mitre-t1498-detection,0,1,3,0.3333333333333333,1,4,0.25,0.25
17493,VULNERABILITYSCAN,BENIGN,0.5865921787709497,LOW_CONFIDENCE,nist-sp-800-61r3-response|nist-sp-800-61r3-containment,0,0,0,0.0,0,2,0.0,0.0
17494,VULNERABILITYSCAN,BENIGN,0.5260663507109006,LOW_CONFIDENCE,nist-sp-800-61r3-response|nist-sp-800-61r3-containment|mitre-t1046-overview|mitre-t1498-detection,0,1,3,0.3333333333333333,1,4,0.25,0.25
17495,VULNERABILITYSCAN,BENIGN,0.6111111111111112,LOW_CONFIDENCE,nist-sp-800-61r3-response|nist-sp-800-61r3-containment,0,0,0,0.0,0,2,0.0,0.0
17499,DNS_SPOOFING,BENIGN,0.6767857142857143,LOW_CONFIDENCE,nist-sp-800-61r3-response|nist-sp-800-61r3-containment,0,0,0,0.0,0,2,0.0,0.0
17500,VULNERABILITYSCAN,BENIGN,0.6767857142857143,LOW_CONFIDENCE,nist-sp-800-61r3-response|nist-sp-800-61r3-containment,0,0,0,0.0,0,2,0.0,0.0
17504,DNS_SPOOFING,BENIGN,0.6881188118811881,LOW_CONFIDENCE,nist-sp-800-61r3-response|nist-sp-800-61r3-containment,0,0,0,0.0,0,2,0.0,0.0
17506,VULNERABILITYSCAN,BENIGN,0.6767857142857143,LOW_CONFIDENCE,nist-sp-800-61r3-response|nist-sp-800-61r3-containment,0,0,0,0.0,0,2,0.0,0.0
17507,VULNERABILITYSCAN,BENIGN,0.6881188118811881,LOW_CONFIDENCE,nist-sp-800-61r3-response|nist-sp-800-61r3-containment,0,0,0,0.0,0,2,0.0,0.0
17508,VULNERABILITYSCAN,BENIGN,0.6282051282051282,LOW_CONFIDENCE,nist-sp-800-61r3-response|nist-sp-800-61r3-containment|mitre-t1046-overview|mitre-t1498-detection,0,1,3,0.3333333333333333,1,4,0.25,0.25
17510,VULNERABILITYSCAN,BENIGN,0.5821917808219178,LOW_CONFIDENCE,nist-sp-800-61r3-response|nist-sp-800-61r3-containment|mitre-t1046-overview|mitre-t1498-detection,0,1,3,0.3333333333333333,1,4,0.25,0.25
17512,VULNERABILITYSCAN,BENIGN,0.6881188118811881,LOW_CONFIDENCE,nist-sp-800-61r3-response|nist-sp-800-61r3-containment|mitre-t1046-overview|mitre-t1498-detection,0,1,3,0.3333333333333333,1,4,0.25,0.25
17513,DNS_SPOOFING,BENIGN,0.6767857142857143,LOW_CONFIDENCE,nist-sp-800-61r3-response|nist-sp-800-61r3-containment|mitre-t1046-overview|mitre-t1498-detection,0,0,0,0.0,0,4,0.0,0.0
17516,VULNERABILITYSCAN,BENIGN,0.6548672566371682,LOW_CONFIDENCE,nist-sp-800-61r3-response|nist-sp-800-61r3-containment,0,0,0,0.0,0,2,0.0,0.0
17519,VULNERABILITYSCAN,BENIGN,0.6767857142857143,LOW_CONFIDENCE,nist-sp-800-61r3-response|nist-sp-800-61r3-containment|mitre-t1046-overview|mitre-t1498-detection,0,1,3,0.3333333333333333,1,4,0.25,0.25
17525,VULNERABILITYSCAN,BENIGN,0.5865921787709497,LOW_CONFIDENCE,nist-sp-800-61r3-response|nist-sp-800-61r3-containment,0,0,0,0.0,0,2,0.0,0.0
17526,VULNERABILITYSCAN,BENIGN,0.6754966887417219,LOW_CONFIDENCE,nist-sp-800-61r3-response|nist-sp-800-61r3-containment|mitre-t1046-overview|mitre-t1498-detection,0,1,3,0.3333333333333333,1,4,0.25,0.25
17527,VULNERABILITYSCAN,BENIGN,0.6767857142857143,LOW_CONFIDENCE,nist-sp-800-61r3-response|nist-sp-800-61r3-containment,0,0,0,0.0,0,2,0.0,0.0
17528,VULNERABILITYSCAN,BENIGN,0.6548672566371682,LOW_CONFIDENCE,nist-sp-800-61r3-response|nist-sp-800-61r3-containment,0,0,0,0.0,0,2,0.0,0.0
17532,VULNERABILITYSCAN,BENIGN,0.6881188118811881,LOW_CONFIDENCE,nist-sp-800-61r3-response|nist-sp-800-61r3-containment,0,0,0,0.0,0,2,0.0,0.0
17534,DNS_SPOOFING,BENIGN,0.625,LOW_CONFIDENCE,nist-sp-800-61r3-response|nist-sp-800-61r3-containment,0,0,0,0.0,0,2,0.0,0.0
17535,VULNERABILITYSCAN,BENIGN,0.5865921787709497,LOW_CONFIDENCE,nist-sp-800-61r3-response|nist-sp-800-61r3-containment,0,0,0,0.0,0,2,0.0,0.0
17537,VULNERABILITYSCAN,BENIGN,0.6881188118811881,LOW_CONFIDENCE,nist-sp-800-61r3-response|nist-sp-800-61r3-containment|mitre-t1046-overview|mitre-t1498-detection,0,1,3,0.3333333333333333,1,4,0.25,0.25
17549,VULNERABILITYSCAN,BENIGN,0.6767857142857143,LOW_CONFIDENCE,nist-sp-800-61r3-response|nist-sp-800-61r3-containment,0,0,0,0.0,0,2,0.0,0.0
17550,VULNERABILITYSCAN,BENIGN,0.6111111111111112,LOW_CONFIDENCE,nist-sp-800-61r3-response|nist-sp-800-61r3-containment|mitre-t1046-overview|mitre-t1498-detection,0,1,3,0.3333333333333333,1,4,0.25,0.25
17554,VULNERABILITYSCAN,BENIGN,0.6111111111111112,LOW_CONFIDENCE,nist-sp-800-61r3-response|nist-sp-800-61r3-containment|mitre-t1046-overview|mitre-t1498-detection,0,1,3,0.3333333333333333,1,4,0.25,0.25
17555,VULNERABILITYSCAN,BENIGN,0.6767857142857143,LOW_CONFIDENCE,nist-sp-800-61r3-response|nist-sp-800-61r3-containment,0,0,0,0.0,0,2,0.0,0.0
17558,VULNERABILITYSCAN,BENIGN,0.6767857142857143,LOW_CONFIDENCE,nist-sp-800-61r3-response|nist-sp-800-61r3-containment,0,0,0,0.0,0,2,0.0,0.0
17561,VULNERABILITYSCAN,BENIGN,0.5821917808219178,LOW_CONFIDENCE,nist-sp-800-61r3-response|nist-sp-800-61r3-containment,0,0,0,0.0,0,2,0.0,0.0
17564,VULNERABILITYSCAN,BENIGN,0.5865921787709497,LOW_CONFIDENCE,nist-sp-800-61r3-response|nist-sp-800-61r3-containment,0,0,0,0.0,0,2,0.0,0.0
17567,VULNERABILITYSCAN,BENIGN,0.6548672566371682,LOW_CONFIDENCE,nist-sp-800-61r3-response|nist-sp-800-61r3-containment,0,0,0,0.0,0,2,0.0,0.0
17573,VULNERABILITYSCAN,BENIGN,0.5260663507109006,LOW_CONFIDENCE,nist-sp-800-61r3-response|nist-sp-800-61r3-containment|mitre-t1046-overview|mitre-t1498-detection,0,1,3,0.3333333333333333,1,4,0.25,0.25
17576,VULNERABILITYSCAN,BENIGN,0.6767857142857143,LOW_CONFIDENCE,nist-sp-800-61r3-response|nist-sp-800-61r3-containment,0,0,0,0.0,0,2,0.0,0.0
17580,VULNERABILITYSCAN,BENIGN,0.6881188118811881,LOW_CONFIDENCE,nist-sp-800-61r3-response|nist-sp-800-61r3-containment,0,0,0,0.0,0,2,0.0,0.0
17582,VULNERABILITYSCAN,BENIGN,0.5260663507109006,LOW_CONFIDENCE,nist-sp-800-61r3-response|nist-sp-800-61r3-containment,0,0,0,0.0,0,2,0.0,0.0
17583,VULNERABILITYSCAN,BENIGN,0.6881188118811881,LOW_CONFIDENCE,nist-sp-800-61r3-response|nist-sp-800-61r3-containment|mitre-t1046-overview|mitre-t1498-detection,0,1,3,0.3333333333333333,1,4,0.25,0.25
17585,VULNERABILITYSCAN,BENIGN,0.6881188118811881,LOW_CONFIDENCE,nist-sp-800-61r3-response|nist-sp-800-61r3-containment,0,0,0,0.0,0,2,0.0,0.0
17588,VULNERABILITYSCAN,BENIGN,0.6767857142857143,LOW_CONFIDENCE,nist-sp-800-61r3-response|nist-sp-800-61r3-containment,0,0,0,0.0,0,2,0.0,0.0
17589,VULNERABILITYSCAN,BENIGN,0.5260663507109006,LOW_CONFIDENCE,nist-sp-800-61r3-response|nist-sp-800-61r3-containment,0,0,0,0.0,0,2,0.0,0.0
17591,VULNERABILITYSCAN,BENIGN,0.6881188118811881,LOW_CONFIDENCE,nist-sp-800-61r3-response|nist-sp-800-61r3-containment|mitre-t1046-overview|mitre-t1498-detection,0,1,3,0.3333333333333333,1,4,0.25,0.25
17592,VULNERABILITYSCAN,BENIGN,0.5260663507109006,LOW_CONFIDENCE,nist-sp-800-61r3-response|nist-sp-800-61r3-containment,0,0,0,0.0,0,2,0.0,0.0
17597,VULNERABILITYSCAN,BENIGN,0.6111111111111112,LOW_CONFIDENCE,nist-sp-800-61r3-response|nist-sp-800-61r3-containment,0,0,0,0.0,0,2,0.0,0.0
17598,VULNERABILITYSCAN,BENIGN,0.6111111111111112,LOW_CONFIDENCE,nist-sp-800-61r3-response|nist-sp-800-61r3-containment,0,0,0,0.0,0,2,0.0,0.0
17600,VULNERABILITYSCAN,BENIGN,0.5821917808219178,LOW_CONFIDENCE,nist-sp-800-61r3-response|nist-sp-800-61r3-containment,0,0,0,0.0,0,2,0.0,0.0
17601,VULNERABILITYSCAN,BENIGN,0.5260663507109006,LOW_CONFIDENCE,nist-sp-800-61r3-response|nist-sp-800-61r3-containment|mitre-t1046-overview|mitre-t1498-detection,0,1,3,0.3333333333333333,1,4,0.25,0.25
17604,VULNERABILITYSCAN,BENIGN,0.6881188118811881,LOW_CONFIDENCE,nist-sp-800-61r3-response|nist-sp-800-61r3-containment|mitre-t1046-overview|mitre-t1498-detection,0,1,3,0.3333333333333333,1,4,0.25,0.25
17609,VULNERABILITYSCAN,BENIGN,0.6548672566371682,LOW_CONFIDENCE,nist-sp-800-61r3-response|nist-sp-800-61r3-containment,0,0,0,0.0,0,2,0.0,0.0
17612,VULNERABILITYSCAN,BENIGN,0.6754966887417219,LOW_CONFIDENCE,nist-sp-800-61r3-response|nist-sp-800-61r3-containment,0,0,0,0.0,0,2,0.0,0.0
17621,VULNERABILITYSCAN,BENIGN,0.6767857142857143,LOW_CONFIDENCE,nist-sp-800-61r3-response|nist-sp-800-61r3-containment,0,0,0,0.0,0,2,0.0,0.0
17629,VULNERABILITYSCAN,BENIGN,0.5433962264150943,LOW_CONFIDENCE,nist-sp-800-61r3-response|nist-sp-800-61r3-containment,0,0,0,0.0,0,2,0.0,0.0
17631,VULNERABILITYSCAN,BENIGN,0.5433962264150943,LOW_CONFIDENCE,nist-sp-800-61r3-response|nist-sp-800-61r3-containment,0,0,0,0.0,0,2,0.0,0.0
17634,VULNERABILITYSCAN,BENIGN,0.6767857142857143,LOW_CONFIDENCE,nist-sp-800-61r3-response|nist-sp-800-61r3-containment,0,0,0,0.0,0,2,0.0,0.0
17635,VULNERABILITYSCAN,BENIGN,0.5433962264150943,LOW_CONFIDENCE,nist-sp-800-61r3-response|nist-sp-800-61r3-containment,0,0,0,0.0,0,2,0.0,0.0
17638,VULNERABILITYSCAN,BENIGN,0.5433962264150943,LOW_CONFIDENCE,nist-sp-800-61r3-response|nist-sp-800-61r3-containment,0,0,0,0.0,0,2,0.0,0.0
17642,VULNERABILITYSCAN,BENIGN,0.6754966887417219,LOW_CONFIDENCE,nist-sp-800-61r3-response|nist-sp-800-61r3-containment,0,0,0,0.0,0,2,0.0,0.0
17646,VULNERABILITYSCAN,BENIGN,0.6282051282051282,LOW_CONFIDENCE,nist-sp-800-61r3-response|nist-sp-800-61r3-containment|mitre-t1046-overview|mitre-t1498-detection,0,1,3,0.3333333333333333,1,4,0.25,0.25
17650,VULNERABILITYSCAN,BENIGN,0.5433962264150943,LOW_CONFIDENCE,nist-sp-800-61r3-response|nist-sp-800-61r3-containment,0,0,0,0.0,0,2,0.0,0.0
17652,VULNERABILITYSCAN,BENIGN,0.6767857142857143,LOW_CONFIDENCE,nist-sp-800-61r3-response|nist-sp-800-61r3-containment,0,0,0,0.0,0,2,0.0,0.0
17657,VULNERABILITYSCAN,BENIGN,0.6111111111111112,LOW_CONFIDENCE,nist-sp-800-61r3-response|nist-sp-800-61r3-containment,0,0,0,0.0,0,2,0.0,0.0
17665,VULNERABILITYSCAN,BENIGN,0.6548672566371682,LOW_CONFIDENCE,nist-sp-800-61r3-response|nist-sp-800-61r3-containment,0,0,0,0.0,0,2,0.0,0.0
17666,VULNERABILITYSCAN,BENIGN,0.6767857142857143,LOW_CONFIDENCE,nist-sp-800-61r3-response|nist-sp-800-61r3-containment,0,0,0,0.0,0,2,0.0,0.0
17669,VULNERABILITYSCAN,BENIGN,0.6881188118811881,LOW_CONFIDENCE,nist-sp-800-61r3-response|nist-sp-800-61r3-containment|mitre-t1046-overview|mitre-t1498-detection,0,1,3,0.3333333333333333,1,4,0.25,0.25
17671,VULNERABILITYSCAN,BENIGN,0.6767857142857143,LOW_CONFIDENCE,nist-sp-800-61r3-response|nist-sp-800-61r3-containment,0,0,0,0.0,0,2,0.0,0.0
17672,VULNERABILITYSCAN,BENIGN,0.6767857142857143,LOW_CONFIDENCE,nist-sp-800-61r3-response|nist-sp-800-61r3-containment,0,0,0,0.0,0,2,0.0,0.0
17673,VULNERABILITYSCAN,BENIGN,0.5433962264150943,LOW_CONFIDENCE,nist-sp-800-61r3-response|nist-sp-800-61r3-containment,0,0,0,0.0,0,2,0.0,0.0
17674,VULNERABILITYSCAN,BENIGN,0.6754966887417219,LOW_CONFIDENCE,nist-sp-800-61r3-response|nist-sp-800-61r3-containment|mitre-t1046-overview|mitre-t1498-detection,0,1,3,0.3333333333333333,1,4,0.25,0.25
17676,VULNERABILITYSCAN,BENIGN,0.5865921787709497,LOW_CONFIDENCE,nist-sp-800-61r3-response|nist-sp-800-61r3-containment,0,0,0,0.0,0,2,0.0,0.0
17678,VULNERABILITYSCAN,BENIGN,0.6881188118811881,LOW_CONFIDENCE,nist-sp-800-61r3-response|nist-sp-800-61r3-containment,0,0,0,0.0,0,2,0.0,0.0
17679,VULNERABILITYSCAN,BENIGN,0.6767857142857143,LOW_CONFIDENCE,nist-sp-800-61r3-response|nist-sp-800-61r3-containment,0,0,0,0.0,0,2,0.0,0.0
17681,VULNERABILITYSCAN,BENIGN,0.5260663507109006,LOW_CONFIDENCE,nist-sp-800-61r3-response|nist-sp-800-61r3-containment|mitre-t1046-overview|mitre-t1498-detection,0,1,3,0.3333333333333333,1,4,0.25,0.25
17684,VULNERABILITYSCAN,BENIGN,0.5433962264150943,LOW_CONFIDENCE,nist-sp-800-61r3-response|nist-sp-800-61r3-containment,0,0,0,0.0,0,2,0.0,0.0
17685,VULNERABILITYSCAN,BENIGN,0.5433962264150943,LOW_CONFIDENCE,nist-sp-800-61r3-response|nist-sp-800-61r3-containment,0,0,0,0.0,0,2,0.0,0.0
17686,VULNERABILITYSCAN,BENIGN,0.6767857142857143,LOW_CONFIDENCE,nist-sp-800-61r3-response|nist-sp-800-61r3-containment,0,0,0,0.0,0,2,0.0,0.0
17693,VULNERABILITYSCAN,BENIGN,0.6111111111111112,LOW_CONFIDENCE,nist-sp-800-61r3-response|nist-sp-800-61r3-containment,0,0,0,0.0,0,2,0.0,0.0
17695,VULNERABILITYSCAN,BENIGN,0.5433962264150943,LOW_CONFIDENCE,nist-sp-800-61r3-response|nist-sp-800-61r3-containment|mitre-t1046-overview|mitre-t1498-detection,0,1,3,0.3333333333333333,1,4,0.25,0.25
17702,VULNERABILITYSCAN,BENIGN,0.6521739130434783,LOW_CONFIDENCE,nist-sp-800-61r3-response|nist-sp-800-61r3-containment|mitre-t1046-overview|mitre-t1498-detection,0,1,3,0.3333333333333333,1,4,0.25,0.25
17703,VULNERABILITYSCAN,BENIGN,0.6767857142857143,LOW_CONFIDENCE,nist-sp-800-61r3-response|nist-sp-800-61r3-containment,0,0,0,0.0,0,2,0.0,0.0
17705,VULNERABILITYSCAN,BENIGN,0.6767857142857143,LOW_CONFIDENCE,nist-sp-800-61r3-response|nist-sp-800-61r3-containment,0,0,0,0.0,0,2,0.0,0.0
17707,VULNERABILITYSCAN,BENIGN,0.6881188118811881,LOW_CONFIDENCE,nist-sp-800-61r3-response|nist-sp-800-61r3-containment,0,0,0,0.0,0,2,0.0,0.0
17708,VULNERABILITYSCAN,BENIGN,0.6548672566371682,LOW_CONFIDENCE,nist-sp-800-61r3-response|nist-sp-800-61r3-containment,0,0,0,0.0,0,2,0.0,0.0
17709,VULNERABILITYSCAN,BENIGN,0.5865921787709497,LOW_CONFIDENCE,nist-sp-800-61r3-response|nist-sp-800-61r3-containment,0,0,0,0.0,0,2,0.0,0.0
17710,VULNERABILITYSCAN,BENIGN,0.6754966887417219,LOW_CONFIDENCE,nist-sp-800-61r3-response|nist-sp-800-61r3-containment,0,0,0,0.0,0,2,0.0,0.0
17717,VULNERABILITYSCAN,BENIGN,0.6767857142857143,LOW_CONFIDENCE,nist-sp-800-61r3-response|nist-sp-800-61r3-containment,0,0,0,0.0,0,2,0.0,0.0
17718,VULNERABILITYSCAN,BENIGN,0.6282051282051282,LOW_CONFIDENCE,nist-sp-800-61r3-response|nist-sp-800-61r3-containment,0,0,0,0.0,0,2,0.0,0.0
17725,VULNERABILITYSCAN,BENIGN,0.5821917808219178,LOW_CONFIDENCE,nist-sp-800-61r3-response|nist-sp-800-61r3-containment,0,0,0,0.0,0,2,0.0,0.0
17726,VULNERABILITYSCAN,BENIGN,0.6111111111111112,LOW_CONFIDENCE,nist-sp-800-61r3-response|nist-sp-800-61r3-containment,0,0,0,0.0,0,2,0.0,0.0
17729,VULNERABILITYSCAN,BENIGN,0.5260663507109006,LOW_CONFIDENCE,nist-sp-800-61r3-response|nist-sp-800-61r3-containment|mitre-t1046-overview|mitre-t1498-detection,0,1,3,0.3333333333333333,1,4,0.25,0.25
17734,VULNERABILITYSCAN,BENIGN,0.6767857142857143,LOW_CONFIDENCE,nist-sp-800-61r3-response|nist-sp-800-61r3-containment,0,0,0,0.0,0,2,0.0,0.0
17743,VULNERABILITYSCAN,BENIGN,0.6767857142857143,LOW_CONFIDENCE,nist-sp-800-61r3-response|nist-sp-800-61r3-containment,0,0,0,0.0,0,2,0.0,0.0
17745,VULNERABILITYSCAN,BENIGN,0.5260663507109006,LOW_CONFIDENCE,nist-sp-800-61r3-response|nist-sp-800-61r3-containment|mitre-t1046-overview|mitre-t1498-detection,0,1,3,0.3333333333333333,1,4,0.25,0.25
17747,DNS_SPOOFING,BENIGN,0.6282051282051282,LOW_CONFIDENCE,nist-sp-800-61r3-response|nist-sp-800-61r3-containment,0,0,0,0.0,0,2,0.0,0.0
17748,VULNERABILITYSCAN,BENIGN,0.6881188118811881,LOW_CONFIDENCE,nist-sp-800-61r3-response|nist-sp-800-61r3-containment|mitre-t1046-overview|mitre-t1498-detection,0,1,3,0.3333333333333333,1,4,0.25,0.25
17751,VULNERABILITYSCAN,BENIGN,0.5433962264150943,LOW_CONFIDENCE,nist-sp-800-61r3-response|nist-sp-800-61r3-containment,0,0,0,0.0,0,2,0.0,0.0
17754,VULNERABILITYSCAN,BENIGN,0.6881188118811881,LOW_CONFIDENCE,nist-sp-800-61r3-response|nist-sp-800-61r3-containment,0,0,0,0.0,0,2,0.0,0.0
17756,VULNERABILITYSCAN,BENIGN,0.6666666666666667,LOW_CONFIDENCE,nist-sp-800-61r3-response|nist-sp-800-61r3-containment,0,0,0,0.0,0,2,0.0,0.0
17760,VULNERABILITYSCAN,BENIGN,0.6881188118811881,LOW_CONFIDENCE,nist-sp-800-61r3-response|nist-sp-800-61r3-containment,0,0,0,0.0,0,2,0.0,0.0
17762,VULNERABILITYSCAN,BENIGN,0.5433962264150943,LOW_CONFIDENCE,nist-sp-800-61r3-response|nist-sp-800-61r3-containment,0,0,0,0.0,0,2,0.0,0.0
17763,VULNERABILITYSCAN,BENIGN,0.6767857142857143,LOW_CONFIDENCE,nist-sp-800-61r3-response|nist-sp-800-61r3-containment,0,0,0,0.0,0,2,0.0,0.0
17765,VULNERABILITYSCAN,BENIGN,0.5821917808219178,LOW_CONFIDENCE,nist-sp-800-61r3-response|mitre-t1557-001-indicators|nist-sp-800-61r3-containment,0,0,0,0.0,0,3,0.0,0.0
17767,VULNERABILITYSCAN,BENIGN,0.6767857142857143,LOW_CONFIDENCE,nist-sp-800-61r3-response|nist-sp-800-61r3-containment,0,0,0,0.0,0,2,0.0,0.0
17770,VULNERABILITYSCAN,BENIGN,0.6111111111111112,LOW_CONFIDENCE,nist-sp-800-61r3-response|nist-sp-800-61r3-containment,0,0,0,0.0,0,2,0.0,0.0
17773,VULNERABILITYSCAN,BENIGN,0.6767857142857143,LOW_CONFIDENCE,nist-sp-800-61r3-response|nist-sp-800-61r3-containment,0,0,0,0.0,0,2,0.0,0.0
17775,VULNERABILITYSCAN,BENIGN,0.6767857142857143,LOW_CONFIDENCE,nist-sp-800-61r3-response|nist-sp-800-61r3-containment,0,0,0,0.0,0,2,0.0,0.0
17777,DNS_SPOOFING,BENIGN,0.5260663507109006,LOW_CONFIDENCE,nist-sp-800-61r3-response|nist-sp-800-61r3-containment|mitre-t1046-overview|mitre-t1498-detection,0,0,0,0.0,0,4,0.0,0.0
17784,VULNERABILITYSCAN,BENIGN,0.6548672566371682,LOW_CONFIDENCE,nist-sp-800-61r3-response|nist-sp-800-61r3-containment,0,0,0,0.0,0,2,0.0,0.0
17786,VULNERABILITYSCAN,BENIGN,0.5821917808219178,LOW_CONFIDENCE,nist-sp-800-61r3-response|nist-sp-800-61r3-containment,0,0,0,0.0,0,2,0.0,0.0
17788,VULNERABILITYSCAN,BENIGN,0.6881188118811881,LOW_CONFIDENCE,nist-sp-800-61r3-response|nist-sp-800-61r3-containment,0,0,0,0.0,0,2,0.0,0.0
17791,VULNERABILITYSCAN,BENIGN,0.6548672566371682,LOW_CONFIDENCE,nist-sp-800-61r3-response|nist-sp-800-61r3-containment,0,0,0,0.0,0,2,0.0,0.0
17794,VULNERABILITYSCAN,BENIGN,0.5821917808219178,LOW_CONFIDENCE,nist-sp-800-61r3-response|nist-sp-800-61r3-containment,0,0,0,0.0,0,2,0.0,0.0
17795,VULNERABILITYSCAN,BENIGN,0.6767857142857143,LOW_CONFIDENCE,nist-sp-800-61r3-response|nist-sp-800-61r3-containment,0,0,0,0.0,0,2,0.0,0.0
17797,VULNERABILITYSCAN,BENIGN,0.6548672566371682,LOW_CONFIDENCE,nist-sp-800-61r3-response|nist-sp-800-61r3-containment,0,0,0,0.0,0,2,0.0,0.0
17805,VULNERABILITYSCAN,BENIGN,0.6767857142857143,LOW_CONFIDENCE,nist-sp-800-61r3-response|nist-sp-800-61r3-containment,0,0,0,0.0,0,2,0.0,0.0
17807,VULNERABILITYSCAN,BENIGN,0.5260663507109006,LOW_CONFIDENCE,nist-sp-800-61r3-response|nist-sp-800-61r3-containment,0,0,0,0.0,0,2,0.0,0.0
17809,VULNERABILITYSCAN,BENIGN,0.6881188118811881,LOW_CONFIDENCE,nist-sp-800-61r3-response|nist-sp-800-61r3-containment,0,0,0,0.0,0,2,0.0,0.0
17818,VULNERABILITYSCAN,BENIGN,0.6881188118811881,LOW_CONFIDENCE,nist-sp-800-61r3-response|nist-sp-800-61r3-containment,0,0,0,0.0,0,2,0.0,0.0
17820,VULNERABILITYSCAN,BENIGN,0.6881188118811881,LOW_CONFIDENCE,nist-sp-800-61r3-response|nist-sp-800-61r3-containment|mitre-t1046-overview|mitre-t1498-detection,0,1,3,0.3333333333333333,1,4,0.25,0.25
17824,VULNERABILITYSCAN,BENIGN,0.6767857142857143,LOW_CONFIDENCE,nist-sp-800-61r3-response|nist-sp-800-61r3-containment,0,0,0,0.0,0,2,0.0,0.0
17826,VULNERABILITYSCAN,BENIGN,0.6754966887417219,LOW_CONFIDENCE,nist-sp-800-61r3-response|nist-sp-800-61r3-containment,0,0,0,0.0,0,2,0.0,0.0
17828,VULNERABILITYSCAN,BENIGN,0.6666666666666667,LOW_CONFIDENCE,nist-sp-800-61r3-response|nist-sp-800-61r3-containment,0,0,0,0.0,0,2,0.0,0.0
17829,VULNERABILITYSCAN,BENIGN,0.5433962264150943,LOW_CONFIDENCE,nist-sp-800-61r3-response|nist-sp-800-61r3-containment,0,0,0,0.0,0,2,0.0,0.0
17830,VULNERABILITYSCAN,BENIGN,0.6767857142857143,LOW_CONFIDENCE,nist-sp-800-61r3-response|nist-sp-800-61r3-containment,0,0,0,0.0,0,2,0.0,0.0
17831,VULNERABILITYSCAN,BENIGN,0.5433962264150943,LOW_CONFIDENCE,nist-sp-800-61r3-response|nist-sp-800-61r3-containment,0,0,0,0.0,0,2,0.0,0.0
17837,VULNERABILITYSCAN,BENIGN,0.6548672566371682,LOW_CONFIDENCE,nist-sp-800-61r3-response|nist-sp-800-61r3-containment,0,0,0,0.0,0,2,0.0,0.0
17842,VULNERABILITYSCAN,BENIGN,0.6767857142857143,LOW_CONFIDENCE,nist-sp-800-61r3-response|nist-sp-800-61r3-containment,0,0,0,0.0,0,2,0.0,0.0
17843,VULNERABILITYSCAN,BENIGN,0.5433962264150943,LOW_CONFIDENCE,nist-sp-800-61r3-response|nist-sp-800-61r3-containment,0,0,0,0.0,0,2,0.0,0.0
17846,DNS_SPOOFING,BENIGN,0.6881188118811881,LOW_CONFIDENCE,nist-sp-800-61r3-response|nist-sp-800-61r3-containment|mitre-t1046-overview|mitre-t1498-detection,0,0,0,0.0,0,4,0.0,0.0
17847,VULNERABILITYSCAN,BENIGN,0.5821917808219178,LOW_CONFIDENCE,nist-sp-800-61r3-response|nist-sp-800-61r3-containment,0,0,0,0.0,0,2,0.0,0.0
17848,VULNERABILITYSCAN,BENIGN,0.5821917808219178,LOW_CONFIDENCE,nist-sp-800-61r3-response|nist-sp-800-61r3-containment|mitre-t1046-overview|mitre-t1498-detection,0,1,3,0.3333333333333333,1,4,0.25,0.25
17849,VULNERABILITYSCAN,BENIGN,0.5865921787709497,LOW_CONFIDENCE,nist-sp-800-61r3-response|nist-sp-800-61r3-containment,0,0,0,0.0,0,2,0.0,0.0
17851,VULNERABILITYSCAN,BENIGN,0.6111111111111112,LOW_CONFIDENCE,nist-sp-800-61r3-response|nist-sp-800-61r3-containment,0,0,0,0.0,0,2,0.0,0.0
17856,VULNERABILITYSCAN,BENIGN,0.6881188118811881,LOW_CONFIDENCE,nist-sp-800-61r3-response|nist-sp-800-61r3-containment|mitre-t1046-overview|mitre-t1498-detection,0,1,3,0.3333333333333333,1,4,0.25,0.25
17862,VULNERABILITYSCAN,BENIGN,0.6767857142857143,LOW_CONFIDENCE,nist-sp-800-61r3-response|nist-sp-800-61r3-containment,0,0,0,0.0,0,2,0.0,0.0
17873,VULNERABILITYSCAN,BENIGN,0.6111111111111112,LOW_CONFIDENCE,nist-sp-800-61r3-response|nist-sp-800-61r3-containment,0,0,0,0.0,0,2,0.0,0.0
17876,VULNERABILITYSCAN,BENIGN,0.6767857142857143,LOW_CONFIDENCE,nist-sp-800-61r3-response|nist-sp-800-61r3-containment,0,0,0,0.0,0,2,0.0,0.0
17881,VULNERABILITYSCAN,BENIGN,0.6548672566371682,LOW_CONFIDENCE,nist-sp-800-61r3-response|nist-sp-800-61r3-containment,0,0,0,0.0,0,2,0.0,0.0
17882,VULNERABILITYSCAN,BENIGN,0.5260663507109006,LOW_CONFIDENCE,nist-sp-800-61r3-response|nist-sp-800-61r3-containment|mitre-t1046-overview|mitre-t1498-detection,0,1,3,0.3333333333333333,1,4,0.25,0.25
17884,VULNERABILITYSCAN,BENIGN,0.6881188118811881,LOW_CONFIDENCE,nist-sp-800-61r3-response|nist-sp-800-61r3-containment|mitre-t1046-overview|mitre-t1498-detection,0,1,3,0.3333333333333333,1,4,0.25,0.25
17893,VULNERABILITYSCAN,BENIGN,0.6767857142857143,LOW_CONFIDENCE,nist-sp-800-61r3-response|nist-sp-800-61r3-containment,0,0,0,0.0,0,2,0.0,0.0
17895,VULNERABILITYSCAN,BENIGN,0.6548672566371682,LOW_CONFIDENCE,nist-sp-800-61r3-response|nist-sp-800-61r3-containment,0,0,0,0.0,0,2,0.0,0.0
17896,VULNERABILITYSCAN,BENIGN,0.5260663507109006,LOW_CONFIDENCE,nist-sp-800-61r3-response|nist-sp-800-61r3-containment,0,0,0,0.0,0,2,0.0,0.0
17897,VULNERABILITYSCAN,BENIGN,0.6548672566371682,LOW_CONFIDENCE,nist-sp-800-61r3-response|nist-sp-800-61r3-containment|mitre-t1046-overview|mitre-t1498-detection,0,1,3,0.3333333333333333,1,4,0.25,0.25
17899,VULNERABILITYSCAN,BENIGN,0.6767857142857143,LOW_CONFIDENCE,nist-sp-800-61r3-response|nist-sp-800-61r3-containment,0,0,0,0.0,0,2,0.0,0.0
17904,VULNERABILITYSCAN,BENIGN,0.5260663507109006,LOW_CONFIDENCE,nist-sp-800-61r3-response|nist-sp-800-61r3-containment,0,0,0,0.0,0,2,0.0,0.0
17905,VULNERABILITYSCAN,BENIGN,0.6111111111111112,LOW_CONFIDENCE,nist-sp-800-61r3-response|nist-sp-800-61r3-containment,0,0,0,0.0,0,2,0.0,0.0
17906,VULNERABILITYSCAN,BENIGN,0.6548672566371682,LOW_CONFIDENCE,nist-sp-800-61r3-response|nist-sp-800-61r3-containment,0,0,0,0.0,0,2,0.0,0.0
17910,VULNERABILITYSCAN,BENIGN,0.5433962264150943,LOW_CONFIDENCE,nist-sp-800-61r3-response|nist-sp-800-61r3-containment,0,0,0,0.0,0,2,0.0,0.0
17913,VULNERABILITYSCAN,BENIGN,0.6548672566371682,LOW_CONFIDENCE,nist-sp-800-61r3-response|nist-sp-800-61r3-containment,0,0,0,0.0,0,2,0.0,0.0
17920,VULNERABILITYSCAN,BENIGN,0.6767857142857143,LOW_CONFIDENCE,nist-sp-800-61r3-response|nist-sp-800-61r3-containment|mitre-t1046-overview|mitre-t1498-detection,0,1,3,0.3333333333333333,1,4,0.25,0.25
17922,VULNERABILITYSCAN,BENIGN,0.6754966887417219,LOW_CONFIDENCE,nist-sp-800-61r3-response|nist-sp-800-61r3-containment,0,0,0,0.0,0,2,0.0,0.0
17923,VULNERABILITYSCAN,BENIGN,0.663255375276019,LOW_CONFIDENCE,nist-sp-800-61r3-response|nist-sp-800-61r3-containment,0,0,0,0.0,0,2,0.0,0.0
17924,VULNERABILITYSCAN,BENIGN,0.5433962264150943,LOW_CONFIDENCE,nist-sp-800-61r3-response|nist-sp-800-61r3-containment|mitre-t1046-overview|mitre-t1498-detection,0,1,3,0.3333333333333333,1,4,0.25,0.25
17927,VULNERABILITYSCAN,BENIGN,0.625,LOW_CONFIDENCE,nist-sp-800-61r3-response|nist-sp-800-61r3-containment|mitre-t1046-overview|mitre-t1498-detection,0,1,3,0.3333333333333333,1,4,0.25,0.25
17930,DNS_SPOOFING,BENIGN,0.6666666666666666,LOW_CONFIDENCE,nist-sp-800-61r3-response|nist-sp-800-61r3-containment,0,0,0,0.0,0,2,0.0,0.0
17937,VULNERABILITYSCAN,BENIGN,0.6881188118811881,LOW_CONFIDENCE,nist-sp-800-61r3-response|nist-sp-800-61r3-containment|mitre-t1046-overview|mitre-t1498-detection,0,1,3,0.3333333333333333,1,4,0.25,0.25
17941,VULNERABILITYSCAN,BENIGN,0.6881188118811881,LOW_CONFIDENCE,nist-sp-800-61r3-response|nist-sp-800-61r3-containment|mitre-t1046-overview|mitre-t1498-detection,0,1,3,0.3333333333333333,1,4,0.25,0.25
17943,VULNERABILITYSCAN,BENIGN,0.6767857142857143,LOW_CONFIDENCE,nist-sp-800-61r3-response|nist-sp-800-61r3-containment,0,0,0,0.0,0,2,0.0,0.0
17948,VULNERABILITYSCAN,BENIGN,0.5260663507109006,LOW_CONFIDENCE,nist-sp-800-61r3-response|nist-sp-800-61r3-containment,0,0,0,0.0,0,2,0.0,0.0
17949,DNS_SPOOFING,BENIGN,0.5433962264150943,LOW_CONFIDENCE,nist-sp-800-61r3-response|nist-sp-800-61r3-containment|mitre-t1046-overview|mitre-t1498-detection,0,0,0,0.0,0,4,0.0,0.0
17951,VULNERABILITYSCAN,BENIGN,0.6767857142857143,LOW_CONFIDENCE,nist-sp-800-61r3-response|nist-sp-800-61r3-containment,0,0,0,0.0,0,2,0.0,0.0
17954,VULNERABILITYSCAN,BENIGN,0.6767857142857143,LOW_CONFIDENCE,nist-sp-800-61r3-response|nist-sp-800-61r3-containment,0,0,0,0.0,0,2,0.0,0.0
17957,VULNERABILITYSCAN,BENIGN,0.6767857142857143,LOW_CONFIDENCE,nist-sp-800-61r3-response|nist-sp-800-61r3-containment,0,0,0,0.0,0,2,0.0,0.0
17959,VULNERABILITYSCAN,BENIGN,0.5821917808219178,LOW_CONFIDENCE,nist-sp-800-61r3-response|nist-sp-800-61r3-containment|mitre-t1046-overview|mitre-t1498-detection,0,1,3,0.3333333333333333,1,4,0.25,0.25
17964,VULNERABILITYSCAN,BENIGN,0.6666666666666667,LOW_CONFIDENCE,nist-sp-800-61r3-response|nist-sp-800-61r3-containment,0,0,0,0.0,0,2,0.0,0.0
17972,VULNERABILITYSCAN,BENIGN,0.6767857142857143,LOW_CONFIDENCE,nist-sp-800-61r3-response|nist-sp-800-61r3-containment,0,0,0,0.0,0,2,0.0,0.0
17975,VULNERABILITYSCAN,BENIGN,0.5821917808219178,LOW_CONFIDENCE,nist-sp-800-61r3-response|nist-sp-800-61r3-containment|mitre-t1046-overview|mitre-t1498-detection,0,1,3,0.3333333333333333,1,4,0.25,0.25
17979,VULNERABILITYSCAN,BENIGN,0.6754966887417219,LOW_CONFIDENCE,nist-sp-800-61r3-response|nist-sp-800-61r3-containment,0,0,0,0.0,0,2,0.0,0.0
17981,VULNERABILITYSCAN,BENIGN,0.6881188118811881,LOW_CONFIDENCE,nist-sp-800-61r3-response|nist-sp-800-61r3-containment|mitre-t1046-overview|mitre-t1498-detection,0,1,3,0.3333333333333333,1,4,0.25,0.25
17982,VULNERABILITYSCAN,BENIGN,0.625,LOW_CONFIDENCE,nist-sp-800-61r3-response|nist-sp-800-61r3-containment,0,0,0,0.0,0,2,0.0,0.0
17986,VULNERABILITYSCAN,BENIGN,0.6282051282051282,LOW_CONFIDENCE,nist-sp-800-61r3-response|mitre-t1557-001-indicators|nist-sp-800-61r3-containment|mitre-t1046-overview,0,1,4,0.25,1,4,0.25,0.25
17990,VULNERABILITYSCAN,BENIGN,0.5821917808219178,LOW_CONFIDENCE,nist-sp-800-61r3-response|nist-sp-800-61r3-containment|mitre-t1046-overview|mitre-t1498-detection,0,1,3,0.3333333333333333,1,4,0.25,0.25
17992,VULNERABILITYSCAN,BENIGN,0.6111111111111112,LOW_CONFIDENCE,nist-sp-800-61r3-response|nist-sp-800-61r3-containment,0,0,0,0.0,0,2,0.0,0.0
17995,VULNERABILITYSCAN,BENIGN,0.625,LOW_CONFIDENCE,nist-sp-800-61r3-response|nist-sp-800-61r3-containment,0,0,0,0.0,0,2,0.0,0.0
17997,VULNERABILITYSCAN,BENIGN,0.5865921787709497,LOW_CONFIDENCE,nist-sp-800-61r3-response|nist-sp-800-61r3-containment|mitre-t1046-overview|mitre-t1498-detection,0,1,3,0.3333333333333333,1,4,0.25,0.25
18001,VULNERABILITYSCAN,BENIGN,0.6548672566371682,LOW_CONFIDENCE,nist-sp-800-61r3-response|nist-sp-800-61r3-containment,0,0,0,0.0,0,2,0.0,0.0
18005,VULNERABILITYSCAN,BENIGN,0.6111111111111112,LOW_CONFIDENCE,nist-sp-800-61r3-response|nist-sp-800-61r3-containment,0,0,0,0.0,0,2,0.0,0.0
18007,DNS_SPOOFING,BENIGN,0.6282051282051282,LOW_CONFIDENCE,nist-sp-800-61r3-response|nist-sp-800-61r3-containment,0,0,0,0.0,0,2,0.0,0.0
18009,VULNERABILITYSCAN,BENIGN,0.5821917808219178,LOW_CONFIDENCE,nist-sp-800-61r3-response|nist-sp-800-61r3-containment|mitre-t1046-overview|mitre-t1498-detection,0,1,3,0.3333333333333333,1,4,0.25,0.25
18010,DNS_SPOOFING,BENIGN,0.5433962264150943,LOW_CONFIDENCE,nist-sp-800-61r3-response|nist-sp-800-61r3-containment|mitre-t1046-overview|mitre-t1498-detection,0,0,0,0.0,0,4,0.0,0.0
18011,VULNERABILITYSCAN,BENIGN,0.5260663507109006,LOW_CONFIDENCE,nist-sp-800-61r3-response|nist-sp-800-61r3-containment,0,0,0,0.0,0,2,0.0,0.0
18012,VULNERABILITYSCAN,BENIGN,0.6767857142857143,LOW_CONFIDENCE,nist-sp-800-61r3-response|nist-sp-800-61r3-containment,0,0,0,0.0,0,2,0.0,0.0
18015,VULNERABILITYSCAN,BENIGN,0.6767857142857143,LOW_CONFIDENCE,nist-sp-800-61r3-response|nist-sp-800-61r3-containment,0,0,0,0.0,0,2,0.0,0.0
18018,VULNERABILITYSCAN,BENIGN,0.6767857142857143,LOW_CONFIDENCE,nist-sp-800-61r3-response|nist-sp-800-61r3-containment,0,0,0,0.0,0,2,0.0,0.0
18020,VULNERABILITYSCAN,BENIGN,0.6767857142857143,LOW_CONFIDENCE,nist-sp-800-61r3-response|nist-sp-800-61r3-containment,0,0,0,0.0,0,2,0.0,0.0
18022,VULNERABILITYSCAN,BENIGN,0.6767857142857143,LOW_CONFIDENCE,nist-sp-800-61r3-response|nist-sp-800-61r3-containment,0,0,0,0.0,0,2,0.0,0.0
18023,VULNERABILITYSCAN,BENIGN,0.6767857142857143,LOW_CONFIDENCE,nist-sp-800-61r3-response|nist-sp-800-61r3-containment|mitre-t1046-overview|mitre-t1498-detection,0,1,3,0.3333333333333333,1,4,0.25,0.25
18027,VULNERABILITYSCAN,BENIGN,0.6282051282051282,LOW_CONFIDENCE,nist-sp-800-61r3-response|nist-sp-800-61r3-containment,0,0,0,0.0,0,2,0.0,0.0
18029,VULNERABILITYSCAN,BENIGN,0.6767857142857143,LOW_CONFIDENCE,nist-sp-800-61r3-response|nist-sp-800-61r3-containment|mitre-t1046-overview|mitre-t1498-detection,0,1,3,0.3333333333333333,1,4,0.25,0.25
18030,VULNERABILITYSCAN,BENIGN,0.6767857142857143,LOW_CONFIDENCE,nist-sp-800-61r3-response|nist-sp-800-61r3-containment,0,0,0,0.0,0,2,0.0,0.0
18031,VULNERABILITYSCAN,BENIGN,0.5260663507109006,LOW_CONFIDENCE,nist-sp-800-61r3-response|nist-sp-800-61r3-containment|mitre-t1046-overview|mitre-t1498-detection,0,1,3,0.3333333333333333,1,4,0.25,0.25
18032,VULNERABILITYSCAN,BENIGN,0.6282051282051282,LOW_CONFIDENCE,nist-sp-800-61r3-response|nist-sp-800-61r3-containment,0,0,0,0.0,0,2,0.0,0.0
18034,VULNERABILITYSCAN,BENIGN,0.6111111111111112,LOW_CONFIDENCE,nist-sp-800-61r3-response|nist-sp-800-61r3-containment,0,0,0,0.0,0,2,0.0,0.0
18035,VULNERABILITYSCAN,BENIGN,0.5821917808219178,LOW_CONFIDENCE,nist-sp-800-61r3-response|nist-sp-800-61r3-containment,0,0,0,0.0,0,2,0.0,0.0
18039,VULNERABILITYSCAN,BENIGN,0.6767857142857143,LOW_CONFIDENCE,nist-sp-800-61r3-response|nist-sp-800-61r3-containment,0,0,0,0.0,0,2,0.0,0.0
18041,VULNERABILITYSCAN,BENIGN,0.5260663507109006,LOW_CONFIDENCE,nist-sp-800-61r3-response|nist-sp-800-61r3-containment,0,0,0,0.0,0,2,0.0,0.0
18044,VULNERABILITYSCAN,BENIGN,0.6767857142857143,LOW_CONFIDENCE,nist-sp-800-61r3-response|nist-sp-800-61r3-containment,0,0,0,0.0,0,2,0.0,0.0
18045,VULNERABILITYSCAN,BENIGN,0.6754966887417219,LOW_CONFIDENCE,nist-sp-800-61r3-response|nist-sp-800-61r3-containment|mitre-t1046-overview|mitre-t1498-detection,0,1,3,0.3333333333333333,1,4,0.25,0.25
18046,VULNERABILITYSCAN,BENIGN,0.5821917808219178,LOW_CONFIDENCE,nist-sp-800-61r3-response|nist-sp-800-61r3-containment,0,0,0,0.0,0,2,0.0,0.0
18048,VULNERABILITYSCAN,BENIGN,0.5433962264150943,LOW_CONFIDENCE,nist-sp-800-61r3-response|nist-sp-800-61r3-containment|mitre-t1046-overview|mitre-t1498-detection,0,1,3,0.3333333333333333,1,4,0.25,0.25
18055,VULNERABILITYSCAN,BENIGN,0.6767857142857143,LOW_CONFIDENCE,nist-sp-800-61r3-response|nist-sp-800-61r3-containment,0,0,0,0.0,0,2,0.0,0.0
18056,VULNERABILITYSCAN,BENIGN,0.6548672566371682,LOW_CONFIDENCE,nist-sp-800-61r3-response|nist-sp-800-61r3-containment,0,0,0,0.0,0,2,0.0,0.0
18058,VULNERABILITYSCAN,BENIGN,0.6881188118811881,LOW_CONFIDENCE,nist-sp-800-61r3-response|nist-sp-800-61r3-containment,0,0,0,0.0,0,2,0.0,0.0
18059,VULNERABILITYSCAN,BENIGN,0.5260663507109006,LOW_CONFIDENCE,nist-sp-800-61r3-response|nist-sp-800-61r3-containment,0,0,0,0.0,0,2,0.0,0.0
18062,VULNERABILITYSCAN,BENIGN,0.6666666666666667,LOW_CONFIDENCE,nist-sp-800-61r3-response|nist-sp-800-61r3-containment,0,0,0,0.0,0,2,0.0,0.0
18064,VULNERABILITYSCAN,BENIGN,0.6767857142857143,LOW_CONFIDENCE,nist-sp-800-61r3-response|nist-sp-800-61r3-containment|mitre-t1046-overview|mitre-t1498-detection,0,1,3,0.3333333333333333,1,4,0.25,0.25
18065,DNS_SPOOFING,BENIGN,0.6548672566371682,LOW_CONFIDENCE,nist-sp-800-61r3-response|nist-sp-800-61r3-containment,0,0,0,0.0,0,2,0.0,0.0
18066,VULNERABILITYSCAN,BENIGN,0.625,LOW_CONFIDENCE,nist-sp-800-61r3-response|nist-sp-800-61r3-containment,0,0,0,0.0,0,2,0.0,0.0
18068,VULNERABILITYSCAN,BENIGN,0.6111111111111112,LOW_CONFIDENCE,nist-sp-800-61r3-response|nist-sp-800-61r3-containment,0,0,0,0.0,0,2,0.0,0.0
18069,DNS_SPOOFING,BENIGN,0.6521739130434783,LOW_CONFIDENCE,nist-sp-800-61r3-response|nist-sp-800-61r3-containment|mitre-t1046-overview|mitre-t1498-detection,0,0,0,0.0,0,4,0.0,0.0
18072,VULNERABILITYSCAN,BENIGN,0.5260663507109006,LOW_CONFIDENCE,nist-sp-800-61r3-response|nist-sp-800-61r3-containment,0,0,0,0.0,0,2,0.0,0.0
18073,VULNERABILITYSCAN,BENIGN,0.6767857142857143,LOW_CONFIDENCE,nist-sp-800-61r3-response|nist-sp-800-61r3-containment,0,0,0,0.0,0,2,0.0,0.0
18078,VULNERABILITYSCAN,BENIGN,0.6754966887417219,LOW_CONFIDENCE,nist-sp-800-61r3-response|nist-sp-800-61r3-containment,0,0,0,0.0,0,2,0.0,0.0
18080,VULNERABILITYSCAN,BENIGN,0.6111111111111112,LOW_CONFIDENCE,nist-sp-800-61r3-response|nist-sp-800-61r3-containment,0,0,0,0.0,0,2,0.0,0.0
18081,VULNERABILITYSCAN,BENIGN,0.6767857142857143,LOW_CONFIDENCE,nist-sp-800-61r3-response|nist-sp-800-61r3-containment,0,0,0,0.0,0,2,0.0,0.0
18082,VULNERABILITYSCAN,BENIGN,0.6548672566371682,LOW_CONFIDENCE,nist-sp-800-61r3-response|nist-sp-800-61r3-containment,0,0,0,0.0,0,2,0.0,0.0
18084,VULNERABILITYSCAN,BENIGN,0.6111111111111112,LOW_CONFIDENCE,nist-sp-800-61r3-response|nist-sp-800-61r3-containment,0,0,0,0.0,0,2,0.0,0.0
18086,VULNERABILITYSCAN,BENIGN,0.5433962264150943,LOW_CONFIDENCE,nist-sp-800-61r3-response|nist-sp-800-61r3-containment,0,0,0,0.0,0,2,0.0,0.0
18087,VULNERABILITYSCAN,BENIGN,0.6548672566371682,LOW_CONFIDENCE,nist-sp-800-61r3-response|nist-sp-800-61r3-containment,0,0,0,0.0,0,2,0.0,0.0
18088,VULNERABILITYSCAN,BENIGN,0.6548672566371682,LOW_CONFIDENCE,nist-sp-800-61r3-response|nist-sp-800-61r3-containment,0,0,0,0.0,0,2,0.0,0.0
18092,VULNERABILITYSCAN,BENIGN,0.6548672566371682,LOW_CONFIDENCE,nist-sp-800-61r3-response|nist-sp-800-61r3-containment|mitre-t1046-overview|mitre-t1498-detection,0,1,3,0.3333333333333333,1,4,0.25,0.25
18097,VULNERABILITYSCAN,BENIGN,0.5433962264150943,LOW_CONFIDENCE,nist-sp-800-61r3-response|nist-sp-800-61r3-containment,0,0,0,0.0,0,2,0.0,0.0
18099,VULNERABILITYSCAN,BENIGN,0.5433962264150943,LOW_CONFIDENCE,nist-sp-800-61r3-response|nist-sp-800-61r3-containment,0,0,0,0.0,0,2,0.0,0.0
18101,VULNERABILITYSCAN,BENIGN,0.5433962264150943,LOW_CONFIDENCE,nist-sp-800-61r3-response|nist-sp-800-61r3-containment,0,0,0,0.0,0,2,0.0,0.0
18102,DNS_SPOOFING,BENIGN,0.6881188118811881,LOW_CONFIDENCE,nist-sp-800-61r3-response|nist-sp-800-61r3-containment|mitre-t1046-overview|mitre-t1498-detection,0,0,0,0.0,0,4,0.0,0.0
18107,VULNERABILITYSCAN,BENIGN,0.5433962264150943,LOW_CONFIDENCE,nist-sp-800-61r3-response|nist-sp-800-61r3-containment,0,0,0,0.0,0,2,0.0,0.0
18109,VULNERABILITYSCAN,BENIGN,0.5433962264150943,LOW_CONFIDENCE,nist-sp-800-61r3-response|nist-sp-800-61r3-containment,0,0,0,0.0,0,2,0.0,0.0
18115,VULNERABILITYSCAN,BENIGN,0.6606401728325998,LOW_CONFIDENCE,nist-sp-800-61r3-response|nist-sp-800-61r3-containment,0,0,0,0.0,0,2,0.0,0.0
18116,DNS_SPOOFING,BENIGN,0.5865921787709497,LOW_CONFIDENCE,nist-sp-800-61r3-response|nist-sp-800-61r3-containment,0,0,0,0.0,0,2,0.0,0.0
18117,VULNERABILITYSCAN,BENIGN,0.6111111111111112,LOW_CONFIDENCE,nist-sp-800-61r3-response|nist-sp-800-61r3-containment,0,0,0,0.0,0,2,0.0,0.0
18121,VULNERABILITYSCAN,BENIGN,0.6881188118811881,LOW_CONFIDENCE,nist-sp-800-61r3-response|nist-sp-800-61r3-containment|mitre-t1046-overview|mitre-t1498-detection,0,1,3,0.3333333333333333,1,4,0.25,0.25
18122,VULNERABILITYSCAN,BENIGN,0.5865921787709497,LOW_CONFIDENCE,nist-sp-800-61r3-response|nist-sp-800-61r3-containment,0,0,0,0.0,0,2,0.0,0.0
18128,VULNERABILITYSCAN,BENIGN,0.6881188118811881,LOW_CONFIDENCE,nist-sp-800-61r3-response|nist-sp-800-61r3-containment|mitre-t1046-overview|mitre-t1498-detection,0,1,3,0.3333333333333333,1,4,0.25,0.25
18131,VULNERABILITYSCAN,BENIGN,0.6282051282051282,LOW_CONFIDENCE,nist-sp-800-61r3-response|nist-sp-800-61r3-containment|mitre-t1046-overview|mitre-t1498-detection,0,1,3,0.3333333333333333,1,4,0.25,0.25
18139,VULNERABILITYSCAN,BENIGN,0.6767857142857143,LOW_CONFIDENCE,nist-sp-800-61r3-response|nist-sp-800-61r3-containment,0,0,0,0.0,0,2,0.0,0.0
18143,VULNERABILITYSCAN,BENIGN,0.6767857142857143,LOW_CONFIDENCE,nist-sp-800-61r3-response|nist-sp-800-61r3-containment,0,0,0,0.0,0,2,0.0,0.0
18148,VULNERABILITYSCAN,BENIGN,0.6767857142857143,LOW_CONFIDENCE,nist-sp-800-61r3-response|nist-sp-800-61r3-containment,0,0,0,0.0,0,2,0.0,0.0
18150,VULNERABILITYSCAN,BENIGN,0.6881188118811881,LOW_CONFIDENCE,nist-sp-800-61r3-response|nist-sp-800-61r3-containment|mitre-t1046-overview|mitre-t1498-detection,0,1,3,0.3333333333333333,1,4,0.25,0.25
18152,VULNERABILITYSCAN,BENIGN,0.6881188118811881,LOW_CONFIDENCE,nist-sp-800-61r3-response|nist-sp-800-61r3-containment,0,0,0,0.0,0,2,0.0,0.0
18155,VULNERABILITYSCAN,BENIGN,0.5433962264150943,LOW_CONFIDENCE,nist-sp-800-61r3-response|nist-sp-800-61r3-containment,0,0,0,0.0,0,2,0.0,0.0
18159,VULNERABILITYSCAN,BENIGN,0.625,LOW_CONFIDENCE,nist-sp-800-61r3-response|nist-sp-800-61r3-containment|mitre-t1046-overview|mitre-t1498-detection,0,1,3,0.3333333333333333,1,4,0.25,0.25
18161,VULNERABILITYSCAN,BENIGN,0.6282051282051282,LOW_CONFIDENCE,nist-sp-800-61r3-response|nist-sp-800-61r3-containment|mitre-t1046-overview|mitre-t1498-detection,0,1,3,0.3333333333333333,1,4,0.25,0.25
18162,VULNERABILITYSCAN,BENIGN,0.5260663507109006,LOW_CONFIDENCE,nist-sp-800-61r3-response|nist-sp-800-61r3-containment,0,0,0,0.0,0,2,0.0,0.0
18163,DNS_SPOOFING,BENIGN,0.6767857142857143,LOW_CONFIDENCE,nist-sp-800-61r3-response|nist-sp-800-61r3-containment|mitre-t1046-overview|mitre-t1498-detection,0,0,0,0.0,0,4,0.0,0.0
18166,DNS_SPOOFING,BENIGN,0.5260663507109006,LOW_CONFIDENCE,nist-sp-800-61r3-response|nist-sp-800-61r3-containment,0,0,0,0.0,0,2,0.0,0.0
18170,VULNERABILITYSCAN,BENIGN,0.6111111111111112,LOW_CONFIDENCE,nist-sp-800-61r3-response|nist-sp-800-61r3-containment,0,0,0,0.0,0,2,0.0,0.0
18173,VULNERABILITYSCAN,BENIGN,0.6754966887417219,LOW_CONFIDENCE,nist-sp-800-61r3-response|nist-sp-800-61r3-containment|mitre-t1046-overview|mitre-t1498-detection,0,1,3,0.3333333333333333,1,4,0.25,0.25
18175,VULNERABILITYSCAN,BENIGN,0.5260663507109006,LOW_CONFIDENCE,nist-sp-800-61r3-response|nist-sp-800-61r3-containment,0,0,0,0.0,0,2,0.0,0.0
18176,VULNERABILITYSCAN,BENIGN,0.5260663507109006,LOW_CONFIDENCE,nist-sp-800-61r3-response|nist-sp-800-61r3-containment,0,0,0,0.0,0,2,0.0,0.0
18179,VULNERABILITYSCAN,BENIGN,0.6767857142857143,LOW_CONFIDENCE,nist-sp-800-61r3-response|nist-sp-800-61r3-containment,0,0,0,0.0,0,2,0.0,0.0
18181,VULNERABILITYSCAN,BENIGN,0.5433962264150943,LOW_CONFIDENCE,nist-sp-800-61r3-response|nist-sp-800-61r3-containment,0,0,0,0.0,0,2,0.0,0.0
18184,VULNERABILITYSCAN,BENIGN,0.5433962264150943,LOW_CONFIDENCE,nist-sp-800-61r3-response|nist-sp-800-61r3-containment,0,0,0,0.0,0,2,0.0,0.0
18185,VULNERABILITYSCAN,BENIGN,0.6548672566371682,LOW_CONFIDENCE,nist-sp-800-61r3-response|nist-sp-800-61r3-containment,0,0,0,0.0,0,2,0.0,0.0
18186,VULNERABILITYSCAN,BENIGN,0.5865921787709497,LOW_CONFIDENCE,nist-sp-800-61r3-response|nist-sp-800-61r3-containment,0,0,0,0.0,0,2,0.0,0.0
18187,VULNERABILITYSCAN,BENIGN,0.6548672566371682,LOW_CONFIDENCE,nist-sp-800-61r3-response|mitre-t1557-001-indicators|nist-sp-800-61r3-containment,0,0,0,0.0,0,3,0.0,0.0
18188,VULNERABILITYSCAN,BENIGN,0.5260663507109006,LOW_CONFIDENCE,nist-sp-800-61r3-response|nist-sp-800-61r3-containment|mitre-t1046-overview|mitre-t1498-detection,0,1,3,0.3333333333333333,1,4,0.25,0.25
18190,VULNERABILITYSCAN,BENIGN,0.5865921787709497,LOW_CONFIDENCE,nist-sp-800-61r3-response|nist-sp-800-61r3-containment,0,0,0,0.0,0,2,0.0,0.0
18194,VULNERABILITYSCAN,BENIGN,0.6282051282051282,LOW_CONFIDENCE,nist-sp-800-61r3-response|nist-sp-800-61r3-containment,0,0,0,0.0,0,2,0.0,0.0
18195,VULNERABILITYSCAN,BENIGN,0.6767857142857143,LOW_CONFIDENCE,nist-sp-800-61r3-response|nist-sp-800-61r3-containment,0,0,0,0.0,0,2,0.0,0.0
18196,VULNERABILITYSCAN,BENIGN,0.6767857142857143,LOW_CONFIDENCE,nist-sp-800-61r3-response|nist-sp-800-61r3-containment,0,0,0,0.0,0,2,0.0,0.0
18199,VULNERABILITYSCAN,BENIGN,0.5260663507109006,LOW_CONFIDENCE,nist-sp-800-61r3-response|nist-sp-800-61r3-containment,0,0,0,0.0,0,2,0.0,0.0
18201,VULNERABILITYSCAN,BENIGN,0.5433962264150943,LOW_CONFIDENCE,nist-sp-800-61r3-response|nist-sp-800-61r3-containment|mitre-t1046-overview|mitre-t1498-detection,0,1,3,0.3333333333333333,1,4,0.25,0.25
18208,VULNERABILITYSCAN,BENIGN,0.6881188118811881,LOW_CONFIDENCE,nist-sp-800-61r3-response|nist-sp-800-61r3-containment,0,0,0,0.0,0,2,0.0,0.0
18209,VULNERABILITYSCAN,BENIGN,0.6754966887417219,LOW_CONFIDENCE,nist-sp-800-61r3-response|nist-sp-800-61r3-containment,0,0,0,0.0,0,2,0.0,0.0
18211,VULNERABILITYSCAN,BENIGN,0.6548672566371682,LOW_CONFIDENCE,nist-sp-800-61r3-response|nist-sp-800-61r3-containment,0,0,0,0.0,0,2,0.0,0.0
18212,VULNERABILITYSCAN,BENIGN,0.6754966887417219,LOW_CONFIDENCE,nist-sp-800-61r3-response|nist-sp-800-61r3-containment,0,0,0,0.0,0,2,0.0,0.0
18213,VULNERABILITYSCAN,BENIGN,0.6111111111111112,LOW_CONFIDENCE,nist-sp-800-61r3-response|nist-sp-800-61r3-containment,0,0,0,0.0,0,2,0.0,0.0
18214,VULNERABILITYSCAN,BENIGN,0.6767857142857143,LOW_CONFIDENCE,nist-sp-800-61r3-response|nist-sp-800-61r3-containment,0,0,0,0.0,0,2,0.0,0.0
18217,VULNERABILITYSCAN,BENIGN,0.6767857142857143,LOW_CONFIDENCE,nist-sp-800-61r3-response|nist-sp-800-61r3-containment|mitre-t1046-overview|mitre-t1498-detection,0,1,3,0.3333333333333333,1,4,0.25,0.25
18218,VULNERABILITYSCAN,BENIGN,0.5821917808219178,LOW_CONFIDENCE,nist-sp-800-61r3-response|nist-sp-800-61r3-containment|mitre-t1046-overview|mitre-t1498-detection,0,1,3,0.3333333333333333,1,4,0.25,0.25
18221,VULNERABILITYSCAN,BENIGN,0.6767857142857143,LOW_CONFIDENCE,nist-sp-800-61r3-response|nist-sp-800-61r3-containment,0,0,0,0.0,0,2,0.0,0.0
18222,VULNERABILITYSCAN,BENIGN,0.5260663507109006,LOW_CONFIDENCE,nist-sp-800-61r3-response|nist-sp-800-61r3-containment,0,0,0,0.0,0,2,0.0,0.0
18223,VULNERABILITYSCAN,BENIGN,0.6881188118811881,LOW_CONFIDENCE,nist-sp-800-61r3-response|nist-sp-800-61r3-containment,0,0,0,0.0,0,2,0.0,0.0
18225,VULNERABILITYSCAN,BENIGN,0.5433962264150943,LOW_CONFIDENCE,nist-sp-800-61r3-response|nist-sp-800-61r3-containment,0,0,0,0.0,0,2,0.0,0.0
18230,VULNERABILITYSCAN,BENIGN,0.6767857142857143,LOW_CONFIDENCE,nist-sp-800-61r3-response|mitre-t1557-001-indicators|nist-sp-800-61r3-containment,0,0,0,0.0,0,3,0.0,0.0
18232,VULNERABILITYSCAN,BENIGN,0.6666666666666667,LOW_CONFIDENCE,nist-sp-800-61r3-response|nist-sp-800-61r3-containment,0,0,0,0.0,0,2,0.0,0.0
18234,VULNERABILITYSCAN,BENIGN,0.625,LOW_CONFIDENCE,nist-sp-800-61r3-response|nist-sp-800-61r3-containment,0,0,0,0.0,0,2,0.0,0.0
18236,VULNERABILITYSCAN,BENIGN,0.6767857142857143,LOW_CONFIDENCE,nist-sp-800-61r3-response|nist-sp-800-61r3-containment,0,0,0,0.0,0,2,0.0,0.0
18237,VULNERABILITYSCAN,BENIGN,0.5260663507109006,LOW_CONFIDENCE,nist-sp-800-61r3-response|nist-sp-800-61r3-containment,0,0,0,0.0,0,2,0.0,0.0
18238,VULNERABILITYSCAN,BENIGN,0.6548672566371682,LOW_CONFIDENCE,nist-sp-800-61r3-response|nist-sp-800-61r3-containment,0,0,0,0.0,0,2,0.0,0.0
18243,VULNERABILITYSCAN,BENIGN,0.5865921787709497,LOW_CONFIDENCE,nist-sp-800-61r3-response|nist-sp-800-61r3-containment,0,0,0,0.0,0,2,0.0,0.0
18246,VULNERABILITYSCAN,BENIGN,0.6754966887417219,LOW_CONFIDENCE,nist-sp-800-61r3-response|nist-sp-800-61r3-containment|mitre-t1046-overview|mitre-t1498-detection,0,1,3,0.3333333333333333,1,4,0.25,0.25
18248,VULNERABILITYSCAN,BENIGN,0.5433962264150943,LOW_CONFIDENCE,nist-sp-800-61r3-response|nist-sp-800-61r3-containment,0,0,0,0.0,0,2,0.0,0.0
18260,VULNERABILITYSCAN,BENIGN,0.6881188118811881,LOW_CONFIDENCE,nist-sp-800-61r3-response|nist-sp-800-61r3-containment|mitre-t1046-overview|mitre-t1498-detection,0,1,3,0.3333333333333333,1,4,0.25,0.25
18273,VULNERABILITYSCAN,BENIGN,0.5821917808219178,LOW_CONFIDENCE,nist-sp-800-61r3-response|nist-sp-800-61r3-containment|mitre-t1046-overview|mitre-t1498-detection,0,1,3,0.3333333333333333,1,4,0.25,0.25
18274,VULNERABILITYSCAN,BENIGN,0.6111111111111112,LOW_CONFIDENCE,nist-sp-800-61r3-response|nist-sp-800-61r3-containment,0,0,0,0.0,0,2,0.0,0.0
18276,VULNERABILITYSCAN,BENIGN,0.6767857142857143,LOW_CONFIDENCE,nist-sp-800-61r3-response|nist-sp-800-61r3-containment,0,0,0,0.0,0,2,0.0,0.0
18278,VULNERABILITYSCAN,BENIGN,0.6548672566371682,LOW_CONFIDENCE,nist-sp-800-61r3-response|nist-sp-800-61r3-containment,0,0,0,0.0,0,2,0.0,0.0
18280,VULNERABILITYSCAN,BENIGN,0.6767857142857143,LOW_CONFIDENCE,nist-sp-800-61r3-response|nist-sp-800-61r3-containment,0,0,0,0.0,0,2,0.0,0.0
18281,VULNERABILITYSCAN,BENIGN,0.625,LOW_CONFIDENCE,nist-sp-800-61r3-response|nist-sp-800-61r3-containment,0,0,0,0.0,0,2,0.0,0.0
18282,VULNERABILITYSCAN,BENIGN,0.6767857142857143,LOW_CONFIDENCE,nist-sp-800-61r3-response|nist-sp-800-61r3-containment,0,0,0,0.0,0,2,0.0,0.0
18284,VULNERABILITYSCAN,BENIGN,0.5821917808219178,LOW_CONFIDENCE,nist-sp-800-61r3-response|nist-sp-800-61r3-containment,0,0,0,0.0,0,2,0.0,0.0
18288,VULNERABILITYSCAN,BENIGN,0.6521739130434783,LOW_CONFIDENCE,nist-sp-800-61r3-response|nist-sp-800-61r3-containment|mitre-t1046-overview|mitre-t1498-detection,0,1,3,0.3333333333333333,1,4,0.25,0.25
18290,VULNERABILITYSCAN,BENIGN,0.6881188118811881,LOW_CONFIDENCE,nist-sp-800-61r3-response|nist-sp-800-61r3-containment|mitre-t1046-overview|mitre-t1498-detection,0,1,3,0.3333333333333333,1,4,0.25,0.25
18292,VULNERABILITYSCAN,BENIGN,0.6767857142857143,LOW_CONFIDENCE,nist-sp-800-61r3-response|nist-sp-800-61r3-containment,0,0,0,0.0,0,2,0.0,0.0
18294,VULNERABILITYSCAN,BENIGN,0.6754966887417219,LOW_CONFIDENCE,nist-sp-800-61r3-response|nist-sp-800-61r3-containment|mitre-t1046-overview|mitre-t1498-detection,0,1,3,0.3333333333333333,1,4,0.25,0.25
18295,VULNERABILITYSCAN,BENIGN,0.5821917808219178,LOW_CONFIDENCE,nist-sp-800-61r3-response|nist-sp-800-61r3-containment|mitre-t1046-overview|mitre-t1498-detection,0,1,3,0.3333333333333333,1,4,0.25,0.25
18296,VULNERABILITYSCAN,BENIGN,0.6548672566371682,LOW_CONFIDENCE,nist-sp-800-61r3-response|nist-sp-800-61r3-containment,0,0,0,0.0,0,2,0.0,0.0
18299,VULNERABILITYSCAN,BENIGN,0.6548672566371682,LOW_CONFIDENCE,nist-sp-800-61r3-response|nist-sp-800-61r3-containment,0,0,0,0.0,0,2,0.0,0.0
18301,DNS_SPOOFING,BENIGN,0.5433962264150943,LOW_CONFIDENCE,nist-sp-800-61r3-response|nist-sp-800-61r3-containment,0,0,0,0.0,0,2,0.0,0.0
18303,VULNERABILITYSCAN,BENIGN,0.5821917808219178,LOW_CONFIDENCE,nist-sp-800-61r3-response|nist-sp-800-61r3-containment,0,0,0,0.0,0,2,0.0,0.0
18304,VULNERABILITYSCAN,BENIGN,0.5433962264150943,LOW_CONFIDENCE,nist-sp-800-61r3-response|nist-sp-800-61r3-containment,0,0,0,0.0,0,2,0.0,0.0
18306,VULNERABILITYSCAN,BENIGN,0.5865921787709497,LOW_CONFIDENCE,nist-sp-800-61r3-response|nist-sp-800-61r3-containment,0,0,0,0.0,0,2,0.0,0.0
18309,VULNERABILITYSCAN,BENIGN,0.6881188118811881,LOW_CONFIDENCE,nist-sp-800-61r3-response|nist-sp-800-61r3-containment|mitre-t1046-overview|mitre-t1498-detection,0,1,3,0.3333333333333333,1,4,0.25,0.25
18310,VULNERABILITYSCAN,BENIGN,0.5865921787709497,LOW_CONFIDENCE,nist-sp-800-61r3-response|nist-sp-800-61r3-containment,0,0,0,0.0,0,2,0.0,0.0
18311,VULNERABILITYSCAN,BENIGN,0.6767857142857143,LOW_CONFIDENCE,nist-sp-800-61r3-response|nist-sp-800-61r3-containment,0,0,0,0.0,0,2,0.0,0.0
18312,VULNERABILITYSCAN,BENIGN,0.6881188118811881,LOW_CONFIDENCE,nist-sp-800-61r3-response|nist-sp-800-61r3-containment|mitre-t1046-overview|mitre-t1498-detection,0,1,3,0.3333333333333333,1,4,0.25,0.25
18313,VULNERABILITYSCAN,BENIGN,0.6111111111111112,LOW_CONFIDENCE,nist-sp-800-61r3-response|nist-sp-800-61r3-containment,0,0,0,0.0,0,2,0.0,0.0
18316,VULNERABILITYSCAN,BENIGN,0.6767857142857143,LOW_CONFIDENCE,nist-sp-800-61r3-response|nist-sp-800-61r3-containment|mitre-t1046-overview|mitre-t1498-detection,0,1,3,0.3333333333333333,1,4,0.25,0.25
18317,VULNERABILITYSCAN,BENIGN,0.6767857142857143,LOW_CONFIDENCE,nist-sp-800-61r3-response|nist-sp-800-61r3-containment,0,0,0,0.0,0,2,0.0,0.0
18318,VULNERABILITYSCAN,BENIGN,0.6767857142857143,LOW_CONFIDENCE,nist-sp-800-61r3-response|nist-sp-800-61r3-containment,0,0,0,0.0,0,2,0.0,0.0
18319,VULNERABILITYSCAN,BENIGN,0.6111111111111112,LOW_CONFIDENCE,nist-sp-800-61r3-response|nist-sp-800-61r3-containment,0,0,0,0.0,0,2,0.0,0.0
18322,VULNERABILITYSCAN,BENIGN,0.6548672566371682,LOW_CONFIDENCE,nist-sp-800-61r3-response|nist-sp-800-61r3-containment,0,0,0,0.0,0,2,0.0,0.0
18323,VULNERABILITYSCAN,BENIGN,0.5433962264150943,LOW_CONFIDENCE,nist-sp-800-61r3-response|nist-sp-800-61r3-containment|mitre-t1046-overview|mitre-t1498-detection,0,1,3,0.3333333333333333,1,4,0.25,0.25
18326,VULNERABILITYSCAN,BENIGN,0.5433962264150943,LOW_CONFIDENCE,nist-sp-800-61r3-response|nist-sp-800-61r3-containment,0,0,0,0.0,0,2,0.0,0.0
18329,VULNERABILITYSCAN,BENIGN,0.6767857142857143,LOW_CONFIDENCE,nist-sp-800-61r3-response|nist-sp-800-61r3-containment,0,0,0,0.0,0,2,0.0,0.0
18330,VULNERABILITYSCAN,BENIGN,0.5260663507109006,LOW_CONFIDENCE,nist-sp-800-61r3-response|nist-sp-800-61r3-containment,0,0,0,0.0,0,2,0.0,0.0
18331,VULNERABILITYSCAN,BENIGN,0.6754966887417219,LOW_CONFIDENCE,nist-sp-800-61r3-response|nist-sp-800-61r3-containment,0,0,0,0.0,0,2,0.0,0.0
18333,VULNERABILITYSCAN,BENIGN,0.6767857142857143,LOW_CONFIDENCE,nist-sp-800-61r3-response|nist-sp-800-61r3-containment,0,0,0,0.0,0,2,0.0,0.0
18338,VULNERABILITYSCAN,BENIGN,0.5865921787709497,LOW_CONFIDENCE,nist-sp-800-61r3-response|nist-sp-800-61r3-containment|mitre-t1046-overview|mitre-t1498-detection,0,1,3,0.3333333333333333,1,4,0.25,0.25
18340,VULNERABILITYSCAN,BENIGN,0.6767857142857143,LOW_CONFIDENCE,nist-sp-800-61r3-response|nist-sp-800-61r3-containment,0,0,0,0.0,0,2,0.0,0.0
18347,VULNERABILITYSCAN,BENIGN,0.6548672566371682,LOW_CONFIDENCE,nist-sp-800-61r3-response|nist-sp-800-61r3-containment,0,0,0,0.0,0,2,0.0,0.0
18351,VULNERABILITYSCAN,BENIGN,0.6767857142857143,LOW_CONFIDENCE,nist-sp-800-61r3-response|nist-sp-800-61r3-containment,0,0,0,0.0,0,2,0.0,0.0
18352,VULNERABILITYSCAN,BENIGN,0.6767857142857143,LOW_CONFIDENCE,nist-sp-800-61r3-response|nist-sp-800-61r3-containment,0,0,0,0.0,0,2,0.0,0.0
18353,VULNERABILITYSCAN,BENIGN,0.6548672566371682,LOW_CONFIDENCE,nist-sp-800-61r3-response|nist-sp-800-61r3-containment,0,0,0,0.0,0,2,0.0,0.0
18355,VULNERABILITYSCAN,BENIGN,0.5865921787709497,LOW_CONFIDENCE,nist-sp-800-61r3-response|nist-sp-800-61r3-containment,0,0,0,0.0,0,2,0.0,0.0
18356,VULNERABILITYSCAN,BENIGN,0.6754966887417219,LOW_CONFIDENCE,nist-sp-800-61r3-response|nist-sp-800-61r3-containment|mitre-t1046-overview|mitre-t1498-detection,0,1,3,0.3333333333333333,1,4,0.25,0.25
18359,VULNERABILITYSCAN,BENIGN,0.6881188118811881,LOW_CONFIDENCE,nist-sp-800-61r3-response|nist-sp-800-61r3-containment|mitre-t1046-overview|mitre-t1498-detection,0,1,3,0.3333333333333333,1,4,0.25,0.25
18371,VULNERABILITYSCAN,BENIGN,0.6111111111111112,LOW_CONFIDENCE,nist-sp-800-61r3-response|nist-sp-800-61r3-containment,0,0,0,0.0,0,2,0.0,0.0
18377,VULNERABILITYSCAN,BENIGN,0.6111111111111112,LOW_CONFIDENCE,nist-sp-800-61r3-response|nist-sp-800-61r3-containment,0,0,0,0.0,0,2,0.0,0.0
18380,VULNERABILITYSCAN,BENIGN,0.5865921787709497,LOW_CONFIDENCE,nist-sp-800-61r3-response|nist-sp-800-61r3-containment,0,0,0,0.0,0,2,0.0,0.0
18381,VULNERABILITYSCAN,BENIGN,0.6754966887417219,LOW_CONFIDENCE,nist-sp-800-61r3-response|nist-sp-800-61r3-containment,0,0,0,0.0,0,2,0.0,0.0
18382,VULNERABILITYSCAN,BENIGN,0.6767857142857143,LOW_CONFIDENCE,nist-sp-800-61r3-response|nist-sp-800-61r3-containment,0,0,0,0.0,0,2,0.0,0.0
18384,VULNERABILITYSCAN,BENIGN,0.6767857142857143,LOW_CONFIDENCE,nist-sp-800-61r3-response|nist-sp-800-61r3-containment,0,0,0,0.0,0,2,0.0,0.0
18385,VULNERABILITYSCAN,BENIGN,0.5865921787709497,LOW_CONFIDENCE,nist-sp-800-61r3-response|nist-sp-800-61r3-containment|mitre-t1046-overview|mitre-t1498-detection,0,1,3,0.3333333333333333,1,4,0.25,0.25
18389,VULNERABILITYSCAN,BENIGN,0.625,LOW_CONFIDENCE,nist-sp-800-61r3-response|nist-sp-800-61r3-containment|mitre-t1046-overview|mitre-t1498-detection,0,1,3,0.3333333333333333,1,4,0.25,0.25
18390,VULNERABILITYSCAN,BENIGN,0.5821917808219178,LOW_CONFIDENCE,nist-sp-800-61r3-response|nist-sp-800-61r3-containment|mitre-t1046-overview|mitre-t1498-detection,0,1,3,0.3333333333333333,1,4,0.25,0.25
18395,VULNERABILITYSCAN,BENIGN,0.6767857142857143,LOW_CONFIDENCE,nist-sp-800-61r3-response|nist-sp-800-61r3-containment,0,0,0,0.0,0,2,0.0,0.0
18396,VULNERABILITYSCAN,BENIGN,0.6767857142857143,LOW_CONFIDENCE,nist-sp-800-61r3-response|nist-sp-800-61r3-containment,0,0,0,0.0,0,2,0.0,0.0
18400,VULNERABILITYSCAN,BENIGN,0.6881188118811881,LOW_CONFIDENCE,nist-sp-800-61r3-response|nist-sp-800-61r3-containment,0,0,0,0.0,0,2,0.0,0.0
18405,VULNERABILITYSCAN,BENIGN,0.5433962264150943,LOW_CONFIDENCE,nist-sp-800-61r3-response|nist-sp-800-61r3-containment,0,0,0,0.0,0,2,0.0,0.0
18409,VULNERABILITYSCAN,BENIGN,0.6282051282051282,LOW_CONFIDENCE,nist-sp-800-61r3-response|nist-sp-800-61r3-containment|mitre-t1046-overview|mitre-t1498-detection,0,1,3,0.3333333333333333,1,4,0.25,0.25
18410,VULNERABILITYSCAN,BENIGN,0.5260663507109006,LOW_CONFIDENCE,nist-sp-800-61r3-response|nist-sp-800-61r3-containment,0,0,0,0.0,0,2,0.0,0.0
18412,VULNERABILITYSCAN,BENIGN,0.6881188118811881,LOW_CONFIDENCE,nist-sp-800-61r3-response|nist-sp-800-61r3-containment|mitre-t1046-overview|mitre-t1498-detection,0,1,3,0.3333333333333333,1,4,0.25,0.25
18413,VULNERABILITYSCAN,BENIGN,0.6767857142857143,LOW_CONFIDENCE,nist-sp-800-61r3-response|nist-sp-800-61r3-containment,0,0,0,0.0,0,2,0.0,0.0
18414,VULNERABILITYSCAN,BENIGN,0.5260663507109006,LOW_CONFIDENCE,nist-sp-800-61r3-response|nist-sp-800-61r3-containment,0,0,0,0.0,0,2,0.0,0.0
18417,VULNERABILITYSCAN,BENIGN,0.6767857142857143,LOW_CONFIDENCE,nist-sp-800-61r3-response|nist-sp-800-61r3-containment,0,0,0,0.0,0,2,0.0,0.0
18419,VULNERABILITYSCAN,BENIGN,0.5865921787709497,LOW_CONFIDENCE,nist-sp-800-61r3-response|nist-sp-800-61r3-containment,0,0,0,0.0,0,2,0.0,0.0
18420,VULNERABILITYSCAN,BENIGN,0.5821917808219178,LOW_CONFIDENCE,nist-sp-800-61r3-response|nist-sp-800-61r3-containment,0,0,0,0.0,0,2,0.0,0.0
18423,VULNERABILITYSCAN,BENIGN,0.6111111111111112,LOW_CONFIDENCE,nist-sp-800-61r3-response|nist-sp-800-61r3-containment,0,0,0,0.0,0,2,0.0,0.0
18424,VULNERABILITYSCAN,BENIGN,0.5433962264150943,LOW_CONFIDENCE,nist-sp-800-61r3-response|nist-sp-800-61r3-containment,0,0,0,0.0,0,2,0.0,0.0
18425,VULNERABILITYSCAN,BENIGN,0.6881188118811881,LOW_CONFIDENCE,nist-sp-800-61r3-response|nist-sp-800-61r3-containment,0,0,0,0.0,0,2,0.0,0.0
18427,VULNERABILITYSCAN,BENIGN,0.5865921787709497,LOW_CONFIDENCE,nist-sp-800-61r3-response|nist-sp-800-61r3-containment,0,0,0,0.0,0,2,0.0,0.0
18428,VULNERABILITYSCAN,BENIGN,0.6666666666666667,LOW_CONFIDENCE,nist-sp-800-61r3-response|nist-sp-800-61r3-containment,0,0,0,0.0,0,2,0.0,0.0
18432,VULNERABILITYSCAN,BENIGN,0.6767857142857143,LOW_CONFIDENCE,nist-sp-800-61r3-response|nist-sp-800-61r3-containment,0,0,0,0.0,0,2,0.0,0.0
18433,VULNERABILITYSCAN,BENIGN,0.5260663507109006,LOW_CONFIDENCE,nist-sp-800-61r3-response|nist-sp-800-61r3-containment,0,0,0,0.0,0,2,0.0,0.0
18434,VULNERABILITYSCAN,BENIGN,0.5821917808219178,LOW_CONFIDENCE,nist-sp-800-61r3-response|nist-sp-800-61r3-containment|mitre-t1046-overview|mitre-t1498-detection,0,1,3,0.3333333333333333,1,4,0.25,0.25
18435,VULNERABILITYSCAN,BENIGN,0.6881188118811881,LOW_CONFIDENCE,nist-sp-800-61r3-response|nist-sp-800-61r3-containment,0,0,0,0.0,0,2,0.0,0.0
18437,VULNERABILITYSCAN,BENIGN,0.6881188118811881,LOW_CONFIDENCE,nist-sp-800-61r3-response|nist-sp-800-61r3-containment,0,0,0,0.0,0,2,0.0,0.0
18441,VULNERABILITYSCAN,BENIGN,0.6666666666666667,LOW_CONFIDENCE,nist-sp-800-61r3-response|nist-sp-800-61r3-containment,0,0,0,0.0,0,2,0.0,0.0
18444,VULNERABILITYSCAN,BENIGN,0.6548672566371682,LOW_CONFIDENCE,nist-sp-800-61r3-response|nist-sp-800-61r3-containment,0,0,0,0.0,0,2,0.0,0.0
18445,VULNERABILITYSCAN,BENIGN,0.5433962264150943,LOW_CONFIDENCE,nist-sp-800-61r3-response|nist-sp-800-61r3-containment,0,0,0,0.0,0,2,0.0,0.0
18447,VULNERABILITYSCAN,BENIGN,0.5260663507109006,LOW_CONFIDENCE,nist-sp-800-61r3-response|nist-sp-800-61r3-containment|mitre-t1046-overview|mitre-t1498-detection,0,1,3,0.3333333333333333,1,4,0.25,0.25
18448,VULNERABILITYSCAN,BENIGN,0.6548672566371682,LOW_CONFIDENCE,nist-sp-800-61r3-response|nist-sp-800-61r3-containment,0,0,0,0.0,0,2,0.0,0.0
18450,VULNERABILITYSCAN,BENIGN,0.5433962264150943,LOW_CONFIDENCE,nist-sp-800-61r3-response|nist-sp-800-61r3-containment,0,0,0,0.0,0,2,0.0,0.0
18452,VULNERABILITYSCAN,BENIGN,0.5433962264150943,LOW_CONFIDENCE,nist-sp-800-61r3-response|nist-sp-800-61r3-containment,0,0,0,0.0,0,2,0.0,0.0
18454,VULNERABILITYSCAN,BENIGN,0.6548672566371682,LOW_CONFIDENCE,nist-sp-800-61r3-response|nist-sp-800-61r3-containment,0,0,0,0.0,0,2,0.0,0.0
18456,VULNERABILITYSCAN,BENIGN,0.5865921787709497,LOW_CONFIDENCE,nist-sp-800-61r3-response|nist-sp-800-61r3-containment,0,0,0,0.0,0,2,0.0,0.0
18459,VULNERABILITYSCAN,BENIGN,0.5865921787709497,LOW_CONFIDENCE,nist-sp-800-61r3-response|nist-sp-800-61r3-containment,0,0,0,0.0,0,2,0.0,0.0
18461,VULNERABILITYSCAN,BENIGN,0.5865921787709497,LOW_CONFIDENCE,nist-sp-800-61r3-response|nist-sp-800-61r3-containment,0,0,0,0.0,0,2,0.0,0.0
18462,VULNERABILITYSCAN,BENIGN,0.625,LOW_CONFIDENCE,nist-sp-800-61r3-response|nist-sp-800-61r3-containment,0,0,0,0.0,0,2,0.0,0.0
18466,VULNERABILITYSCAN,BENIGN,0.5865921787709497,LOW_CONFIDENCE,nist-sp-800-61r3-response|nist-sp-800-61r3-containment,0,0,0,0.0,0,2,0.0,0.0
18468,VULNERABILITYSCAN,BENIGN,0.5865921787709497,LOW_CONFIDENCE,nist-sp-800-61r3-response|nist-sp-800-61r3-containment,0,0,0,0.0,0,2,0.0,0.0
18471,VULNERABILITYSCAN,BENIGN,0.5260663507109006,LOW_CONFIDENCE,nist-sp-800-61r3-response|nist-sp-800-61r3-containment|mitre-t1046-overview|mitre-t1498-detection,0,1,3,0.3333333333333333,1,4,0.25,0.25
18472,DNS_SPOOFING,BENIGN,0.6767857142857143,LOW_CONFIDENCE,nist-sp-800-61r3-response|nist-sp-800-61r3-containment,0,0,0,0.0,0,2,0.0,0.0
18473,VULNERABILITYSCAN,BENIGN,0.5433962264150943,LOW_CONFIDENCE,nist-sp-800-61r3-response|nist-sp-800-61r3-containment,0,0,0,0.0,0,2,0.0,0.0
18478,VULNERABILITYSCAN,BENIGN,0.5260663507109006,LOW_CONFIDENCE,nist-sp-800-61r3-response|nist-sp-800-61r3-containment|mitre-t1046-overview|mitre-t1498-detection,0,1,3,0.3333333333333333,1,4,0.25,0.25
18482,VULNERABILITYSCAN,BENIGN,0.5821917808219178,LOW_CONFIDENCE,nist-sp-800-61r3-response|nist-sp-800-61r3-containment,0,0,0,0.0,0,2,0.0,0.0
18484,VULNERABILITYSCAN,BENIGN,0.6767857142857143,LOW_CONFIDENCE,nist-sp-800-61r3-response|nist-sp-800-61r3-containment,0,0,0,0.0,0,2,0.0,0.0
18489,VULNERABILITYSCAN,BENIGN,0.6548672566371682,LOW_CONFIDENCE,nist-sp-800-61r3-response|nist-sp-800-61r3-containment,0,0,0,0.0,0,2,0.0,0.0
18490,VULNERABILITYSCAN,BENIGN,0.6767857142857143,LOW_CONFIDENCE,nist-sp-800-61r3-response|nist-sp-800-61r3-containment,0,0,0,0.0,0,2,0.0,0.0
18492,VULNERABILITYSCAN,BENIGN,0.6111111111111112,LOW_CONFIDENCE,nist-sp-800-61r3-response|nist-sp-800-61r3-containment,0,0,0,0.0,0,2,0.0,0.0
18493,DNS_SPOOFING,BENIGN,0.5821917808219178,LOW_CONFIDENCE,nist-sp-800-61r3-response|nist-sp-800-61r3-containment,0,0,0,0.0,0,2,0.0,0.0
18494,VULNERABILITYSCAN,BENIGN,0.6282051282051282,LOW_CONFIDENCE,nist-sp-800-61r3-response|nist-sp-800-61r3-containment|mitre-t1046-overview|mitre-t1498-detection,0,1,3,0.3333333333333333,1,4,0.25,0.25
18498,VULNERABILITYSCAN,BENIGN,0.6767857142857143,LOW_CONFIDENCE,nist-sp-800-61r3-response|nist-sp-800-61r3-containment,0,0,0,0.0,0,2,0.0,0.0
18506,VULNERABILITYSCAN,BENIGN,0.6881188118811881,LOW_CONFIDENCE,nist-sp-800-61r3-response|nist-sp-800-61r3-containment,0,0,0,0.0,0,2,0.0,0.0
18508,VULNERABILITYSCAN,BENIGN,0.5433962264150943,LOW_CONFIDENCE,nist-sp-800-61r3-response|nist-sp-800-61r3-containment|mitre-t1046-overview|mitre-t1498-detection,0,1,3,0.3333333333333333,1,4,0.25,0.25
18513,VULNERABILITYSCAN,BENIGN,0.6548672566371682,LOW_CONFIDENCE,nist-sp-800-61r3-response|nist-sp-800-61r3-containment,0,0,0,0.0,0,2,0.0,0.0
18514,VULNERABILITYSCAN,BENIGN,0.5260663507109006,LOW_CONFIDENCE,nist-sp-800-61r3-response|nist-sp-800-61r3-containment|mitre-t1046-overview|mitre-t1498-detection,0,1,3,0.3333333333333333,1,4,0.25,0.25
18516,VULNERABILITYSCAN,BENIGN,0.6548672566371682,LOW_CONFIDENCE,nist-sp-800-61r3-response|mitre-t1557-001-indicators|nist-sp-800-61r3-containment,0,0,0,0.0,0,3,0.0,0.0
18518,VULNERABILITYSCAN,BENIGN,0.625,LOW_CONFIDENCE,nist-sp-800-61r3-response|nist-sp-800-61r3-containment,0,0,0,0.0,0,2,0.0,0.0
18520,VULNERABILITYSCAN,BENIGN,0.6881188118811881,LOW_CONFIDENCE,nist-sp-800-61r3-response|nist-sp-800-61r3-containment,0,0,0,0.0,0,2,0.0,0.0
18521,VULNERABILITYSCAN,BENIGN,0.5260663507109006,LOW_CONFIDENCE,nist-sp-800-61r3-response|nist-sp-800-61r3-containment,0,0,0,0.0,0,2,0.0,0.0
18523,VULNERABILITYSCAN,BENIGN,0.6767857142857143,LOW_CONFIDENCE,nist-sp-800-61r3-response|nist-sp-800-61r3-containment,0,0,0,0.0,0,2,0.0,0.0
18524,VULNERABILITYSCAN,BENIGN,0.6548672566371682,LOW_CONFIDENCE,nist-sp-800-61r3-response|nist-sp-800-61r3-containment,0,0,0,0.0,0,2,0.0,0.0
18526,VULNERABILITYSCAN,BENIGN,0.6111111111111112,LOW_CONFIDENCE,nist-sp-800-61r3-response|nist-sp-800-61r3-containment,0,0,0,0.0,0,2,0.0,0.0
18527,VULNERABILITYSCAN,BENIGN,0.5433962264150943,LOW_CONFIDENCE,nist-sp-800-61r3-response|nist-sp-800-61r3-containment|mitre-t1046-overview|mitre-t1498-detection,0,1,3,0.3333333333333333,1,4,0.25,0.25
18533,VULNERABILITYSCAN,BENIGN,0.6754966887417219,LOW_CONFIDENCE,nist-sp-800-61r3-response|nist-sp-800-61r3-containment,0,0,0,0.0,0,2,0.0,0.0
18535,VULNERABILITYSCAN,BENIGN,0.6111111111111112,LOW_CONFIDENCE,nist-sp-800-61r3-response|nist-sp-800-61r3-containment,0,0,0,0.0,0,2,0.0,0.0
18537,VULNERABILITYSCAN,BENIGN,0.5821917808219178,LOW_CONFIDENCE,nist-sp-800-61r3-response|nist-sp-800-61r3-containment,0,0,0,0.0,0,2,0.0,0.0
18548,VULNERABILITYSCAN,BENIGN,0.6111111111111112,LOW_CONFIDENCE,nist-sp-800-61r3-response|nist-sp-800-61r3-containment,0,0,0,0.0,0,2,0.0,0.0
18549,VULNERABILITYSCAN,BENIGN,0.625,LOW_CONFIDENCE,nist-sp-800-61r3-response|nist-sp-800-61r3-containment,0,0,0,0.0,0,2,0.0,0.0
18551,VULNERABILITYSCAN,BENIGN,0.5260663507109006,LOW_CONFIDENCE,nist-sp-800-61r3-response|nist-sp-800-61r3-containment,0,0,0,0.0,0,2,0.0,0.0
18552,DNS_SPOOFING,BENIGN,0.6881188118811881,LOW_CONFIDENCE,nist-sp-800-61r3-response|nist-sp-800-61r3-containment|mitre-t1046-overview|mitre-t1498-detection,0,0,0,0.0,0,4,0.0,0.0
18556,VULNERABILITYSCAN,BENIGN,0.5433962264150943,LOW_CONFIDENCE,nist-sp-800-61r3-response|nist-sp-800-61r3-containment,0,0,0,0.0,0,2,0.0,0.0
18558,VULNERABILITYSCAN,BENIGN,0.5433962264150943,LOW_CONFIDENCE,nist-sp-800-61r3-response|nist-sp-800-61r3-containment,0,0,0,0.0,0,2,0.0,0.0
18560,VULNERABILITYSCAN,BENIGN,0.5865921787709497,LOW_CONFIDENCE,nist-sp-800-61r3-response|nist-sp-800-61r3-containment,0,0,0,0.0,0,2,0.0,0.0
18567,VULNERABILITYSCAN,BENIGN,0.5433962264150943,LOW_CONFIDENCE,nist-sp-800-61r3-response|nist-sp-800-61r3-containment,0,0,0,0.0,0,2,0.0,0.0
18570,VULNERABILITYSCAN,BENIGN,0.6767857142857143,LOW_CONFIDENCE,nist-sp-800-61r3-response|nist-sp-800-61r3-containment,0,0,0,0.0,0,2,0.0,0.0
18572,VULNERABILITYSCAN,BENIGN,0.5865921787709497,LOW_CONFIDENCE,nist-sp-800-61r3-response|nist-sp-800-61r3-containment,0,0,0,0.0,0,2,0.0,0.0
18574,VULNERABILITYSCAN,BENIGN,0.6767857142857143,LOW_CONFIDENCE,nist-sp-800-61r3-response|nist-sp-800-61r3-containment,0,0,0,0.0,0,2,0.0,0.0
18577,VULNERABILITYSCAN,BENIGN,0.6767857142857143,LOW_CONFIDENCE,nist-sp-800-61r3-response|nist-sp-800-61r3-containment,0,0,0,0.0,0,2,0.0,0.0
18579,VULNERABILITYSCAN,BENIGN,0.5260663507109006,LOW_CONFIDENCE,nist-sp-800-61r3-response|nist-sp-800-61r3-containment,0,0,0,0.0,0,2,0.0,0.0
18580,VULNERABILITYSCAN,BENIGN,0.5865921787709497,LOW_CONFIDENCE,nist-sp-800-61r3-response|nist-sp-800-61r3-containment,0,0,0,0.0,0,2,0.0,0.0
18581,DNS_SPOOFING,BENIGN,0.5865921787709497,LOW_CONFIDENCE,nist-sp-800-61r3-response|nist-sp-800-61r3-containment,0,0,0,0.0,0,2,0.0,0.0
18583,VULNERABILITYSCAN,BENIGN,0.5260663507109006,LOW_CONFIDENCE,nist-sp-800-61r3-response|nist-sp-800-61r3-containment,0,0,0,0.0,0,2,0.0,0.0
18585,VULNERABILITYSCAN,BENIGN,0.5433962264150943,LOW_CONFIDENCE,nist-sp-800-61r3-response|nist-sp-800-61r3-containment,0,0,0,0.0,0,2,0.0,0.0
18587,VULNERABILITYSCAN,BENIGN,0.6548672566371682,LOW_CONFIDENCE,nist-sp-800-61r3-response|nist-sp-800-61r3-containment,0,0,0,0.0,0,2,0.0,0.0
18589,VULNERABILITYSCAN,BENIGN,0.6767857142857143,LOW_CONFIDENCE,nist-sp-800-61r3-response|nist-sp-800-61r3-containment,0,0,0,0.0,0,2,0.0,0.0
18591,VULNERABILITYSCAN,BENIGN,0.6754966887417219,LOW_CONFIDENCE,nist-sp-800-61r3-response|nist-sp-800-61r3-containment,0,0,0,0.0,0,2,0.0,0.0
18595,VULNERABILITYSCAN,BENIGN,0.5260663507109006,LOW_CONFIDENCE,nist-sp-800-61r3-response|nist-sp-800-61r3-containment,0,0,0,0.0,0,2,0.0,0.0
18598,VULNERABILITYSCAN,BENIGN,0.6548672566371682,LOW_CONFIDENCE,nist-sp-800-61r3-response|nist-sp-800-61r3-containment,0,0,0,0.0,0,2,0.0,0.0
18600,VULNERABILITYSCAN,BENIGN,0.6767857142857143,LOW_CONFIDENCE,nist-sp-800-61r3-response|nist-sp-800-61r3-containment,0,0,0,0.0,0,2,0.0,0.0
18603,VULNERABILITYSCAN,BENIGN,0.5865921787709497,LOW_CONFIDENCE,nist-sp-800-61r3-response|nist-sp-800-61r3-containment,0,0,0,0.0,0,2,0.0,0.0
18605,VULNERABILITYSCAN,BENIGN,0.6767857142857143,LOW_CONFIDENCE,nist-sp-800-61r3-response|nist-sp-800-61r3-containment,0,0,0,0.0,0,2,0.0,0.0
18608,VULNERABILITYSCAN,BENIGN,0.6754966887417219,LOW_CONFIDENCE,nist-sp-800-61r3-response|nist-sp-800-61r3-containment|mitre-t1046-overview|mitre-t1498-detection,0,1,3,0.3333333333333333,1,4,0.25,0.25
18614,VULNERABILITYSCAN,BENIGN,0.6111111111111112,LOW_CONFIDENCE,nist-sp-800-61r3-response|nist-sp-800-61r3-containment,0,0,0,0.0,0,2,0.0,0.0
18615,VULNERABILITYSCAN,BENIGN,0.6881188118811881,LOW_CONFIDENCE,nist-sp-800-61r3-response|nist-sp-800-61r3-containment,0,0,0,0.0,0,2,0.0,0.0
18620,VULNERABILITYSCAN,BENIGN,0.6548672566371682,LOW_CONFIDENCE,nist-sp-800-61r3-response|nist-sp-800-61r3-containment,0,0,0,0.0,0,2,0.0,0.0
18622,VULNERABILITYSCAN,BENIGN,0.6111111111111112,LOW_CONFIDENCE,nist-sp-800-61r3-response|nist-sp-800-61r3-containment,0,0,0,0.0,0,2,0.0,0.0
18623,VULNERABILITYSCAN,BENIGN,0.6767857142857143,LOW_CONFIDENCE,nist-sp-800-61r3-response|nist-sp-800-61r3-containment,0,0,0,0.0,0,2,0.0,0.0
18629,VULNERABILITYSCAN,BENIGN,0.6548672566371682,LOW_CONFIDENCE,nist-sp-800-61r3-response|nist-sp-800-61r3-containment,0,0,0,0.0,0,2,0.0,0.0
18630,VULNERABILITYSCAN,BENIGN,0.6767857142857143,LOW_CONFIDENCE,nist-sp-800-61r3-response|nist-sp-800-61r3-containment,0,0,0,0.0,0,2,0.0,0.0
18631,VULNERABILITYSCAN,BENIGN,0.5260663507109006,LOW_CONFIDENCE,nist-sp-800-61r3-response|nist-sp-800-61r3-containment,0,0,0,0.0,0,2,0.0,0.0
18633,VULNERABILITYSCAN,BENIGN,0.6754966887417219,LOW_CONFIDENCE,nist-sp-800-61r3-response|nist-sp-800-61r3-containment,0,0,0,0.0,0,2,0.0,0.0
18636,VULNERABILITYSCAN,BENIGN,0.6767857142857143,LOW_CONFIDENCE,nist-sp-800-61r3-response|nist-sp-800-61r3-containment,0,0,0,0.0,0,2,0.0,0.0
18637,VULNERABILITYSCAN,BENIGN,0.6767857142857143,LOW_CONFIDENCE,nist-sp-800-61r3-response|nist-sp-800-61r3-containment,0,0,0,0.0,0,2,0.0,0.0
18643,VULNERABILITYSCAN,BENIGN,0.6282051282051282,LOW_CONFIDENCE,nist-sp-800-61r3-response|nist-sp-800-61r3-containment,0,0,0,0.0,0,2,0.0,0.0
18644,VULNERABILITYSCAN,BENIGN,0.6754966887417219,LOW_CONFIDENCE,nist-sp-800-61r3-response|nist-sp-800-61r3-containment,0,0,0,0.0,0,2,0.0,0.0
18646,VULNERABILITYSCAN,BENIGN,0.6767857142857143,LOW_CONFIDENCE,nist-sp-800-61r3-response|nist-sp-800-61r3-containment,0,0,0,0.0,0,2,0.0,0.0
18649,VULNERABILITYSCAN,BENIGN,0.6767857142857143,LOW_CONFIDENCE,nist-sp-800-61r3-response|nist-sp-800-61r3-containment,0,0,0,0.0,0,2,0.0,0.0
18650,VULNERABILITYSCAN,BENIGN,0.6767857142857143,LOW_CONFIDENCE,nist-sp-800-61r3-response|nist-sp-800-61r3-containment,0,0,0,0.0,0,2,0.0,0.0
18651,VULNERABILITYSCAN,BENIGN,0.6548672566371682,LOW_CONFIDENCE,nist-sp-800-61r3-response|nist-sp-800-61r3-containment,0,0,0,0.0,0,2,0.0,0.0
18654,VULNERABILITYSCAN,BENIGN,0.5821917808219178,LOW_CONFIDENCE,nist-sp-800-61r3-response|nist-sp-800-61r3-containment,0,0,0,0.0,0,2,0.0,0.0
18655,VULNERABILITYSCAN,BENIGN,0.5260663507109006,LOW_CONFIDENCE,nist-sp-800-61r3-response|nist-sp-800-61r3-containment|mitre-t1046-overview|mitre-t1498-detection,0,1,3,0.3333333333333333,1,4,0.25,0.25
18656,VULNERABILITYSCAN,BENIGN,0.5433962264150943,LOW_CONFIDENCE,nist-sp-800-61r3-response|nist-sp-800-61r3-containment,0,0,0,0.0,0,2,0.0,0.0
18657,DNS_SPOOFING,BENIGN,0.6754966887417219,LOW_CONFIDENCE,nist-sp-800-61r3-response|nist-sp-800-61r3-containment|mitre-t1046-overview|mitre-t1498-detection,0,0,0,0.0,0,4,0.0,0.0
18658,VULNERABILITYSCAN,BENIGN,0.6767857142857143,LOW_CONFIDENCE,nist-sp-800-61r3-response|nist-sp-800-61r3-containment,0,0,0,0.0,0,2,0.0,0.0
18661,VULNERABILITYSCAN,BENIGN,0.6881188118811881,LOW_CONFIDENCE,nist-sp-800-61r3-response|nist-sp-800-61r3-containment,0,0,0,0.0,0,2,0.0,0.0
18663,VULNERABILITYSCAN,BENIGN,0.6111111111111112,LOW_CONFIDENCE,nist-sp-800-61r3-response|nist-sp-800-61r3-containment,0,0,0,0.0,0,2,0.0,0.0
18665,VULNERABILITYSCAN,BENIGN,0.6111111111111112,LOW_CONFIDENCE,nist-sp-800-61r3-response|nist-sp-800-61r3-containment,0,0,0,0.0,0,2,0.0,0.0
18666,VULNERABILITYSCAN,BENIGN,0.6111111111111112,LOW_CONFIDENCE,nist-sp-800-61r3-response|nist-sp-800-61r3-containment,0,0,0,0.0,0,2,0.0,0.0
18667,VULNERABILITYSCAN,BENIGN,0.6548672566371682,LOW_CONFIDENCE,nist-sp-800-61r3-response|nist-sp-800-61r3-containment,0,0,0,0.0,0,2,0.0,0.0
18670,VULNERABILITYSCAN,BENIGN,0.6111111111111112,LOW_CONFIDENCE,nist-sp-800-61r3-response|nist-sp-800-61r3-containment,0,0,0,0.0,0,2,0.0,0.0
18672,VULNERABILITYSCAN,BENIGN,0.6767857142857143,LOW_CONFIDENCE,nist-sp-800-61r3-response|nist-sp-800-61r3-containment|mitre-t1046-overview|mitre-t1498-detection,0,1,3,0.3333333333333333,1,4,0.25,0.25
18673,VULNERABILITYSCAN,BENIGN,0.6111111111111112,LOW_CONFIDENCE,nist-sp-800-61r3-response|nist-sp-800-61r3-containment,0,0,0,0.0,0,2,0.0,0.0
18680,VULNERABILITYSCAN,BENIGN,0.6767857142857143,LOW_CONFIDENCE,nist-sp-800-61r3-response|nist-sp-800-61r3-containment,0,0,0,0.0,0,2,0.0,0.0
18682,VULNERABILITYSCAN,BENIGN,0.5865921787709497,LOW_CONFIDENCE,nist-sp-800-61r3-response|nist-sp-800-61r3-containment|mitre-t1046-overview|mitre-t1498-detection,0,1,3,0.3333333333333333,1,4,0.25,0.25
18683,VULNERABILITYSCAN,BENIGN,0.5260663507109006,LOW_CONFIDENCE,nist-sp-800-61r3-response|nist-sp-800-61r3-containment,0,0,0,0.0,0,2,0.0,0.0
18684,VULNERABILITYSCAN,BENIGN,0.6111111111111112,LOW_CONFIDENCE,nist-sp-800-61r3-response|nist-sp-800-61r3-containment,0,0,0,0.0,0,2,0.0,0.0
18685,VULNERABILITYSCAN,BENIGN,0.5433962264150943,LOW_CONFIDENCE,nist-sp-800-61r3-response|nist-sp-800-61r3-containment,0,0,0,0.0,0,2,0.0,0.0
18689,VULNERABILITYSCAN,BENIGN,0.6111111111111112,LOW_CONFIDENCE,nist-sp-800-61r3-response|nist-sp-800-61r3-containment,0,0,0,0.0,0,2,0.0,0.0
18690,VULNERABILITYSCAN,BENIGN,0.6282051282051282,LOW_CONFIDENCE,nist-sp-800-61r3-response|nist-sp-800-61r3-containment,0,0,0,0.0,0,2,0.0,0.0
18697,VULNERABILITYSCAN,BENIGN,0.6767857142857143,LOW_CONFIDENCE,nist-sp-800-61r3-response|nist-sp-800-61r3-containment,0,0,0,0.0,0,2,0.0,0.0
18698,VULNERABILITYSCAN,BENIGN,0.5433962264150943,LOW_CONFIDENCE,nist-sp-800-61r3-response|nist-sp-800-61r3-containment,0,0,0,0.0,0,2,0.0,0.0
18699,DNS_SPOOFING,BENIGN,0.5260663507109006,LOW_CONFIDENCE,nist-sp-800-61r3-response|nist-sp-800-61r3-containment|mitre-t1046-overview|mitre-t1498-detection,0,0,0,0.0,0,4,0.0,0.0
18701,VULNERABILITYSCAN,BENIGN,0.6548672566371682,LOW_CONFIDENCE,nist-sp-800-61r3-response|nist-sp-800-61r3-containment,0,0,0,0.0,0,2,0.0,0.0
18702,VULNERABILITYSCAN,BENIGN,0.625,LOW_CONFIDENCE,nist-sp-800-61r3-response|nist-sp-800-61r3-containment,0,0,0,0.0,0,2,0.0,0.0
18706,VULNERABILITYSCAN,BENIGN,0.5821917808219178,LOW_CONFIDENCE,nist-sp-800-61r3-response|nist-sp-800-61r3-containment,0,0,0,0.0,0,2,0.0,0.0
18707,VULNERABILITYSCAN,BENIGN,0.6548672566371682,LOW_CONFIDENCE,nist-sp-800-61r3-response|nist-sp-800-61r3-containment,0,0,0,0.0,0,2,0.0,0.0
18709,VULNERABILITYSCAN,BENIGN,0.6111111111111112,LOW_CONFIDENCE,nist-sp-800-61r3-response|nist-sp-800-61r3-containment,0,0,0,0.0,0,2,0.0,0.0
18710,VULNERABILITYSCAN,BENIGN,0.6881188118811881,LOW_CONFIDENCE,nist-sp-800-61r3-response|nist-sp-800-61r3-containment,0,0,0,0.0,0,2,0.0,0.0
18711,VULNERABILITYSCAN,BENIGN,0.6754966887417219,LOW_CONFIDENCE,nist-sp-800-61r3-response|nist-sp-800-61r3-containment,0,0,0,0.0,0,2,0.0,0.0
18713,VULNERABILITYSCAN,BENIGN,0.6548672566371682,LOW_CONFIDENCE,nist-sp-800-61r3-response|nist-sp-800-61r3-containment,0,0,0,0.0,0,2,0.0,0.0
18717,VULNERABILITYSCAN,BENIGN,0.6767857142857143,LOW_CONFIDENCE,nist-sp-800-61r3-response|nist-sp-800-61r3-containment,0,0,0,0.0,0,2,0.0,0.0
18718,VULNERABILITYSCAN,BENIGN,0.6881188118811881,LOW_CONFIDENCE,nist-sp-800-61r3-response|nist-sp-800-61r3-containment|mitre-t1046-overview|mitre-t1498-detection,0,1,3,0.3333333333333333,1,4,0.25,0.25
18720,DNS_SPOOFING,BENIGN,0.6754966887417219,LOW_CONFIDENCE,nist-sp-800-61r3-response|nist-sp-800-61r3-containment|mitre-t1046-overview|mitre-t1498-detection,0,0,0,0.0,0,4,0.0,0.0
18722,VULNERABILITYSCAN,BENIGN,0.5433962264150943,LOW_CONFIDENCE,nist-sp-800-61r3-response|nist-sp-800-61r3-containment,0,0,0,0.0,0,2,0.0,0.0
18723,VULNERABILITYSCAN,BENIGN,0.6767857142857143,LOW_CONFIDENCE,nist-sp-800-61r3-response|nist-sp-800-61r3-containment,0,0,0,0.0,0,2,0.0,0.0
18728,VULNERABILITYSCAN,BENIGN,0.6111111111111112,LOW_CONFIDENCE,nist-sp-800-61r3-response|nist-sp-800-61r3-containment,0,0,0,0.0,0,2,0.0,0.0
18733,VULNERABILITYSCAN,BENIGN,0.5821917808219178,LOW_CONFIDENCE,nist-sp-800-61r3-response|nist-sp-800-61r3-containment|mitre-t1046-overview|mitre-t1498-detection,0,1,3,0.3333333333333333,1,4,0.25,0.25
18734,VULNERABILITYSCAN,BENIGN,0.6767857142857143,LOW_CONFIDENCE,nist-sp-800-61r3-response|nist-sp-800-61r3-containment,0,0,0,0.0,0,2,0.0,0.0
18740,VULNERABILITYSCAN,BENIGN,0.625,LOW_CONFIDENCE,nist-sp-800-61r3-response|nist-sp-800-61r3-containment,0,0,0,0.0,0,2,0.0,0.0
18741,VULNERABILITYSCAN,BENIGN,0.6767857142857143,LOW_CONFIDENCE,nist-sp-800-61r3-response|nist-sp-800-61r3-containment,0,0,0,0.0,0,2,0.0,0.0
18744,VULNERABILITYSCAN,BENIGN,0.5433962264150943,LOW_CONFIDENCE,nist-sp-800-61r3-response|nist-sp-800-61r3-containment,0,0,0,0.0,0,2,0.0,0.0
18750,VULNERABILITYSCAN,BENIGN,0.6111111111111112,LOW_CONFIDENCE,nist-sp-800-61r3-response|nist-sp-800-61r3-containment,0,0,0,0.0,0,2,0.0,0.0
18753,VULNERABILITYSCAN,BENIGN,0.6881188118811881,LOW_CONFIDENCE,nist-sp-800-61r3-response|nist-sp-800-61r3-containment,0,0,0,0.0,0,2,0.0,0.0
18755,VULNERABILITYSCAN,BENIGN,0.5433962264150943,LOW_CONFIDENCE,nist-sp-800-61r3-response|nist-sp-800-61r3-containment,0,0,0,0.0,0,2,0.0,0.0
18757,VULNERABILITYSCAN,BENIGN,0.5433962264150943,LOW_CONFIDENCE,nist-sp-800-61r3-response|nist-sp-800-61r3-containment|mitre-t1046-overview|mitre-t1498-detection,0,1,3,0.3333333333333333,1,4,0.25,0.25
18761,VULNERABILITYSCAN,BENIGN,0.6111111111111112,LOW_CONFIDENCE,nist-sp-800-61r3-response|nist-sp-800-61r3-containment|mitre-t1046-overview|mitre-t1498-detection,0,1,3,0.3333333333333333,1,4,0.25,0.25
18763,VULNERABILITYSCAN,BENIGN,0.6548672566371682,LOW_CONFIDENCE,nist-sp-800-61r3-response|nist-sp-800-61r3-containment,0,0,0,0.0,0,2,0.0,0.0
18765,DNS_SPOOFING,BENIGN,0.6666666666666667,LOW_CONFIDENCE,nist-sp-800-61r3-response|nist-sp-800-61r3-containment,0,0,0,0.0,0,2,0.0,0.0
18767,VULNERABILITYSCAN,BENIGN,0.6881188118811881,LOW_CONFIDENCE,nist-sp-800-61r3-response|nist-sp-800-61r3-containment,0,0,0,0.0,0,2,0.0,0.0
18771,VULNERABILITYSCAN,BENIGN,0.6548672566371682,LOW_CONFIDENCE,nist-sp-800-61r3-response|nist-sp-800-61r3-containment,0,0,0,0.0,0,2,0.0,0.0
18772,VULNERABILITYSCAN,BENIGN,0.6767857142857143,LOW_CONFIDENCE,nist-sp-800-61r3-response|nist-sp-800-61r3-containment,0,0,0,0.0,0,2,0.0,0.0
18773,VULNERABILITYSCAN,BENIGN,0.6767857142857143,LOW_CONFIDENCE,nist-sp-800-61r3-response|nist-sp-800-61r3-containment,0,0,0,0.0,0,2,0.0,0.0
18776,DNS_SPOOFING,BENIGN,0.5865921787709497,LOW_CONFIDENCE,nist-sp-800-61r3-response|nist-sp-800-61r3-containment|mitre-t1046-overview|mitre-t1498-detection,0,0,0,0.0,0,4,0.0,0.0
18777,VULNERABILITYSCAN,BENIGN,0.5260663507109006,LOW_CONFIDENCE,nist-sp-800-61r3-response|nist-sp-800-61r3-containment|mitre-t1046-overview|mitre-t1498-detection,0,1,3,0.3333333333333333,1,4,0.25,0.25
18782,VULNERABILITYSCAN,BENIGN,0.5433962264150943,LOW_CONFIDENCE,nist-sp-800-61r3-response|nist-sp-800-61r3-containment,0,0,0,0.0,0,2,0.0,0.0
18791,DNS_SPOOFING,BENIGN,0.6754966887417219,LOW_CONFIDENCE,nist-sp-800-61r3-response|nist-sp-800-61r3-containment|mitre-t1046-overview|mitre-t1498-detection,0,0,0,0.0,0,4,0.0,0.0
18795,VULNERABILITYSCAN,BENIGN,0.5865921787709497,LOW_CONFIDENCE,nist-sp-800-61r3-response|nist-sp-800-61r3-containment,0,0,0,0.0,0,2,0.0,0.0
18796,VULNERABILITYSCAN,BENIGN,0.6548672566371682,LOW_CONFIDENCE,nist-sp-800-61r3-response|nist-sp-800-61r3-containment,0,0,0,0.0,0,2,0.0,0.0
18797,VULNERABILITYSCAN,BENIGN,0.5433962264150943,LOW_CONFIDENCE,nist-sp-800-61r3-response|nist-sp-800-61r3-containment|mitre-t1046-overview|mitre-t1498-detection,0,1,3,0.3333333333333333,1,4,0.25,0.25
18799,VULNERABILITYSCAN,BENIGN,0.6111111111111112,LOW_CONFIDENCE,nist-sp-800-61r3-response|nist-sp-800-61r3-containment,0,0,0,0.0,0,2,0.0,0.0
18804,DNS_SPOOFING,BENIGN,0.6111111111111112,LOW_CONFIDENCE,nist-sp-800-61r3-response|nist-sp-800-61r3-containment|mitre-t1046-overview|mitre-t1498-detection,0,0,0,0.0,0,4,0.0,0.0
18807,VULNERABILITYSCAN,BENIGN,0.6881188118811881,LOW_CONFIDENCE,nist-sp-800-61r3-response|nist-sp-800-61r3-containment,0,0,0,0.0,0,2,0.0,0.0
18808,VULNERABILITYSCAN,BENIGN,0.6767857142857143,LOW_CONFIDENCE,nist-sp-800-61r3-response|nist-sp-800-61r3-containment|mitre-t1046-overview|mitre-t1498-detection,0,1,3,0.3333333333333333,1,4,0.25,0.25
18811,VULNERABILITYSCAN,BENIGN,0.6767857142857143,LOW_CONFIDENCE,nist-sp-800-61r3-response|nist-sp-800-61r3-containment,0,0,0,0.0,0,2,0.0,0.0
18815,VULNERABILITYSCAN,BENIGN,0.6767857142857143,LOW_CONFIDENCE,nist-sp-800-61r3-response|nist-sp-800-61r3-containment,0,0,0,0.0,0,2,0.0,0.0
18816,DNS_SPOOFING,BENIGN,0.5821917808219178,LOW_CONFIDENCE,nist-sp-800-61r3-response|mitre-t1557-001-indicators|nist-sp-800-61r3-containment|mitre-t1046-overview,0,1,2,0.5,1,4,0.25,0.25
18818,VULNERABILITYSCAN,BENIGN,0.6282051282051282,LOW_CONFIDENCE,nist-sp-800-61r3-response|nist-sp-800-61r3-containment,0,0,0,0.0,0,2,0.0,0.0
18821,VULNERABILITYSCAN,BENIGN,0.6754966887417219,LOW_CONFIDENCE,nist-sp-800-61r3-response|nist-sp-800-61r3-containment|mitre-t1046-overview|mitre-t1498-detection,0,1,3,0.3333333333333333,1,4,0.25,0.25
18825,VULNERABILITYSCAN,BENIGN,0.6548672566371682,LOW_CONFIDENCE,nist-sp-800-61r3-response|nist-sp-800-61r3-containment,0,0,0,0.0,0,2,0.0,0.0
18829,VULNERABILITYSCAN,BENIGN,0.6666666666666666,LOW_CONFIDENCE,nist-sp-800-61r3-response|nist-sp-800-61r3-containment|mitre-t1046-overview|mitre-t1498-detection,0,1,3,0.3333333333333333,1,4,0.25,0.25
18832,DNS_SPOOFING,BENIGN,0.6111111111111112,LOW_CONFIDENCE,nist-sp-800-61r3-response|nist-sp-800-61r3-containment,0,0,0,0.0,0,2,0.0,0.0
18833,VULNERABILITYSCAN,BENIGN,0.6111111111111112,LOW_CONFIDENCE,nist-sp-800-61r3-response|nist-sp-800-61r3-containment,0,0,0,0.0,0,2,0.0,0.0
18837,VULNERABILITYSCAN,BENIGN,0.5260663507109006,LOW_CONFIDENCE,nist-sp-800-61r3-response|nist-sp-800-61r3-containment,0,0,0,0.0,0,2,0.0,0.0
18839,VULNERABILITYSCAN,BENIGN,0.6548672566371682,LOW_CONFIDENCE,nist-sp-800-61r3-response|nist-sp-800-61r3-containment,0,0,0,0.0,0,2,0.0,0.0
18843,VULNERABILITYSCAN,BENIGN,0.5821917808219178,LOW_CONFIDENCE,nist-sp-800-61r3-response|nist-sp-800-61r3-containment,0,0,0,0.0,0,2,0.0,0.0
18845,VULNERABILITYSCAN,BENIGN,0.5433962264150943,LOW_CONFIDENCE,nist-sp-800-61r3-response|nist-sp-800-61r3-containment,0,0,0,0.0,0,2,0.0,0.0
18846,VULNERABILITYSCAN,BENIGN,0.5260663507109006,LOW_CONFIDENCE,nist-sp-800-61r3-response|nist-sp-800-61r3-containment,0,0,0,0.0,0,2,0.0,0.0
18850,VULNERABILITYSCAN,BENIGN,0.6754966887417219,LOW_CONFIDENCE,nist-sp-800-61r3-response|nist-sp-800-61r3-containment,0,0,0,0.0,0,2,0.0,0.0
18851,VULNERABILITYSCAN,BENIGN,0.6282051282051282,LOW_CONFIDENCE,nist-sp-800-61r3-response|nist-sp-800-61r3-containment|mitre-t1046-overview|mitre-t1498-detection,0,1,3,0.3333333333333333,1,4,0.25,0.25
18852,DNS_SPOOFING,BENIGN,0.5433962264150943,LOW_CONFIDENCE,nist-sp-800-61r3-response|nist-sp-800-61r3-containment,0,0,0,0.0,0,2,0.0,0.0
18853,VULNERABILITYSCAN,BENIGN,0.6282051282051282,LOW_CONFIDENCE,nist-sp-800-61r3-response|nist-sp-800-61r3-containment,0,0,0,0.0,0,2,0.0,0.0
18854,VULNERABILITYSCAN,BENIGN,0.5433962264150943,LOW_CONFIDENCE,nist-sp-800-61r3-response|nist-sp-800-61r3-containment,0,0,0,0.0,0,2,0.0,0.0
18855,VULNERABILITYSCAN,BENIGN,0.6767857142857143,LOW_CONFIDENCE,nist-sp-800-61r3-response|nist-sp-800-61r3-containment,0,0,0,0.0,0,2,0.0,0.0
18859,VULNERABILITYSCAN,BENIGN,0.6881188118811881,LOW_CONFIDENCE,nist-sp-800-61r3-response|nist-sp-800-61r3-containment|mitre-t1046-overview|mitre-t1498-detection,0,1,3,0.3333333333333333,1,4,0.25,0.25
18860,VULNERABILITYSCAN,BENIGN,0.5865921787709497,LOW_CONFIDENCE,nist-sp-800-61r3-response|nist-sp-800-61r3-containment|mitre-t1046-overview|mitre-t1498-detection,0,1,3,0.3333333333333333,1,4,0.25,0.25
18866,DNS_SPOOFING,BENIGN,0.6767857142857143,LOW_CONFIDENCE,nist-sp-800-61r3-response|nist-sp-800-61r3-containment|mitre-t1046-overview|mitre-t1498-detection,0,0,0,0.0,0,4,0.0,0.0
18867,VULNERABILITYSCAN,BENIGN,0.5433962264150943,LOW_CONFIDENCE,nist-sp-800-61r3-response|nist-sp-800-61r3-containment,0,0,0,0.0,0,2,0.0,0.0
18869,VULNERABILITYSCAN,BENIGN,0.6767857142857143,LOW_CONFIDENCE,nist-sp-800-61r3-response|nist-sp-800-61r3-containment,0,0,0,0.0,0,2,0.0,0.0
18870,VULNERABILITYSCAN,BENIGN,0.6767857142857143,LOW_CONFIDENCE,nist-sp-800-61r3-response|nist-sp-800-61r3-containment,0,0,0,0.0,0,2,0.0,0.0
18871,VULNERABILITYSCAN,BENIGN,0.6111111111111112,LOW_CONFIDENCE,nist-sp-800-61r3-response|nist-sp-800-61r3-containment,0,0,0,0.0,0,2,0.0,0.0
18875,VULNERABILITYSCAN,BENIGN,0.6767857142857143,LOW_CONFIDENCE,nist-sp-800-61r3-response|nist-sp-800-61r3-containment,0,0,0,0.0,0,2,0.0,0.0
18877,VULNERABILITYSCAN,BENIGN,0.6767857142857143,LOW_CONFIDENCE,nist-sp-800-61r3-response|nist-sp-800-61r3-containment,0,0,0,0.0,0,2,0.0,0.0
18878,VULNERABILITYSCAN,BENIGN,0.6548672566371682,LOW_CONFIDENCE,nist-sp-800-61r3-response|nist-sp-800-61r3-containment,0,0,0,0.0,0,2,0.0,0.0
18879,VULNERABILITYSCAN,BENIGN,0.6767857142857143,LOW_CONFIDENCE,nist-sp-800-61r3-response|nist-sp-800-61r3-containment,0,0,0,0.0,0,2,0.0,0.0
18883,VULNERABILITYSCAN,BENIGN,0.6767857142857143,LOW_CONFIDENCE,nist-sp-800-61r3-response|nist-sp-800-61r3-containment,0,0,0,0.0,0,2,0.0,0.0
18886,VULNERABILITYSCAN,BENIGN,0.6548672566371682,LOW_CONFIDENCE,nist-sp-800-61r3-response|nist-sp-800-61r3-containment,0,0,0,0.0,0,2,0.0,0.0
18887,VULNERABILITYSCAN,BENIGN,0.6571731687844435,LOW_CONFIDENCE,nist-sp-800-61r3-response|nist-sp-800-61r3-containment,0,0,0,0.0,0,2,0.0,0.0
18889,VULNERABILITYSCAN,BENIGN,0.5821917808219178,LOW_CONFIDENCE,nist-sp-800-61r3-response|nist-sp-800-61r3-containment|mitre-t1046-overview|mitre-t1498-detection,0,1,3,0.3333333333333333,1,4,0.25,0.25
18892,VULNERABILITYSCAN,BENIGN,0.6548672566371682,LOW_CONFIDENCE,nist-sp-800-61r3-response|nist-sp-800-61r3-containment,0,0,0,0.0,0,2,0.0,0.0
18894,VULNERABILITYSCAN,BENIGN,0.6548672566371682,LOW_CONFIDENCE,nist-sp-800-61r3-response|mitre-t1557-001-indicators|nist-sp-800-61r3-containment,0,0,0,0.0,0,3,0.0,0.0
18898,VULNERABILITYSCAN,BENIGN,0.6111111111111112,LOW_CONFIDENCE,nist-sp-800-61r3-response|nist-sp-800-61r3-containment,0,0,0,0.0,0,2,0.0,0.0
18899,VULNERABILITYSCAN,BENIGN,0.6767857142857143,LOW_CONFIDENCE,nist-sp-800-61r3-response|nist-sp-800-61r3-containment,0,0,0,0.0,0,2,0.0,0.0
18901,DNS_SPOOFING,BENIGN,0.5433962264150943,LOW_CONFIDENCE,nist-sp-800-61r3-response|nist-sp-800-61r3-containment|mitre-t1046-overview|mitre-t1498-detection,0,0,0,0.0,0,4,0.0,0.0
18902,VULNERABILITYSCAN,BENIGN,0.6111111111111112,LOW_CONFIDENCE,nist-sp-800-61r3-response|nist-sp-800-61r3-containment,0,0,0,0.0,0,2,0.0,0.0
18903,VULNERABILITYSCAN,BENIGN,0.6111111111111112,LOW_CONFIDENCE,nist-sp-800-61r3-response|nist-sp-800-61r3-containment,0,0,0,0.0,0,2,0.0,0.0
18904,VULNERABILITYSCAN,BENIGN,0.6767857142857143,LOW_CONFIDENCE,nist-sp-800-61r3-response|nist-sp-800-61r3-containment,0,0,0,0.0,0,2,0.0,0.0
18909,VULNERABILITYSCAN,BENIGN,0.6767857142857143,LOW_CONFIDENCE,nist-sp-800-61r3-response|nist-sp-800-61r3-containment,0,0,0,0.0,0,2,0.0,0.0
18910,VULNERABILITYSCAN,BENIGN,0.5821917808219178,LOW_CONFIDENCE,nist-sp-800-61r3-response|nist-sp-800-61r3-containment,0,0,0,0.0,0,2,0.0,0.0
18912,VULNERABILITYSCAN,BENIGN,0.6767857142857143,LOW_CONFIDENCE,nist-sp-800-61r3-response|nist-sp-800-61r3-containment,0,0,0,0.0,0,2,0.0,0.0
18914,VULNERABILITYSCAN,BENIGN,0.6767857142857143,LOW_CONFIDENCE,nist-sp-800-61r3-response|nist-sp-800-61r3-containment,0,0,0,0.0,0,2,0.0,0.0
18915,VULNERABILITYSCAN,BENIGN,0.5260663507109006,LOW_CONFIDENCE,nist-sp-800-61r3-response|nist-sp-800-61r3-containment,0,0,0,0.0,0,2,0.0,0.0
18918,VULNERABILITYSCAN,BENIGN,0.6767857142857143,LOW_CONFIDENCE,nist-sp-800-61r3-response|nist-sp-800-61r3-containment,0,0,0,0.0,0,2,0.0,0.0
18920,VULNERABILITYSCAN,BENIGN,0.6111111111111112,LOW_CONFIDENCE,nist-sp-800-61r3-response|nist-sp-800-61r3-containment,0,0,0,0.0,0,2,0.0,0.0
18921,VULNERABILITYSCAN,BENIGN,0.5433962264150943,LOW_CONFIDENCE,nist-sp-800-61r3-response|nist-sp-800-61r3-containment,0,0,0,0.0,0,2,0.0,0.0
18924,VULNERABILITYSCAN,BENIGN,0.5433962264150943,LOW_CONFIDENCE,nist-sp-800-61r3-response|nist-sp-800-61r3-containment|mitre-t1046-overview|mitre-t1498-detection,0,1,3,0.3333333333333333,1,4,0.25,0.25
18926,VULNERABILITYSCAN,BENIGN,0.6754966887417219,LOW_CONFIDENCE,nist-sp-800-61r3-response|nist-sp-800-61r3-containment,0,0,0,0.0,0,2,0.0,0.0
18928,VULNERABILITYSCAN,BENIGN,0.6282051282051282,LOW_CONFIDENCE,nist-sp-800-61r3-response|nist-sp-800-61r3-containment|mitre-t1046-overview|mitre-t1498-detection,0,1,3,0.3333333333333333,1,4,0.25,0.25
18930,VULNERABILITYSCAN,BENIGN,0.6111111111111112,LOW_CONFIDENCE,nist-sp-800-61r3-response|nist-sp-800-61r3-containment,0,0,0,0.0,0,2,0.0,0.0
18931,VULNERABILITYSCAN,BENIGN,0.5433962264150943,LOW_CONFIDENCE,nist-sp-800-61r3-response|nist-sp-800-61r3-containment,0,0,0,0.0,0,2,0.0,0.0
18932,VULNERABILITYSCAN,BENIGN,0.6881188118811881,LOW_CONFIDENCE,nist-sp-800-61r3-response|nist-sp-800-61r3-containment|mitre-t1046-overview|mitre-t1498-detection,0,1,3,0.3333333333333333,1,4,0.25,0.25
18933,VULNERABILITYSCAN,BENIGN,0.5260663507109006,LOW_CONFIDENCE,nist-sp-800-61r3-response|nist-sp-800-61r3-containment,0,0,0,0.0,0,2,0.0,0.0
18942,VULNERABILITYSCAN,BENIGN,0.6767857142857143,LOW_CONFIDENCE,nist-sp-800-61r3-response|nist-sp-800-61r3-containment,0,0,0,0.0,0,2,0.0,0.0
18943,VULNERABILITYSCAN,BENIGN,0.5865921787709497,LOW_CONFIDENCE,nist-sp-800-61r3-response|nist-sp-800-61r3-containment,0,0,0,0.0,0,2,0.0,0.0
18944,VULNERABILITYSCAN,BENIGN,0.625,LOW_CONFIDENCE,nist-sp-800-61r3-response|nist-sp-800-61r3-containment,0,0,0,0.0,0,2,0.0,0.0
18946,VULNERABILITYSCAN,BENIGN,0.6111111111111112,LOW_CONFIDENCE,nist-sp-800-61r3-response|nist-sp-800-61r3-containment|mitre-t1046-overview|mitre-t1498-detection,0,1,3,0.3333333333333333,1,4,0.25,0.25
18951,VULNERABILITYSCAN,BENIGN,0.5433962264150943,LOW_CONFIDENCE,nist-sp-800-61r3-response|mitre-t1557-001-indicators|nist-sp-800-61r3-containment,0,0,0,0.0,0,3,0.0,0.0
18952,VULNERABILITYSCAN,BENIGN,0.6767857142857143,LOW_CONFIDENCE,nist-sp-800-61r3-response|nist-sp-800-61r3-containment,0,0,0,0.0,0,2,0.0,0.0
18954,VULNERABILITYSCAN,BENIGN,0.5433962264150943,LOW_CONFIDENCE,nist-sp-800-61r3-response|nist-sp-800-61r3-containment,0,0,0,0.0,0,2,0.0,0.0
18956,VULNERABILITYSCAN,BENIGN,0.625,LOW_CONFIDENCE,nist-sp-800-61r3-response|nist-sp-800-61r3-containment,0,0,0,0.0,0,2,0.0,0.0
18963,VULNERABILITYSCAN,BENIGN,0.5260663507109006,LOW_CONFIDENCE,nist-sp-800-61r3-response|nist-sp-800-61r3-containment,0,0,0,0.0,0,2,0.0,0.0
18965,VULNERABILITYSCAN,BENIGN,0.6767857142857143,LOW_CONFIDENCE,nist-sp-800-61r3-response|nist-sp-800-61r3-containment,0,0,0,0.0,0,2,0.0,0.0
18966,VULNERABILITYSCAN,BENIGN,0.6111111111111112,LOW_CONFIDENCE,nist-sp-800-61r3-response|nist-sp-800-61r3-containment|mitre-t1046-overview|mitre-t1498-detection,0,1,3,0.3333333333333333,1,4,0.25,0.25
18969,VULNERABILITYSCAN,BENIGN,0.6666666666666667,LOW_CONFIDENCE,nist-sp-800-61r3-response|nist-sp-800-61r3-containment,0,0,0,0.0,0,2,0.0,0.0
18971,VULNERABILITYSCAN,BENIGN,0.6666666666666667,LOW_CONFIDENCE,nist-sp-800-61r3-response|nist-sp-800-61r3-containment,0,0,0,0.0,0,2,0.0,0.0
18972,VULNERABILITYSCAN,BENIGN,0.5260663507109006,LOW_CONFIDENCE,nist-sp-800-61r3-response|nist-sp-800-61r3-containment,0,0,0,0.0,0,2,0.0,0.0
18980,VULNERABILITYSCAN,BENIGN,0.6767857142857143,LOW_CONFIDENCE,nist-sp-800-61r3-response|nist-sp-800-61r3-containment,0,0,0,0.0,0,2,0.0,0.0
18982,VULNERABILITYSCAN,BENIGN,0.6282051282051282,LOW_CONFIDENCE,nist-sp-800-61r3-response|nist-sp-800-61r3-containment,0,0,0,0.0,0,2,0.0,0.0
18988,VULNERABILITYSCAN,BENIGN,0.5433962264150943,LOW_CONFIDENCE,nist-sp-800-61r3-response|nist-sp-800-61r3-containment,0,0,0,0.0,0,2,0.0,0.0
18991,VULNERABILITYSCAN,BENIGN,0.5433962264150943,LOW_CONFIDENCE,nist-sp-800-61r3-response|nist-sp-800-61r3-containment,0,0,0,0.0,0,2,0.0,0.0
18992,VULNERABILITYSCAN,BENIGN,0.6767857142857143,LOW_CONFIDENCE,nist-sp-800-61r3-response|nist-sp-800-61r3-containment,0,0,0,0.0,0,2,0.0,0.0
18995,VULNERABILITYSCAN,BENIGN,0.6767857142857143,LOW_CONFIDENCE,nist-sp-800-61r3-response|nist-sp-800-61r3-containment,0,0,0,0.0,0,2,0.0,0.0
18998,VULNERABILITYSCAN,BENIGN,0.5260663507109006,LOW_CONFIDENCE,nist-sp-800-61r3-response|nist-sp-800-61r3-containment,0,0,0,0.0,0,2,0.0,0.0
19000,VULNERABILITYSCAN,BENIGN,0.6767857142857143,LOW_CONFIDENCE,nist-sp-800-61r3-response|nist-sp-800-61r3-containment,0,0,0,0.0,0,2,0.0,0.0
19001,VULNERABILITYSCAN,BENIGN,0.6767857142857143,LOW_CONFIDENCE,nist-sp-800-61r3-response|nist-sp-800-61r3-containment,0,0,0,0.0,0,2,0.0,0.0
19003,VULNERABILITYSCAN,BENIGN,0.5865921787709497,LOW_CONFIDENCE,nist-sp-800-61r3-response|nist-sp-800-61r3-containment|mitre-t1046-overview|mitre-t1498-detection,0,1,3,0.3333333333333333,1,4,0.25,0.25
19005,VULNERABILITYSCAN,BENIGN,0.6881188118811881,LOW_CONFIDENCE,nist-sp-800-61r3-response|nist-sp-800-61r3-containment|mitre-t1046-overview|mitre-t1498-detection,0,1,3,0.3333333333333333,1,4,0.25,0.25
19008,VULNERABILITYSCAN,BENIGN,0.625,LOW_CONFIDENCE,nist-sp-800-61r3-response|nist-sp-800-61r3-containment,0,0,0,0.0,0,2,0.0,0.0
19010,VULNERABILITYSCAN,BENIGN,0.5433962264150943,LOW_CONFIDENCE,nist-sp-800-61r3-response|nist-sp-800-61r3-containment,0,0,0,0.0,0,2,0.0,0.0
19011,VULNERABILITYSCAN,BENIGN,0.5260663507109006,LOW_CONFIDENCE,nist-sp-800-61r3-response|nist-sp-800-61r3-containment,0,0,0,0.0,0,2,0.0,0.0
19012,VULNERABILITYSCAN,BENIGN,0.6282051282051282,LOW_CONFIDENCE,nist-sp-800-61r3-response|nist-sp-800-61r3-containment|mitre-t1046-overview|mitre-t1498-detection,0,1,3,0.3333333333333333,1,4,0.25,0.25
19015,VULNERABILITYSCAN,BENIGN,0.6767857142857143,LOW_CONFIDENCE,nist-sp-800-61r3-response|nist-sp-800-61r3-containment,0,0,0,0.0,0,2,0.0,0.0
19017,VULNERABILITYSCAN,BENIGN,0.6767857142857143,LOW_CONFIDENCE,nist-sp-800-61r3-response|nist-sp-800-61r3-containment,0,0,0,0.0,0,2,0.0,0.0
19025,VULNERABILITYSCAN,BENIGN,0.6754966887417219,LOW_CONFIDENCE,nist-sp-800-61r3-response|nist-sp-800-61r3-containment|mitre-t1046-overview|mitre-t1498-detection,0,1,3,0.3333333333333333,1,4,0.25,0.25
19027,DNS_SPOOFING,BENIGN,0.6767857142857143,LOW_CONFIDENCE,nist-sp-800-61r3-response|nist-sp-800-61r3-containment,0,0,0,0.0,0,2,0.0,0.0
19029,VULNERABILITYSCAN,BENIGN,0.6767857142857143,LOW_CONFIDENCE,nist-sp-800-61r3-response|nist-sp-800-61r3-containment,0,0,0,0.0,0,2,0.0,0.0
19031,VULNERABILITYSCAN,BENIGN,0.5865921787709497,LOW_CONFIDENCE,nist-sp-800-61r3-response|nist-sp-800-61r3-containment,0,0,0,0.0,0,2,0.0,0.0
19033,VULNERABILITYSCAN,BENIGN,0.6767857142857143,LOW_CONFIDENCE,nist-sp-800-61r3-response|nist-sp-800-61r3-containment,0,0,0,0.0,0,2,0.0,0.0
19035,VULNERABILITYSCAN,BENIGN,0.5865921787709497,LOW_CONFIDENCE,nist-sp-800-61r3-response|nist-sp-800-61r3-containment|mitre-t1046-overview|mitre-t1498-detection,0,1,3,0.3333333333333333,1,4,0.25,0.25
19036,VULNERABILITYSCAN,BENIGN,0.6767857142857143,LOW_CONFIDENCE,nist-sp-800-61r3-response|nist-sp-800-61r3-containment,0,0,0,0.0,0,2,0.0,0.0
19038,VULNERABILITYSCAN,BENIGN,0.6881188118811881,LOW_CONFIDENCE,nist-sp-800-61r3-response|nist-sp-800-61r3-containment,0,0,0,0.0,0,2,0.0,0.0
19040,VULNERABILITYSCAN,BENIGN,0.6111111111111112,LOW_CONFIDENCE,nist-sp-800-61r3-response|nist-sp-800-61r3-containment,0,0,0,0.0,0,2,0.0,0.0
19047,VULNERABILITYSCAN,BENIGN,0.6767857142857143,LOW_CONFIDENCE,nist-sp-800-61r3-response|nist-sp-800-61r3-containment,0,0,0,0.0,0,2,0.0,0.0
19050,VULNERABILITYSCAN,BENIGN,0.6881188118811881,LOW_CONFIDENCE,nist-sp-800-61r3-response|nist-sp-800-61r3-containment,0,0,0,0.0,0,2,0.0,0.0
19053,VULNERABILITYSCAN,BENIGN,0.5260663507109006,LOW_CONFIDENCE,nist-sp-800-61r3-response|nist-sp-800-61r3-containment|mitre-t1046-overview|mitre-t1498-detection,0,1,3,0.3333333333333333,1,4,0.25,0.25
19055,DNS_SPOOFING,BENIGN,0.6754966887417219,LOW_CONFIDENCE,nist-sp-800-61r3-response|nist-sp-800-61r3-containment|mitre-t1046-overview|mitre-t1498-detection,0,0,0,0.0,0,4,0.0,0.0
19056,VULNERABILITYSCAN,BENIGN,0.5260663507109006,LOW_CONFIDENCE,nist-sp-800-61r3-response|nist-sp-800-61r3-containment|mitre-t1046-overview|mitre-t1498-detection,0,1,3,0.3333333333333333,1,4,0.25,0.25
19059,VULNERABILITYSCAN,BENIGN,0.5821917808219178,LOW_CONFIDENCE,nist-sp-800-61r3-response|nist-sp-800-61r3-containment,0,0,0,0.0,0,2,0.0,0.0
19060,VULNERABILITYSCAN,BENIGN,0.5433962264150943,LOW_CONFIDENCE,nist-sp-800-61r3-response|nist-sp-800-61r3-containment,0,0,0,0.0,0,2,0.0,0.0
19061,VULNERABILITYSCAN,BENIGN,0.6767857142857143,LOW_CONFIDENCE,nist-sp-800-61r3-response|nist-sp-800-61r3-containment,0,0,0,0.0,0,2,0.0,0.0
19063,DNS_SPOOFING,BENIGN,0.6666666666666666,LOW_CONFIDENCE,nist-sp-800-61r3-response|nist-sp-800-61r3-containment|mitre-t1046-overview|mitre-t1498-detection,0,0,0,0.0,0,4,0.0,0.0
19071,VULNERABILITYSCAN,BENIGN,0.5821917808219178,LOW_CONFIDENCE,nist-sp-800-61r3-response|nist-sp-800-61r3-containment,0,0,0,0.0,0,2,0.0,0.0
19076,VULNERABILITYSCAN,BENIGN,0.6767857142857143,LOW_CONFIDENCE,nist-sp-800-61r3-response|nist-sp-800-61r3-containment,0,0,0,0.0,0,2,0.0,0.0
19077,VULNERABILITYSCAN,BENIGN,0.6111111111111112,LOW_CONFIDENCE,nist-sp-800-61r3-response|nist-sp-800-61r3-containment,0,0,0,0.0,0,2,0.0,0.0
19085,VULNERABILITYSCAN,BENIGN,0.6548672566371682,LOW_CONFIDENCE,nist-sp-800-61r3-response|nist-sp-800-61r3-containment,0,0,0,0.0,0,2,0.0,0.0
19087,VULNERABILITYSCAN,BENIGN,0.6767857142857143,LOW_CONFIDENCE,nist-sp-800-61r3-response|nist-sp-800-61r3-containment,0,0,0,0.0,0,2,0.0,0.0
19089,VULNERABILITYSCAN,BENIGN,0.6767857142857143,LOW_CONFIDENCE,nist-sp-800-61r3-response|nist-sp-800-61r3-containment,0,0,0,0.0,0,2,0.0,0.0
19091,VULNERABILITYSCAN,BENIGN,0.5433962264150943,LOW_CONFIDENCE,nist-sp-800-61r3-response|nist-sp-800-61r3-containment,0,0,0,0.0,0,2,0.0,0.0
19092,VULNERABILITYSCAN,BENIGN,0.6881188118811881,LOW_CONFIDENCE,nist-sp-800-61r3-response|nist-sp-800-61r3-containment,0,0,0,0.0,0,2,0.0,0.0
19093,VULNERABILITYSCAN,BENIGN,0.6767857142857143,LOW_CONFIDENCE,nist-sp-800-61r3-response|nist-sp-800-61r3-containment|mitre-t1046-overview|mitre-t1498-detection,0,1,3,0.3333333333333333,1,4,0.25,0.25
19094,VULNERABILITYSCAN,BENIGN,0.6767857142857143,LOW_CONFIDENCE,nist-sp-800-61r3-response|nist-sp-800-61r3-containment,0,0,0,0.0,0,2,0.0,0.0
19095,VULNERABILITYSCAN,BENIGN,0.6548672566371682,LOW_CONFIDENCE,nist-sp-800-61r3-response|nist-sp-800-61r3-containment,0,0,0,0.0,0,2,0.0,0.0
19097,VULNERABILITYSCAN,BENIGN,0.6548672566371682,LOW_CONFIDENCE,nist-sp-800-61r3-response|nist-sp-800-61r3-containment,0,0,0,0.0,0,2,0.0,0.0
19098,VULNERABILITYSCAN,BENIGN,0.6754966887417219,LOW_CONFIDENCE,nist-sp-800-61r3-response|nist-sp-800-61r3-containment,0,0,0,0.0,0,2,0.0,0.0
19106,VULNERABILITYSCAN,BENIGN,0.6881188118811881,LOW_CONFIDENCE,nist-sp-800-61r3-response|nist-sp-800-61r3-containment|mitre-t1046-overview|mitre-t1498-detection,0,1,3,0.3333333333333333,1,4,0.25,0.25
19108,VULNERABILITYSCAN,BENIGN,0.6754966887417219,LOW_CONFIDENCE,nist-sp-800-61r3-response|mitre-t1557-001-indicators|nist-sp-800-61r3-containment|mitre-t1046-overview,0,1,4,0.25,1,4,0.25,0.25
19110,VULNERABILITYSCAN,BENIGN,0.5433962264150943,LOW_CONFIDENCE,nist-sp-800-61r3-response|nist-sp-800-61r3-containment,0,0,0,0.0,0,2,0.0,0.0
19111,VULNERABILITYSCAN,BENIGN,0.6767857142857143,LOW_CONFIDENCE,nist-sp-800-61r3-response|nist-sp-800-61r3-containment,0,0,0,0.0,0,2,0.0,0.0
19112,VULNERABILITYSCAN,BENIGN,0.5433962264150943,LOW_CONFIDENCE,nist-sp-800-61r3-response|nist-sp-800-61r3-containment|mitre-t1046-overview|mitre-t1498-detection,0,1,3,0.3333333333333333,1,4,0.25,0.25
19115,VULNERABILITYSCAN,BENIGN,0.5821917808219178,LOW_CONFIDENCE,nist-sp-800-61r3-response|nist-sp-800-61r3-containment,0,0,0,0.0,0,2,0.0,0.0
19117,VULNERABILITYSCAN,BENIGN,0.6282051282051282,LOW_CONFIDENCE,nist-sp-800-61r3-response|nist-sp-800-61r3-containment|mitre-t1046-overview|mitre-t1498-detection,0,1,3,0.3333333333333333,1,4,0.25,0.25
19120,VULNERABILITYSCAN,BENIGN,0.5865921787709497,LOW_CONFIDENCE,nist-sp-800-61r3-response|nist-sp-800-61r3-containment,0,0,0,0.0,0,2,0.0,0.0
19126,VULNERABILITYSCAN,BENIGN,0.625,LOW_CONFIDENCE,nist-sp-800-61r3-response|nist-sp-800-61r3-containment,0,0,0,0.0,0,2,0.0,0.0
19129,VULNERABILITYSCAN,BENIGN,0.6767857142857143,LOW_CONFIDENCE,nist-sp-800-61r3-response|nist-sp-800-61r3-containment,0,0,0,0.0,0,2,0.0,0.0
19130,VULNERABILITYSCAN,BENIGN,0.6111111111111112,LOW_CONFIDENCE,nist-sp-800-61r3-response|nist-sp-800-61r3-containment,0,0,0,0.0,0,2,0.0,0.0
19131,VULNERABILITYSCAN,BENIGN,0.625,LOW_CONFIDENCE,nist-sp-800-61r3-response|nist-sp-800-61r3-containment,0,0,0,0.0,0,2,0.0,0.0
19134,VULNERABILITYSCAN,BENIGN,0.6111111111111112,LOW_CONFIDENCE,nist-sp-800-61r3-response|nist-sp-800-61r3-containment,0,0,0,0.0,0,2,0.0,0.0
19138,VULNERABILITYSCAN,BENIGN,0.6282051282051282,LOW_CONFIDENCE,nist-sp-800-61r3-response|nist-sp-800-61r3-containment|mitre-t1046-overview|mitre-t1498-detection,0,1,3,0.3333333333333333,1,4,0.25,0.25
19139,VULNERABILITYSCAN,BENIGN,0.5260663507109006,LOW_CONFIDENCE,nist-sp-800-61r3-response|nist-sp-800-61r3-containment,0,0,0,0.0,0,2,0.0,0.0
19140,VULNERABILITYSCAN,BENIGN,0.6111111111111112,LOW_CONFIDENCE,nist-sp-800-61r3-response|nist-sp-800-61r3-containment,0,0,0,0.0,0,2,0.0,0.0
19141,VULNERABILITYSCAN,BENIGN,0.6111111111111112,LOW_CONFIDENCE,nist-sp-800-61r3-response|nist-sp-800-61r3-containment|mitre-t1046-overview|mitre-t1498-detection,0,1,3,0.3333333333333333,1,4,0.25,0.25
19145,VULNERABILITYSCAN,BENIGN,0.6767857142857143,LOW_CONFIDENCE,nist-sp-800-61r3-response|nist-sp-800-61r3-containment,0,0,0,0.0,0,2,0.0,0.0
19148,VULNERABILITYSCAN,BENIGN,0.6767857142857143,LOW_CONFIDENCE,nist-sp-800-61r3-response|nist-sp-800-61r3-containment,0,0,0,0.0,0,2,0.0,0.0
19151,VULNERABILITYSCAN,BENIGN,0.6754966887417219,LOW_CONFIDENCE,nist-sp-800-61r3-response|nist-sp-800-61r3-containment,0,0,0,0.0,0,2,0.0,0.0
19156,VULNERABILITYSCAN,BENIGN,0.6548672566371682,LOW_CONFIDENCE,nist-sp-800-61r3-response|nist-sp-800-61r3-containment|mitre-t1046-overview|mitre-t1498-detection,0,1,3,0.3333333333333333,1,4,0.25,0.25
19160,VULNERABILITYSCAN,BENIGN,0.6881188118811881,LOW_CONFIDENCE,nist-sp-800-61r3-response|nist-sp-800-61r3-containment|mitre-t1046-overview|mitre-t1498-detection,0,1,3,0.3333333333333333,1,4,0.25,0.25
19162,VULNERABILITYSCAN,BENIGN,0.6548672566371682,LOW_CONFIDENCE,nist-sp-800-61r3-response|nist-sp-800-61r3-containment|mitre-t1046-overview|mitre-t1498-detection,0,1,3,0.3333333333333333,1,4,0.25,0.25
19163,VULNERABILITYSCAN,BENIGN,0.5260663507109006,LOW_CONFIDENCE,nist-sp-800-61r3-response|nist-sp-800-61r3-containment,0,0,0,0.0,0,2,0.0,0.0
19165,VULNERABILITYSCAN,BENIGN,0.5433962264150943,LOW_CONFIDENCE,nist-sp-800-61r3-response|nist-sp-800-61r3-containment,0,0,0,0.0,0,2,0.0,0.0
19172,VULNERABILITYSCAN,BENIGN,0.6754966887417219,LOW_CONFIDENCE,nist-sp-800-61r3-response|nist-sp-800-61r3-containment,0,0,0,0.0,0,2,0.0,0.0
19175,VULNERABILITYSCAN,BENIGN,0.6754966887417219,LOW_CONFIDENCE,nist-sp-800-61r3-response|nist-sp-800-61r3-containment,0,0,0,0.0,0,2,0.0,0.0
19183,VULNERABILITYSCAN,BENIGN,0.6548672566371682,LOW_CONFIDENCE,nist-sp-800-61r3-response|nist-sp-800-61r3-containment,0,0,0,0.0,0,2,0.0,0.0
19184,VULNERABILITYSCAN,BENIGN,0.5260663507109006,LOW_CONFIDENCE,nist-sp-800-61r3-response|nist-sp-800-61r3-containment|mitre-t1046-overview|mitre-t1498-detection,0,1,3,0.3333333333333333,1,4,0.25,0.25
19186,VULNERABILITYSCAN,BENIGN,0.6767857142857143,LOW_CONFIDENCE,nist-sp-800-61r3-response|nist-sp-800-61r3-containment,0,0,0,0.0,0,2,0.0,0.0
19189,VULNERABILITYSCAN,BENIGN,0.6767857142857143,LOW_CONFIDENCE,nist-sp-800-61r3-response|nist-sp-800-61r3-containment,0,0,0,0.0,0,2,0.0,0.0
19190,VULNERABILITYSCAN,BENIGN,0.5260663507109006,LOW_CONFIDENCE,nist-sp-800-61r3-response|nist-sp-800-61r3-containment,0,0,0,0.0,0,2,0.0,0.0
19192,DNS_SPOOFING,BENIGN,0.5821917808219178,LOW_CONFIDENCE,nist-sp-800-61r3-response|nist-sp-800-61r3-containment|mitre-t1046-overview|mitre-t1498-detection,0,0,0,0.0,0,4,0.0,0.0
19194,DNS_SPOOFING,BENIGN,0.5821917808219178,LOW_CONFIDENCE,nist-sp-800-61r3-response|nist-sp-800-61r3-containment|mitre-t1046-overview|mitre-t1498-detection,0,0,0,0.0,0,4,0.0,0.0
19202,VULNERABILITYSCAN,BENIGN,0.6111111111111112,LOW_CONFIDENCE,nist-sp-800-61r3-response|nist-sp-800-61r3-containment,0,0,0,0.0,0,2,0.0,0.0
19205,VULNERABILITYSCAN,BENIGN,0.6754966887417219,LOW_CONFIDENCE,nist-sp-800-61r3-response|nist-sp-800-61r3-containment|mitre-t1046-overview|mitre-t1498-detection,0,1,3,0.3333333333333333,1,4,0.25,0.25
19206,VULNERABILITYSCAN,BENIGN,0.6666666666666667,LOW_CONFIDENCE,nist-sp-800-61r3-response|nist-sp-800-61r3-containment,0,0,0,0.0,0,2,0.0,0.0
19207,VULNERABILITYSCAN,BENIGN,0.6767857142857143,LOW_CONFIDENCE,nist-sp-800-61r3-response|nist-sp-800-61r3-containment|mitre-t1046-overview|mitre-t1498-detection,0,1,3,0.3333333333333333,1,4,0.25,0.25
19210,VULNERABILITYSCAN,BENIGN,0.5433962264150943,LOW_CONFIDENCE,nist-sp-800-61r3-response|nist-sp-800-61r3-containment,0,0,0,0.0,0,2,0.0,0.0
19211,VULNERABILITYSCAN,BENIGN,0.6767857142857143,LOW_CONFIDENCE,nist-sp-800-61r3-response|nist-sp-800-61r3-containment,0,0,0,0.0,0,2,0.0,0.0
19213,VULNERABILITYSCAN,BENIGN,0.6754966887417219,LOW_CONFIDENCE,nist-sp-800-61r3-response|nist-sp-800-61r3-containment|mitre-t1046-overview|mitre-t1498-detection,0,1,3,0.3333333333333333,1,4,0.25,0.25
19216,VULNERABILITYSCAN,BENIGN,0.6767857142857143,LOW_CONFIDENCE,nist-sp-800-61r3-response|nist-sp-800-61r3-containment,0,0,0,0.0,0,2,0.0,0.0
19217,VULNERABILITYSCAN,BENIGN,0.5821917808219178,LOW_CONFIDENCE,nist-sp-800-61r3-response|nist-sp-800-61r3-containment,0,0,0,0.0,0,2,0.0,0.0
19223,DNS_SPOOFING,BENIGN,0.6881188118811881,LOW_CONFIDENCE,nist-sp-800-61r3-response|nist-sp-800-61r3-containment|mitre-t1046-overview|mitre-t1498-detection,0,0,0,0.0,0,4,0.0,0.0
19225,VULNERABILITYSCAN,BENIGN,0.5865921787709497,LOW_CONFIDENCE,nist-sp-800-61r3-response|nist-sp-800-61r3-containment,0,0,0,0.0,0,2,0.0,0.0
19226,VULNERABILITYSCAN,BENIGN,0.6767857142857143,LOW_CONFIDENCE,nist-sp-800-61r3-response|nist-sp-800-61r3-containment,0,0,0,0.0,0,2,0.0,0.0
19233,VULNERABILITYSCAN,BENIGN,0.6767857142857143,LOW_CONFIDENCE,nist-sp-800-61r3-response|nist-sp-800-61r3-containment,0,0,0,0.0,0,2,0.0,0.0
19237,VULNERABILITYSCAN,BENIGN,0.5821917808219178,LOW_CONFIDENCE,nist-sp-800-61r3-response|nist-sp-800-61r3-containment,0,0,0,0.0,0,2,0.0,0.0
19246,VULNERABILITYSCAN,BENIGN,0.5260663507109006,LOW_CONFIDENCE,nist-sp-800-61r3-response|nist-sp-800-61r3-containment|mitre-t1046-overview|mitre-t1498-detection,0,1,3,0.3333333333333333,1,4,0.25,0.25
19248,VULNERABILITYSCAN,BENIGN,0.6767857142857143,LOW_CONFIDENCE,nist-sp-800-61r3-response|nist-sp-800-61r3-containment|mitre-t1046-overview|mitre-t1498-detection,0,1,3,0.3333333333333333,1,4,0.25,0.25
19255,VULNERABILITYSCAN,BENIGN,0.6666666666666667,LOW_CONFIDENCE,nist-sp-800-61r3-response|nist-sp-800-61r3-containment,0,0,0,0.0,0,2,0.0,0.0
19258,VULNERABILITYSCAN,BENIGN,0.6767857142857143,LOW_CONFIDENCE,nist-sp-800-61r3-response|nist-sp-800-61r3-containment,0,0,0,0.0,0,2,0.0,0.0
19265,VULNERABILITYSCAN,BENIGN,0.6754966887417219,LOW_CONFIDENCE,nist-sp-800-61r3-response|nist-sp-800-61r3-containment,0,0,0,0.0,0,2,0.0,0.0
19267,VULNERABILITYSCAN,BENIGN,0.5260663507109006,LOW_CONFIDENCE,nist-sp-800-61r3-response|nist-sp-800-61r3-containment|mitre-t1046-overview|mitre-t1498-detection,0,1,3,0.3333333333333333,1,4,0.25,0.25
19268,VULNERABILITYSCAN,BENIGN,0.6767857142857143,LOW_CONFIDENCE,nist-sp-800-61r3-response|nist-sp-800-61r3-containment,0,0,0,0.0,0,2,0.0,0.0
19269,VULNERABILITYSCAN,BENIGN,0.6881188118811881,LOW_CONFIDENCE,nist-sp-800-61r3-response|nist-sp-800-61r3-containment,0,0,0,0.0,0,2,0.0,0.0
19272,VULNERABILITYSCAN,BENIGN,0.5433962264150943,LOW_CONFIDENCE,nist-sp-800-61r3-response|nist-sp-800-61r3-containment,0,0,0,0.0,0,2,0.0,0.0
19274,VULNERABILITYSCAN,BENIGN,0.6767857142857143,LOW_CONFIDENCE,nist-sp-800-61r3-response|nist-sp-800-61r3-containment,0,0,0,0.0,0,2,0.0,0.0
19275,VULNERABILITYSCAN,BENIGN,0.6881188118811881,LOW_CONFIDENCE,nist-sp-800-61r3-response|nist-sp-800-61r3-containment,0,0,0,0.0,0,2,0.0,0.0
19278,VULNERABILITYSCAN,BENIGN,0.6111111111111112,LOW_CONFIDENCE,nist-sp-800-61r3-response|nist-sp-800-61r3-containment,0,0,0,0.0,0,2,0.0,0.0
19279,VULNERABILITYSCAN,BENIGN,0.5865921787709497,LOW_CONFIDENCE,nist-sp-800-61r3-response|nist-sp-800-61r3-containment,0,0,0,0.0,0,2,0.0,0.0
19286,VULNERABILITYSCAN,BENIGN,0.6881188118811881,LOW_CONFIDENCE,nist-sp-800-61r3-response|nist-sp-800-61r3-containment,0,0,0,0.0,0,2,0.0,0.0
19289,VULNERABILITYSCAN,BENIGN,0.5260663507109006,LOW_CONFIDENCE,nist-sp-800-61r3-response|nist-sp-800-61r3-containment|mitre-t1046-overview|mitre-t1498-detection,0,1,3,0.3333333333333333,1,4,0.25,0.25
19290,VULNERABILITYSCAN,BENIGN,0.5821917808219178,LOW_CONFIDENCE,nist-sp-800-61r3-response|nist-sp-800-61r3-containment,0,0,0,0.0,0,2,0.0,0.0
19293,VULNERABILITYSCAN,BENIGN,0.6767857142857143,LOW_CONFIDENCE,nist-sp-800-61r3-response|nist-sp-800-61r3-containment,0,0,0,0.0,0,2,0.0,0.0
19299,VULNERABILITYSCAN,BENIGN,0.6767857142857143,LOW_CONFIDENCE,nist-sp-800-61r3-response|nist-sp-800-61r3-containment,0,0,0,0.0,0,2,0.0,0.0
19302,VULNERABILITYSCAN,BENIGN,0.6111111111111112,LOW_CONFIDENCE,nist-sp-800-61r3-response|nist-sp-800-61r3-containment,0,0,0,0.0,0,2,0.0,0.0
19307,VULNERABILITYSCAN,BENIGN,0.5260663507109006,LOW_CONFIDENCE,nist-sp-800-61r3-response|nist-sp-800-61r3-containment,0,0,0,0.0,0,2,0.0,0.0
19308,VULNERABILITYSCAN,BENIGN,0.6548672566371682,LOW_CONFIDENCE,nist-sp-800-61r3-response|nist-sp-800-61r3-containment,0,0,0,0.0,0,2,0.0,0.0
19312,VULNERABILITYSCAN,BENIGN,0.6767857142857143,LOW_CONFIDENCE,nist-sp-800-61r3-response|nist-sp-800-61r3-containment,0,0,0,0.0,0,2,0.0,0.0
19316,VULNERABILITYSCAN,BENIGN,0.6767857142857143,LOW_CONFIDENCE,nist-sp-800-61r3-response|nist-sp-800-61r3-containment,0,0,0,0.0,0,2,0.0,0.0
19317,VULNERABILITYSCAN,BENIGN,0.6666666666666666,LOW_CONFIDENCE,nist-sp-800-61r3-response|nist-sp-800-61r3-containment|mitre-t1046-overview|mitre-t1498-detection,0,1,3,0.3333333333333333,1,4,0.25,0.25
19319,VULNERABILITYSCAN,BENIGN,0.6548672566371682,LOW_CONFIDENCE,nist-sp-800-61r3-response|nist-sp-800-61r3-containment,0,0,0,0.0,0,2,0.0,0.0
19328,VULNERABILITYSCAN,BENIGN,0.6548672566371682,LOW_CONFIDENCE,nist-sp-800-61r3-response|nist-sp-800-61r3-containment,0,0,0,0.0,0,2,0.0,0.0
19329,VULNERABILITYSCAN,BENIGN,0.6767857142857143,LOW_CONFIDENCE,nist-sp-800-61r3-response|nist-sp-800-61r3-containment,0,0,0,0.0,0,2,0.0,0.0
19333,VULNERABILITYSCAN,BENIGN,0.5433962264150943,LOW_CONFIDENCE,nist-sp-800-61r3-response|nist-sp-800-61r3-containment,0,0,0,0.0,0,2,0.0,0.0
19334,VULNERABILITYSCAN,BENIGN,0.6754966887417219,LOW_CONFIDENCE,nist-sp-800-61r3-response|nist-sp-800-61r3-containment,0,0,0,0.0,0,2,0.0,0.0
19335,VULNERABILITYSCAN,BENIGN,0.6767857142857143,LOW_CONFIDENCE,nist-sp-800-61r3-response|nist-sp-800-61r3-containment,0,0,0,0.0,0,2,0.0,0.0
19337,VULNERABILITYSCAN,BENIGN,0.5821917808219178,LOW_CONFIDENCE,nist-sp-800-61r3-response|nist-sp-800-61r3-containment|mitre-t1046-overview|mitre-t1498-detection,0,1,3,0.3333333333333333,1,4,0.25,0.25
19343,VULNERABILITYSCAN,BENIGN,0.6767857142857143,LOW_CONFIDENCE,nist-sp-800-61r3-response|nist-sp-800-61r3-containment,0,0,0,0.0,0,2,0.0,0.0
19345,VULNERABILITYSCAN,BENIGN,0.6548672566371682,LOW_CONFIDENCE,nist-sp-800-61r3-response|nist-sp-800-61r3-containment,0,0,0,0.0,0,2,0.0,0.0
19347,VULNERABILITYSCAN,BENIGN,0.6111111111111112,LOW_CONFIDENCE,nist-sp-800-61r3-response|nist-sp-800-61r3-containment,0,0,0,0.0,0,2,0.0,0.0
19349,VULNERABILITYSCAN,BENIGN,0.6548672566371682,LOW_CONFIDENCE,nist-sp-800-61r3-response|nist-sp-800-61r3-containment,0,0,0,0.0,0,2,0.0,0.0
19350,VULNERABILITYSCAN,BENIGN,0.5865921787709497,LOW_CONFIDENCE,nist-sp-800-61r3-response|nist-sp-800-61r3-containment|mitre-t1046-overview|mitre-t1498-detection,0,1,3,0.3333333333333333,1,4,0.25,0.25
19356,VULNERABILITYSCAN,BENIGN,0.5865921787709497,LOW_CONFIDENCE,nist-sp-800-61r3-response|nist-sp-800-61r3-containment,0,0,0,0.0,0,2,0.0,0.0
19357,VULNERABILITYSCAN,BENIGN,0.5260663507109006,LOW_CONFIDENCE,nist-sp-800-61r3-response|nist-sp-800-61r3-containment,0,0,0,0.0,0,2,0.0,0.0
19361,VULNERABILITYSCAN,BENIGN,0.6111111111111112,LOW_CONFIDENCE,nist-sp-800-61r3-response|nist-sp-800-61r3-containment,0,0,0,0.0,0,2,0.0,0.0
19364,VULNERABILITYSCAN,BENIGN,0.6881188118811881,LOW_CONFIDENCE,nist-sp-800-61r3-response|nist-sp-800-61r3-containment,0,0,0,0.0,0,2,0.0,0.0
19367,VULNERABILITYSCAN,BENIGN,0.5260663507109006,LOW_CONFIDENCE,nist-sp-800-61r3-response|nist-sp-800-61r3-containment,0,0,0,0.0,0,2,0.0,0.0
19368,VULNERABILITYSCAN,BENIGN,0.5865921787709497,LOW_CONFIDENCE,nist-sp-800-61r3-response|nist-sp-800-61r3-containment|mitre-t1046-overview|mitre-t1498-detection,0,1,3,0.3333333333333333,1,4,0.25,0.25
19370,VULNERABILITYSCAN,BENIGN,0.6548672566371682,LOW_CONFIDENCE,nist-sp-800-61r3-response|nist-sp-800-61r3-containment,0,0,0,0.0,0,2,0.0,0.0
19371,VULNERABILITYSCAN,BENIGN,0.5433962264150943,LOW_CONFIDENCE,nist-sp-800-61r3-response|nist-sp-800-61r3-containment,0,0,0,0.0,0,2,0.0,0.0
19374,VULNERABILITYSCAN,BENIGN,0.6111111111111112,LOW_CONFIDENCE,nist-sp-800-61r3-response|nist-sp-800-61r3-containment,0,0,0,0.0,0,2,0.0,0.0
19376,VULNERABILITYSCAN,BENIGN,0.5821917808219178,LOW_CONFIDENCE,nist-sp-800-61r3-response|nist-sp-800-61r3-containment|mitre-t1046-overview|mitre-t1498-detection,0,1,3,0.3333333333333333,1,4,0.25,0.25
19377,VULNERABILITYSCAN,BENIGN,0.6767857142857143,LOW_CONFIDENCE,nist-sp-800-61r3-response|nist-sp-800-61r3-containment,0,0,0,0.0,0,2,0.0,0.0
19382,VULNERABILITYSCAN,BENIGN,0.6767857142857143,LOW_CONFIDENCE,nist-sp-800-61r3-response|nist-sp-800-61r3-containment,0,0,0,0.0,0,2,0.0,0.0
19383,VULNERABILITYSCAN,BENIGN,0.6767857142857143,LOW_CONFIDENCE,nist-sp-800-61r3-response|nist-sp-800-61r3-containment,0,0,0,0.0,0,2,0.0,0.0
19387,VULNERABILITYSCAN,BENIGN,0.6111111111111112,LOW_CONFIDENCE,nist-sp-800-61r3-response|nist-sp-800-61r3-containment,0,0,0,0.0,0,2,0.0,0.0
19389,VULNERABILITYSCAN,BENIGN,0.5821917808219178,LOW_CONFIDENCE,nist-sp-800-61r3-response|nist-sp-800-61r3-containment,0,0,0,0.0,0,2,0.0,0.0
19394,VULNERABILITYSCAN,BENIGN,0.5260663507109006,LOW_CONFIDENCE,nist-sp-800-61r3-response|nist-sp-800-61r3-containment|mitre-t1046-overview|mitre-t1498-detection,0,1,3,0.3333333333333333,1,4,0.25,0.25
19397,VULNERABILITYSCAN,BENIGN,0.5865921787709497,LOW_CONFIDENCE,nist-sp-800-61r3-response|nist-sp-800-61r3-containment,0,0,0,0.0,0,2,0.0,0.0
19398,VULNERABILITYSCAN,BENIGN,0.5433962264150943,LOW_CONFIDENCE,nist-sp-800-61r3-response|nist-sp-800-61r3-containment,0,0,0,0.0,0,2,0.0,0.0
19403,VULNERABILITYSCAN,BENIGN,0.6767857142857143,LOW_CONFIDENCE,nist-sp-800-61r3-response|nist-sp-800-61r3-containment,0,0,0,0.0,0,2,0.0,0.0
19404,VULNERABILITYSCAN,BENIGN,0.6548672566371682,LOW_CONFIDENCE,nist-sp-800-61r3-response|nist-sp-800-61r3-containment,0,0,0,0.0,0,2,0.0,0.0
19405,VULNERABILITYSCAN,BENIGN,0.6881188118811881,LOW_CONFIDENCE,nist-sp-800-61r3-response|nist-sp-800-61r3-containment|mitre-t1046-overview|mitre-t1498-detection,0,1,3,0.3333333333333333,1,4,0.25,0.25
19409,VULNERABILITYSCAN,BENIGN,0.5433962264150943,LOW_CONFIDENCE,nist-sp-800-61r3-response|nist-sp-800-61r3-containment,0,0,0,0.0,0,2,0.0,0.0
19410,VULNERABILITYSCAN,BENIGN,0.6881188118811881,LOW_CONFIDENCE,nist-sp-800-61r3-response|nist-sp-800-61r3-containment,0,0,0,0.0,0,2,0.0,0.0
19412,VULNERABILITYSCAN,BENIGN,0.6767857142857143,LOW_CONFIDENCE,nist-sp-800-61r3-response|nist-sp-800-61r3-containment,0,0,0,0.0,0,2,0.0,0.0
19417,VULNERABILITYSCAN,BENIGN,0.6767857142857143,LOW_CONFIDENCE,nist-sp-800-61r3-response|nist-sp-800-61r3-containment,0,0,0,0.0,0,2,0.0,0.0
19418,VULNERABILITYSCAN,BENIGN,0.6767857142857143,LOW_CONFIDENCE,nist-sp-800-61r3-response|nist-sp-800-61r3-containment,0,0,0,0.0,0,2,0.0,0.0
19421,VULNERABILITYSCAN,BENIGN,0.5865921787709497,LOW_CONFIDENCE,nist-sp-800-61r3-response|nist-sp-800-61r3-containment|mitre-t1046-overview|mitre-t1498-detection,0,1,3,0.3333333333333333,1,4,0.25,0.25
19423,VULNERABILITYSCAN,BENIGN,0.6767857142857143,LOW_CONFIDENCE,nist-sp-800-61r3-response|nist-sp-800-61r3-containment,0,0,0,0.0,0,2,0.0,0.0
19426,VULNERABILITYSCAN,BENIGN,0.6767857142857143,LOW_CONFIDENCE,nist-sp-800-61r3-response|nist-sp-800-61r3-containment,0,0,0,0.0,0,2,0.0,0.0
19430,VULNERABILITYSCAN,BENIGN,0.6767857142857143,LOW_CONFIDENCE,nist-sp-800-61r3-response|nist-sp-800-61r3-containment,0,0,0,0.0,0,2,0.0,0.0
19431,VULNERABILITYSCAN,BENIGN,0.6548672566371682,LOW_CONFIDENCE,nist-sp-800-61r3-response|nist-sp-800-61r3-containment,0,0,0,0.0,0,2,0.0,0.0
19432,VULNERABILITYSCAN,BENIGN,0.6548672566371682,LOW_CONFIDENCE,nist-sp-800-61r3-response|nist-sp-800-61r3-containment,0,0,0,0.0,0,2,0.0,0.0
19433,DNS_SPOOFING,BENIGN,0.5260663507109006,LOW_CONFIDENCE,nist-sp-800-61r3-response|nist-sp-800-61r3-containment,0,0,0,0.0,0,2,0.0,0.0
19435,VULNERABILITYSCAN,BENIGN,0.5433962264150943,LOW_CONFIDENCE,nist-sp-800-61r3-response|nist-sp-800-61r3-containment|mitre-t1046-overview|mitre-t1498-detection,0,1,3,0.3333333333333333,1,4,0.25,0.25
19436,DNS_SPOOFING,BENIGN,0.625,LOW_CONFIDENCE,nist-sp-800-61r3-response|nist-sp-800-61r3-containment|mitre-t1046-overview|mitre-t1498-detection,0,0,0,0.0,0,4,0.0,0.0
19437,VULNERABILITYSCAN,BENIGN,0.6111111111111112,LOW_CONFIDENCE,nist-sp-800-61r3-response|nist-sp-800-61r3-containment,0,0,0,0.0,0,2,0.0,0.0
19438,VULNERABILITYSCAN,BENIGN,0.6548672566371682,LOW_CONFIDENCE,nist-sp-800-61r3-response|nist-sp-800-61r3-containment,0,0,0,0.0,0,2,0.0,0.0
19439,VULNERABILITYSCAN,BENIGN,0.5260663507109006,LOW_CONFIDENCE,nist-sp-800-61r3-response|nist-sp-800-61r3-containment,0,0,0,0.0,0,2,0.0,0.0
19442,VULNERABILITYSCAN,BENIGN,0.6881188118811881,LOW_CONFIDENCE,nist-sp-800-61r3-response|nist-sp-800-61r3-containment,0,0,0,0.0,0,2,0.0,0.0
19445,VULNERABILITYSCAN,BENIGN,0.6881188118811881,LOW_CONFIDENCE,nist-sp-800-61r3-response|nist-sp-800-61r3-containment|mitre-t1046-overview|mitre-t1498-detection,0,1,3,0.3333333333333333,1,4,0.25,0.25
19446,VULNERABILITYSCAN,BENIGN,0.5433962264150943,LOW_CONFIDENCE,nist-sp-800-61r3-response|nist-sp-800-61r3-containment,0,0,0,0.0,0,2,0.0,0.0
19447,DNS_SPOOFING,BENIGN,0.6881188118811881,LOW_CONFIDENCE,nist-sp-800-61r3-response|nist-sp-800-61r3-containment,0,0,0,0.0,0,2,0.0,0.0
19449,VULNERABILITYSCAN,BENIGN,0.5433962264150943,LOW_CONFIDENCE,nist-sp-800-61r3-response|nist-sp-800-61r3-containment,0,0,0,0.0,0,2,0.0,0.0
19450,VULNERABILITYSCAN,BENIGN,0.5260663507109006,LOW_CONFIDENCE,nist-sp-800-61r3-response|nist-sp-800-61r3-containment|mitre-t1046-overview|mitre-t1498-detection,0,1,3,0.3333333333333333,1,4,0.25,0.25
19451,VULNERABILITYSCAN,BENIGN,0.5433962264150943,LOW_CONFIDENCE,nist-sp-800-61r3-response|nist-sp-800-61r3-containment,0,0,0,0.0,0,2,0.0,0.0
19455,VULNERABILITYSCAN,BENIGN,0.5260663507109006,LOW_CONFIDENCE,nist-sp-800-61r3-response|nist-sp-800-61r3-containment,0,0,0,0.0,0,2,0.0,0.0
19459,VULNERABILITYSCAN,BENIGN,0.5433962264150943,LOW_CONFIDENCE,nist-sp-800-61r3-response|nist-sp-800-61r3-containment,0,0,0,0.0,0,2,0.0,0.0
19461,VULNERABILITYSCAN,BENIGN,0.6754966887417219,LOW_CONFIDENCE,nist-sp-800-61r3-response|nist-sp-800-61r3-containment|mitre-t1046-overview|mitre-t1498-detection,0,1,3,0.3333333333333333,1,4,0.25,0.25
19464,VULNERABILITYSCAN,BENIGN,0.6754966887417219,LOW_CONFIDENCE,nist-sp-800-61r3-response|nist-sp-800-61r3-containment,0,0,0,0.0,0,2,0.0,0.0
19466,VULNERABILITYSCAN,BENIGN,0.6521739130434783,LOW_CONFIDENCE,nist-sp-800-61r3-response|nist-sp-800-61r3-containment|mitre-t1046-overview|mitre-t1498-detection,0,1,3,0.3333333333333333,1,4,0.25,0.25
19467,VULNERABILITYSCAN,BENIGN,0.6548672566371682,LOW_CONFIDENCE,nist-sp-800-61r3-response|nist-sp-800-61r3-containment,0,0,0,0.0,0,2,0.0,0.0
19468,VULNERABILITYSCAN,BENIGN,0.6548672566371682,LOW_CONFIDENCE,nist-sp-800-61r3-response|nist-sp-800-61r3-containment,0,0,0,0.0,0,2,0.0,0.0
19469,VULNERABILITYSCAN,BENIGN,0.6548672566371682,LOW_CONFIDENCE,nist-sp-800-61r3-response|nist-sp-800-61r3-containment,0,0,0,0.0,0,2,0.0,0.0
19472,VULNERABILITYSCAN,BENIGN,0.6881188118811881,LOW_CONFIDENCE,nist-sp-800-61r3-response|nist-sp-800-61r3-containment,0,0,0,0.0,0,2,0.0,0.0
19473,VULNERABILITYSCAN,BENIGN,0.625,LOW_CONFIDENCE,nist-sp-800-61r3-response|nist-sp-800-61r3-containment|mitre-t1046-overview|mitre-t1498-detection,0,1,3,0.3333333333333333,1,4,0.25,0.25
19484,VULNERABILITYSCAN,BENIGN,0.6111111111111112,LOW_CONFIDENCE,nist-sp-800-61r3-response|nist-sp-800-61r3-containment|mitre-t1046-overview|mitre-t1498-detection,0,1,3,0.3333333333333333,1,4,0.25,0.25
19485,DNS_SPOOFING,BENIGN,0.5433962264150943,LOW_CONFIDENCE,nist-sp-800-61r3-response|nist-sp-800-61r3-containment,0,0,0,0.0,0,2,0.0,0.0
19486,VULNERABILITYSCAN,BENIGN,0.6767857142857143,LOW_CONFIDENCE,nist-sp-800-61r3-response|nist-sp-800-61r3-containment,0,0,0,0.0,0,2,0.0,0.0
19491,VULNERABILITYSCAN,BENIGN,0.6767857142857143,LOW_CONFIDENCE,nist-sp-800-61r3-response|nist-sp-800-61r3-containment,0,0,0,0.0,0,2,0.0,0.0
19497,VULNERABILITYSCAN,BENIGN,0.5433962264150943,LOW_CONFIDENCE,nist-sp-800-61r3-response|nist-sp-800-61r3-containment,0,0,0,0.0,0,2,0.0,0.0
19500,VULNERABILITYSCAN,BENIGN,0.6767857142857143,LOW_CONFIDENCE,nist-sp-800-61r3-response|nist-sp-800-61r3-containment,0,0,0,0.0,0,2,0.0,0.0
19504,VULNERABILITYSCAN,BENIGN,0.6548672566371682,LOW_CONFIDENCE,nist-sp-800-61r3-response|nist-sp-800-61r3-containment|mitre-t1046-overview|mitre-t1498-detection,0,1,3,0.3333333333333333,1,4,0.25,0.25
19507,VULNERABILITYSCAN,BENIGN,0.6767857142857143,LOW_CONFIDENCE,nist-sp-800-61r3-response|nist-sp-800-61r3-containment,0,0,0,0.0,0,2,0.0,0.0
19508,VULNERABILITYSCAN,BENIGN,0.6111111111111112,LOW_CONFIDENCE,nist-sp-800-61r3-response|nist-sp-800-61r3-containment,0,0,0,0.0,0,2,0.0,0.0
19511,VULNERABILITYSCAN,BENIGN,0.6767857142857143,LOW_CONFIDENCE,nist-sp-800-61r3-response|nist-sp-800-61r3-containment,0,0,0,0.0,0,2,0.0,0.0
19514,VULNERABILITYSCAN,BENIGN,0.6767857142857143,LOW_CONFIDENCE,nist-sp-800-61r3-response|nist-sp-800-61r3-containment,0,0,0,0.0,0,2,0.0,0.0
19519,VULNERABILITYSCAN,BENIGN,0.6111111111111112,LOW_CONFIDENCE,nist-sp-800-61r3-response|nist-sp-800-61r3-containment,0,0,0,0.0,0,2,0.0,0.0
19520,VULNERABILITYSCAN,BENIGN,0.6767857142857143,LOW_CONFIDENCE,nist-sp-800-61r3-response|nist-sp-800-61r3-containment,0,0,0,0.0,0,2,0.0,0.0
19525,VULNERABILITYSCAN,BENIGN,0.6548672566371682,LOW_CONFIDENCE,nist-sp-800-61r3-response|nist-sp-800-61r3-containment,0,0,0,0.0,0,2,0.0,0.0
19527,VULNERABILITYSCAN,BENIGN,0.6767857142857143,LOW_CONFIDENCE,nist-sp-800-61r3-response|nist-sp-800-61r3-containment,0,0,0,0.0,0,2,0.0,0.0
19530,VULNERABILITYSCAN,BENIGN,0.5865921787709497,LOW_CONFIDENCE,nist-sp-800-61r3-response|nist-sp-800-61r3-containment,0,0,0,0.0,0,2,0.0,0.0
19533,VULNERABILITYSCAN,BENIGN,0.5433962264150943,LOW_CONFIDENCE,nist-sp-800-61r3-response|nist-sp-800-61r3-containment,0,0,0,0.0,0,2,0.0,0.0
19534,VULNERABILITYSCAN,BENIGN,0.6767857142857143,LOW_CONFIDENCE,nist-sp-800-61r3-response|nist-sp-800-61r3-containment,0,0,0,0.0,0,2,0.0,0.0
19535,VULNERABILITYSCAN,BENIGN,0.6767857142857143,LOW_CONFIDENCE,nist-sp-800-61r3-response|nist-sp-800-61r3-containment,0,0,0,0.0,0,2,0.0,0.0
19536,VULNERABILITYSCAN,BENIGN,0.5260663507109006,LOW_CONFIDENCE,nist-sp-800-61r3-response|nist-sp-800-61r3-containment,0,0,0,0.0,0,2,0.0,0.0
19537,VULNERABILITYSCAN,BENIGN,0.6548672566371682,LOW_CONFIDENCE,nist-sp-800-61r3-response|nist-sp-800-61r3-containment,0,0,0,0.0,0,2,0.0,0.0
19540,VULNERABILITYSCAN,BENIGN,0.6881188118811881,LOW_CONFIDENCE,nist-sp-800-61r3-response|nist-sp-800-61r3-containment|mitre-t1046-overview|mitre-t1498-detection,0,1,3,0.3333333333333333,1,4,0.25,0.25
19543,VULNERABILITYSCAN,BENIGN,0.5433962264150943,LOW_CONFIDENCE,nist-sp-800-61r3-response|nist-sp-800-61r3-containment|mitre-t1046-overview|mitre-t1498-detection,0,1,3,0.3333333333333333,1,4,0.25,0.25
19544,VULNERABILITYSCAN,BENIGN,0.6548672566371682,LOW_CONFIDENCE,nist-sp-800-61r3-response|nist-sp-800-61r3-containment,0,0,0,0.0,0,2,0.0,0.0
19545,VULNERABILITYSCAN,BENIGN,0.6767857142857143,LOW_CONFIDENCE,nist-sp-800-61r3-response|nist-sp-800-61r3-containment,0,0,0,0.0,0,2,0.0,0.0
19548,VULNERABILITYSCAN,BENIGN,0.6767857142857143,LOW_CONFIDENCE,nist-sp-800-61r3-response|nist-sp-800-61r3-containment,0,0,0,0.0,0,2,0.0,0.0
19550,DNS_SPOOFING,BENIGN,0.6754966887417219,LOW_CONFIDENCE,nist-sp-800-61r3-response|nist-sp-800-61r3-containment,0,0,0,0.0,0,2,0.0,0.0
19553,VULNERABILITYSCAN,BENIGN,0.5260663507109006,LOW_CONFIDENCE,nist-sp-800-61r3-response|nist-sp-800-61r3-containment,0,0,0,0.0,0,2,0.0,0.0
19556,VULNERABILITYSCAN,BENIGN,0.6767857142857143,LOW_CONFIDENCE,nist-sp-800-61r3-response|nist-sp-800-61r3-containment,0,0,0,0.0,0,2,0.0,0.0
19560,VULNERABILITYSCAN,BENIGN,0.625,LOW_CONFIDENCE,nist-sp-800-61r3-response|nist-sp-800-61r3-containment,0,0,0,0.0,0,2,0.0,0.0
19574,VULNERABILITYSCAN,BENIGN,0.6881188118811881,LOW_CONFIDENCE,nist-sp-800-61r3-response|nist-sp-800-61r3-containment|mitre-t1046-overview|mitre-t1498-detection,0,1,3,0.3333333333333333,1,4,0.25,0.25
19576,VULNERABILITYSCAN,BENIGN,0.5433962264150943,LOW_CONFIDENCE,nist-sp-800-61r3-response|nist-sp-800-61r3-containment|mitre-t1046-overview|mitre-t1498-detection,0,1,3,0.3333333333333333,1,4,0.25,0.25
19578,VULNERABILITYSCAN,BENIGN,0.625,LOW_CONFIDENCE,nist-sp-800-61r3-response|nist-sp-800-61r3-containment,0,0,0,0.0,0,2,0.0,0.0
19579,VULNERABILITYSCAN,BENIGN,0.6881188118811881,LOW_CONFIDENCE,nist-sp-800-61r3-response|nist-sp-800-61r3-containment,0,0,0,0.0,0,2,0.0,0.0
19581,VULNERABILITYSCAN,BENIGN,0.5821917808219178,LOW_CONFIDENCE,nist-sp-800-61r3-response|nist-sp-800-61r3-containment,0,0,0,0.0,0,2,0.0,0.0
19587,VULNERABILITYSCAN,BENIGN,0.6111111111111112,LOW_CONFIDENCE,nist-sp-800-61r3-response|nist-sp-800-61r3-containment,0,0,0,0.0,0,2,0.0,0.0
19588,VULNERABILITYSCAN,BENIGN,0.6548672566371682,LOW_CONFIDENCE,nist-sp-800-61r3-response|nist-sp-800-61r3-containment,0,0,0,0.0,0,2,0.0,0.0
19589,DNS_SPOOFING,BENIGN,0.5260663507109006,LOW_CONFIDENCE,nist-sp-800-61r3-response|nist-sp-800-61r3-containment,0,0,0,0.0,0,2,0.0,0.0
19592,VULNERABILITYSCAN,BENIGN,0.6282051282051282,LOW_CONFIDENCE,nist-sp-800-61r3-response|nist-sp-800-61r3-containment,0,0,0,0.0,0,2,0.0,0.0
19607,VULNERABILITYSCAN,BENIGN,0.6767857142857143,LOW_CONFIDENCE,nist-sp-800-61r3-response|nist-sp-800-61r3-containment,0,0,0,0.0,0,2,0.0,0.0
19608,VULNERABILITYSCAN,BENIGN,0.5821917808219178,LOW_CONFIDENCE,nist-sp-800-61r3-response|nist-sp-800-61r3-containment,0,0,0,0.0,0,2,0.0,0.0
19609,VULNERABILITYSCAN,BENIGN,0.5433962264150943,LOW_CONFIDENCE,nist-sp-800-61r3-response|nist-sp-800-61r3-containment,0,0,0,0.0,0,2,0.0,0.0
19616,VULNERABILITYSCAN,BENIGN,0.6767857142857143,LOW_CONFIDENCE,nist-sp-800-61r3-response|nist-sp-800-61r3-containment,0,0,0,0.0,0,2,0.0,0.0
19620,VULNERABILITYSCAN,BENIGN,0.5433962264150943,LOW_CONFIDENCE,nist-sp-800-61r3-response|nist-sp-800-61r3-containment,0,0,0,0.0,0,2,0.0,0.0
19624,VULNERABILITYSCAN,BENIGN,0.6111111111111112,LOW_CONFIDENCE,nist-sp-800-61r3-response|nist-sp-800-61r3-containment,0,0,0,0.0,0,2,0.0,0.0
19630,VULNERABILITYSCAN,BENIGN,0.5433962264150943,LOW_CONFIDENCE,nist-sp-800-61r3-response|nist-sp-800-61r3-containment,0,0,0,0.0,0,2,0.0,0.0
19634,VULNERABILITYSCAN,BENIGN,0.6767857142857143,LOW_CONFIDENCE,nist-sp-800-61r3-response|nist-sp-800-61r3-containment,0,0,0,0.0,0,2,0.0,0.0
19636,VULNERABILITYSCAN,BENIGN,0.6754966887417219,LOW_CONFIDENCE,nist-sp-800-61r3-response|nist-sp-800-61r3-containment|mitre-t1046-overview|mitre-t1498-detection,0,1,3,0.3333333333333333,1,4,0.25,0.25
19637,VULNERABILITYSCAN,BENIGN,0.5865921787709497,LOW_CONFIDENCE,nist-sp-800-61r3-response|nist-sp-800-61r3-containment,0,0,0,0.0,0,2,0.0,0.0
19638,VULNERABILITYSCAN,BENIGN,0.6548672566371682,LOW_CONFIDENCE,nist-sp-800-61r3-response|nist-sp-800-61r3-containment,0,0,0,0.0,0,2,0.0,0.0
19640,VULNERABILITYSCAN,BENIGN,0.6666666666666666,LOW_CONFIDENCE,nist-sp-800-61r3-response|nist-sp-800-61r3-containment,0,0,0,0.0,0,2,0.0,0.0
19641,VULNERABILITYSCAN,BENIGN,0.6767857142857143,LOW_CONFIDENCE,nist-sp-800-61r3-response|nist-sp-800-61r3-containment,0,0,0,0.0,0,2,0.0,0.0
19643,VULNERABILITYSCAN,BENIGN,0.6767857142857143,LOW_CONFIDENCE,nist-sp-800-61r3-response|nist-sp-800-61r3-containment,0,0,0,0.0,0,2,0.0,0.0
19646,VULNERABILITYSCAN,BENIGN,0.6767857142857143,LOW_CONFIDENCE,nist-sp-800-61r3-response|nist-sp-800-61r3-containment,0,0,0,0.0,0,2,0.0,0.0
19647,VULNERABILITYSCAN,BENIGN,0.5865921787709497,LOW_CONFIDENCE,nist-sp-800-61r3-response|nist-sp-800-61r3-containment,0,0,0,0.0,0,2,0.0,0.0
19649,VULNERABILITYSCAN,BENIGN,0.6548672566371682,LOW_CONFIDENCE,nist-sp-800-61r3-response|nist-sp-800-61r3-containment,0,0,0,0.0,0,2,0.0,0.0
19651,VULNERABILITYSCAN,BENIGN,0.6111111111111112,LOW_CONFIDENCE,nist-sp-800-61r3-response|nist-sp-800-61r3-containment,0,0,0,0.0,0,2,0.0,0.0
19653,VULNERABILITYSCAN,BENIGN,0.6767857142857143,LOW_CONFIDENCE,nist-sp-800-61r3-response|nist-sp-800-61r3-containment,0,0,0,0.0,0,2,0.0,0.0
19654,VULNERABILITYSCAN,BENIGN,0.6282051282051282,LOW_CONFIDENCE,nist-sp-800-61r3-response|nist-sp-800-61r3-containment,0,0,0,0.0,0,2,0.0,0.0
19656,VULNERABILITYSCAN,BENIGN,0.6111111111111112,LOW_CONFIDENCE,nist-sp-800-61r3-response|nist-sp-800-61r3-containment,0,0,0,0.0,0,2,0.0,0.0
19664,VULNERABILITYSCAN,BENIGN,0.6282051282051282,LOW_CONFIDENCE,nist-sp-800-61r3-response|nist-sp-800-61r3-containment,0,0,0,0.0,0,2,0.0,0.0
19667,VULNERABILITYSCAN,BENIGN,0.6111111111111112,LOW_CONFIDENCE,nist-sp-800-61r3-response|nist-sp-800-61r3-containment,0,0,0,0.0,0,2,0.0,0.0
19673,VULNERABILITYSCAN,BENIGN,0.6767857142857143,LOW_CONFIDENCE,nist-sp-800-61r3-response|nist-sp-800-61r3-containment,0,0,0,0.0,0,2,0.0,0.0
19676,VULNERABILITYSCAN,BENIGN,0.6548672566371682,LOW_CONFIDENCE,nist-sp-800-61r3-response|nist-sp-800-61r3-containment,0,0,0,0.0,0,2,0.0,0.0
19680,VULNERABILITYSCAN,BENIGN,0.5821917808219178,LOW_CONFIDENCE,nist-sp-800-61r3-response|nist-sp-800-61r3-containment,0,0,0,0.0,0,2,0.0,0.0
19683,VULNERABILITYSCAN,BENIGN,0.6548672566371682,LOW_CONFIDENCE,nist-sp-800-61r3-response|mitre-t1557-001-indicators|nist-sp-800-61r3-containment,0,0,0,0.0,0,3,0.0,0.0
19687,VULNERABILITYSCAN,BENIGN,0.6754966887417219,LOW_CONFIDENCE,nist-sp-800-61r3-response|nist-sp-800-61r3-containment|mitre-t1046-overview|mitre-t1498-detection,0,1,3,0.3333333333333333,1,4,0.25,0.25
19689,VULNERABILITYSCAN,BENIGN,0.6881188118811881,LOW_CONFIDENCE,nist-sp-800-61r3-response|nist-sp-800-61r3-containment|mitre-t1046-overview|mitre-t1498-detection,0,1,3,0.3333333333333333,1,4,0.25,0.25
19691,VULNERABILITYSCAN,BENIGN,0.5433962264150943,LOW_CONFIDENCE,nist-sp-800-61r3-response|nist-sp-800-61r3-containment,0,0,0,0.0,0,2,0.0,0.0
19692,VULNERABILITYSCAN,BENIGN,0.5433962264150943,LOW_CONFIDENCE,nist-sp-800-61r3-response|nist-sp-800-61r3-containment|mitre-t1046-overview|mitre-t1498-detection,0,1,3,0.3333333333333333,1,4,0.25,0.25
19693,DNS_SPOOFING,BENIGN,0.6881188118811881,LOW_CONFIDENCE,nist-sp-800-61r3-response|nist-sp-800-61r3-containment|mitre-t1046-overview|mitre-t1498-detection,0,0,0,0.0,0,4,0.0,0.0
19694,VULNERABILITYSCAN,BENIGN,0.6111111111111112,LOW_CONFIDENCE,nist-sp-800-61r3-response|nist-sp-800-61r3-containment,0,0,0,0.0,0,2,0.0,0.0
19699,VULNERABILITYSCAN,BENIGN,0.5821917808219178,LOW_CONFIDENCE,nist-sp-800-61r3-response|nist-sp-800-61r3-containment,0,0,0,0.0,0,2,0.0,0.0
19701,VULNERABILITYSCAN,BENIGN,0.6767857142857143,LOW_CONFIDENCE,nist-sp-800-61r3-response|nist-sp-800-61r3-containment,0,0,0,0.0,0,2,0.0,0.0
19706,VULNERABILITYSCAN,BENIGN,0.6111111111111112,LOW_CONFIDENCE,nist-sp-800-61r3-response|nist-sp-800-61r3-containment,0,0,0,0.0,0,2,0.0,0.0
19711,VULNERABILITYSCAN,BENIGN,0.6548672566371682,LOW_CONFIDENCE,nist-sp-800-61r3-response|nist-sp-800-61r3-containment,0,0,0,0.0,0,2,0.0,0.0
19712,VULNERABILITYSCAN,BENIGN,0.5260663507109006,LOW_CONFIDENCE,nist-sp-800-61r3-response|nist-sp-800-61r3-containment|mitre-t1046-overview|mitre-t1498-detection,0,1,3,0.3333333333333333,1,4,0.25,0.25
19713,VULNERABILITYSCAN,BENIGN,0.6881188118811881,LOW_CONFIDENCE,nist-sp-800-61r3-response|nist-sp-800-61r3-containment,0,0,0,0.0,0,2,0.0,0.0
19717,VULNERABILITYSCAN,BENIGN,0.6767857142857143,LOW_CONFIDENCE,nist-sp-800-61r3-response|nist-sp-800-61r3-containment,0,0,0,0.0,0,2,0.0,0.0
19718,VULNERABILITYSCAN,BENIGN,0.6548672566371682,LOW_CONFIDENCE,nist-sp-800-61r3-response|nist-sp-800-61r3-containment,0,0,0,0.0,0,2,0.0,0.0
19720,VULNERABILITYSCAN,BENIGN,0.6548672566371682,LOW_CONFIDENCE,nist-sp-800-61r3-response|nist-sp-800-61r3-containment,0,0,0,0.0,0,2,0.0,0.0
19721,DNS_SPOOFING,BENIGN,0.5821917808219178,LOW_CONFIDENCE,nist-sp-800-61r3-response|nist-sp-800-61r3-containment,0,0,0,0.0,0,2,0.0,0.0
19725,VULNERABILITYSCAN,BENIGN,0.6548672566371682,LOW_CONFIDENCE,nist-sp-800-61r3-response|nist-sp-800-61r3-containment,0,0,0,0.0,0,2,0.0,0.0
19727,VULNERABILITYSCAN,BENIGN,0.5865921787709497,LOW_CONFIDENCE,nist-sp-800-61r3-response|nist-sp-800-61r3-containment,0,0,0,0.0,0,2,0.0,0.0
19736,VULNERABILITYSCAN,BENIGN,0.6767857142857143,LOW_CONFIDENCE,nist-sp-800-61r3-response|nist-sp-800-61r3-containment,0,0,0,0.0,0,2,0.0,0.0
19737,VULNERABILITYSCAN,BENIGN,0.6754966887417219,LOW_CONFIDENCE,nist-sp-800-61r3-response|nist-sp-800-61r3-containment,0,0,0,0.0,0,2,0.0,0.0
19738,VULNERABILITYSCAN,BENIGN,0.6111111111111112,LOW_CONFIDENCE,nist-sp-800-61r3-response|nist-sp-800-61r3-containment,0,0,0,0.0,0,2,0.0,0.0
19739,DNS_SPOOFING,BENIGN,0.6767857142857143,LOW_CONFIDENCE,nist-sp-800-61r3-response|nist-sp-800-61r3-containment,0,0,0,0.0,0,2,0.0,0.0
19740,VULNERABILITYSCAN,BENIGN,0.6548672566371682,LOW_CONFIDENCE,nist-sp-800-61r3-response|nist-sp-800-61r3-containment,0,0,0,0.0,0,2,0.0,0.0
19744,VULNERABILITYSCAN,BENIGN,0.5433962264150943,LOW_CONFIDENCE,nist-sp-800-61r3-response|nist-sp-800-61r3-containment|mitre-t1046-overview|mitre-t1498-detection,0,1,3,0.3333333333333333,1,4,0.25,0.25
19745,VULNERABILITYSCAN,BENIGN,0.6767857142857143,LOW_CONFIDENCE,nist-sp-800-61r3-response|nist-sp-800-61r3-containment,0,0,0,0.0,0,2,0.0,0.0
19746,DNS_SPOOFING,BENIGN,0.6881188118811881,LOW_CONFIDENCE,nist-sp-800-61r3-response|nist-sp-800-61r3-containment,0,0,0,0.0,0,2,0.0,0.0
19748,VULNERABILITYSCAN,BENIGN,0.6111111111111112,LOW_CONFIDENCE,nist-sp-800-61r3-response|nist-sp-800-61r3-containment,0,0,0,0.0,0,2,0.0,0.0
19752,VULNERABILITYSCAN,BENIGN,0.5433962264150943,LOW_CONFIDENCE,nist-sp-800-61r3-response|nist-sp-800-61r3-containment|mitre-t1046-overview|mitre-t1498-detection,0,1,3,0.3333333333333333,1,4,0.25,0.25
19759,VULNERABILITYSCAN,BENIGN,0.6111111111111112,LOW_CONFIDENCE,nist-sp-800-61r3-response|nist-sp-800-61r3-containment,0,0,0,0.0,0,2,0.0,0.0
19761,DNS_SPOOFING,BENIGN,0.6111111111111112,LOW_CONFIDENCE,nist-sp-800-61r3-response|nist-sp-800-61r3-containment|mitre-t1046-overview|mitre-t1498-detection,0,0,0,0.0,0,4,0.0,0.0
19763,VULNERABILITYSCAN,BENIGN,0.6666666666666667,LOW_CONFIDENCE,nist-sp-800-61r3-response|nist-sp-800-61r3-containment,0,0,0,0.0,0,2,0.0,0.0
19765,VULNERABILITYSCAN,BENIGN,0.5260663507109006,LOW_CONFIDENCE,nist-sp-800-61r3-response|nist-sp-800-61r3-containment|mitre-t1046-overview|mitre-t1498-detection,0,1,3,0.3333333333333333,1,4,0.25,0.25
19770,VULNERABILITYSCAN,BENIGN,0.5433962264150943,LOW_CONFIDENCE,nist-sp-800-61r3-response|nist-sp-800-61r3-containment,0,0,0,0.0,0,2,0.0,0.0
19782,VULNERABILITYSCAN,BENIGN,0.6548672566371682,LOW_CONFIDENCE,nist-sp-800-61r3-response|nist-sp-800-61r3-containment,0,0,0,0.0,0,2,0.0,0.0
19783,VULNERABILITYSCAN,BENIGN,0.6767857142857143,LOW_CONFIDENCE,nist-sp-800-61r3-response|nist-sp-800-61r3-containment|mitre-t1046-overview|mitre-t1498-detection,0,1,3,0.3333333333333333,1,4,0.25,0.25
19785,VULNERABILITYSCAN,BENIGN,0.5821917808219178,LOW_CONFIDENCE,nist-sp-800-61r3-response|nist-sp-800-61r3-containment,0,0,0,0.0,0,2,0.0,0.0
19786,VULNERABILITYSCAN,BENIGN,0.6767857142857143,LOW_CONFIDENCE,nist-sp-800-61r3-response|nist-sp-800-61r3-containment,0,0,0,0.0,0,2,0.0,0.0
19790,VULNERABILITYSCAN,BENIGN,0.6881188118811881,LOW_CONFIDENCE,nist-sp-800-61r3-response|nist-sp-800-61r3-containment|mitre-t1046-overview|mitre-t1498-detection,0,1,3,0.3333333333333333,1,4,0.25,0.25
19794,VULNERABILITYSCAN,BENIGN,0.6951155992785435,LOW_CONFIDENCE,nist-sp-800-61r3-response|nist-sp-800-61r3-containment,0,0,0,0.0,0,2,0.0,0.0
19796,VULNERABILITYSCAN,BENIGN,0.6548672566371682,LOW_CONFIDENCE,nist-sp-800-61r3-response|nist-sp-800-61r3-containment,0,0,0,0.0,0,2,0.0,0.0
19797,VULNERABILITYSCAN,BENIGN,0.6767857142857143,LOW_CONFIDENCE,nist-sp-800-61r3-response|nist-sp-800-61r3-containment,0,0,0,0.0,0,2,0.0,0.0
19800,VULNERABILITYSCAN,BENIGN,0.6754966887417219,LOW_CONFIDENCE,nist-sp-800-61r3-response|nist-sp-800-61r3-containment,0,0,0,0.0,0,2,0.0,0.0
19805,DNS_SPOOFING,BENIGN,0.6754966887417219,LOW_CONFIDENCE,nist-sp-800-61r3-response|nist-sp-800-61r3-containment,0,0,0,0.0,0,2,0.0,0.0
19807,VULNERABILITYSCAN,BENIGN,0.6282051282051282,LOW_CONFIDENCE,nist-sp-800-61r3-response|nist-sp-800-61r3-containment|mitre-t1046-overview|mitre-t1498-detection,0,1,3,0.3333333333333333,1,4,0.25,0.25
19809,VULNERABILITYSCAN,BENIGN,0.6767857142857143,LOW_CONFIDENCE,nist-sp-800-61r3-response|nist-sp-800-61r3-containment,0,0,0,0.0,0,2,0.0,0.0
19813,VULNERABILITYSCAN,BENIGN,0.6881188118811881,LOW_CONFIDENCE,nist-sp-800-61r3-response|nist-sp-800-61r3-containment|mitre-t1046-overview|mitre-t1498-detection,0,1,3,0.3333333333333333,1,4,0.25,0.25
19816,VULNERABILITYSCAN,BENIGN,0.6881188118811881,LOW_CONFIDENCE,nist-sp-800-61r3-response|nist-sp-800-61r3-containment,0,0,0,0.0,0,2,0.0,0.0
19817,VULNERABILITYSCAN,BENIGN,0.6282051282051282,LOW_CONFIDENCE,nist-sp-800-61r3-response|nist-sp-800-61r3-containment|mitre-t1046-overview|mitre-t1498-detection,0,1,3,0.3333333333333333,1,4,0.25,0.25
19819,VULNERABILITYSCAN,BENIGN,0.6767857142857143,LOW_CONFIDENCE,nist-sp-800-61r3-response|nist-sp-800-61r3-containment,0,0,0,0.0,0,2,0.0,0.0
19822,VULNERABILITYSCAN,BENIGN,0.6881188118811881,LOW_CONFIDENCE,nist-sp-800-61r3-response|nist-sp-800-61r3-containment,0,0,0,0.0,0,2,0.0,0.0
19827,VULNERABILITYSCAN,BENIGN,0.6767857142857143,LOW_CONFIDENCE,nist-sp-800-61r3-response|nist-sp-800-61r3-containment,0,0,0,0.0,0,2,0.0,0.0
19833,VULNERABILITYSCAN,BENIGN,0.6767857142857143,LOW_CONFIDENCE,nist-sp-800-61r3-response|nist-sp-800-61r3-containment,0,0,0,0.0,0,2,0.0,0.0
19834,VULNERABILITYSCAN,BENIGN,0.5433962264150943,LOW_CONFIDENCE,nist-sp-800-61r3-response|nist-sp-800-61r3-containment,0,0,0,0.0,0,2,0.0,0.0
19836,VULNERABILITYSCAN,BENIGN,0.6111111111111112,LOW_CONFIDENCE,nist-sp-800-61r3-response|nist-sp-800-61r3-containment,0,0,0,0.0,0,2,0.0,0.0
19841,VULNERABILITYSCAN,BENIGN,0.5260663507109006,LOW_CONFIDENCE,nist-sp-800-61r3-response|nist-sp-800-61r3-containment,0,0,0,0.0,0,2,0.0,0.0
19843,VULNERABILITYSCAN,BENIGN,0.6881188118811881,LOW_CONFIDENCE,nist-sp-800-61r3-response|nist-sp-800-61r3-containment,0,0,0,0.0,0,2,0.0,0.0
19845,VULNERABILITYSCAN,BENIGN,0.5865921787709497,LOW_CONFIDENCE,nist-sp-800-61r3-response|nist-sp-800-61r3-containment,0,0,0,0.0,0,2,0.0,0.0
19846,VULNERABILITYSCAN,BENIGN,0.6767857142857143,LOW_CONFIDENCE,nist-sp-800-61r3-response|nist-sp-800-61r3-containment,0,0,0,0.0,0,2,0.0,0.0
19853,VULNERABILITYSCAN,BENIGN,0.5865921787709497,LOW_CONFIDENCE,nist-sp-800-61r3-response|nist-sp-800-61r3-containment,0,0,0,0.0,0,2,0.0,0.0
19855,VULNERABILITYSCAN,BENIGN,0.6548672566371682,LOW_CONFIDENCE,nist-sp-800-61r3-response|nist-sp-800-61r3-containment|mitre-t1046-overview|mitre-t1498-detection,0,1,3,0.3333333333333333,1,4,0.25,0.25
19856,VULNERABILITYSCAN,BENIGN,0.5821917808219178,LOW_CONFIDENCE,nist-sp-800-61r3-response|nist-sp-800-61r3-containment,0,0,0,0.0,0,2,0.0,0.0
19857,VULNERABILITYSCAN,BENIGN,0.5865921787709497,LOW_CONFIDENCE,nist-sp-800-61r3-response|nist-sp-800-61r3-containment,0,0,0,0.0,0,2,0.0,0.0
19858,VULNERABILITYSCAN,BENIGN,0.6767857142857143,LOW_CONFIDENCE,nist-sp-800-61r3-response|nist-sp-800-61r3-containment,0,0,0,0.0,0,2,0.0,0.0
19862,DNS_SPOOFING,BENIGN,0.5865921787709497,LOW_CONFIDENCE,nist-sp-800-61r3-response|nist-sp-800-61r3-containment,0,0,0,0.0,0,2,0.0,0.0
19863,VULNERABILITYSCAN,BENIGN,0.6548672566371682,LOW_CONFIDENCE,nist-sp-800-61r3-response|nist-sp-800-61r3-containment,0,0,0,0.0,0,2,0.0,0.0
19866,VULNERABILITYSCAN,BENIGN,0.5433962264150943,LOW_CONFIDENCE,nist-sp-800-61r3-response|nist-sp-800-61r3-containment,0,0,0,0.0,0,2,0.0,0.0
19869,VULNERABILITYSCAN,BENIGN,0.5821917808219178,LOW_CONFIDENCE,nist-sp-800-61r3-response|nist-sp-800-61r3-containment,0,0,0,0.0,0,2,0.0,0.0
19872,VULNERABILITYSCAN,BENIGN,0.6754966887417219,LOW_CONFIDENCE,nist-sp-800-61r3-response|nist-sp-800-61r3-containment|mitre-t1046-overview|mitre-t1498-detection,0,1,3,0.3333333333333333,1,4,0.25,0.25
19878,VULNERABILITYSCAN,BENIGN,0.5433962264150943,LOW_CONFIDENCE,nist-sp-800-61r3-response|nist-sp-800-61r3-containment|mitre-t1046-overview|mitre-t1498-detection,0,1,3,0.3333333333333333,1,4,0.25,0.25
19880,VULNERABILITYSCAN,BENIGN,0.5260663507109006,LOW_CONFIDENCE,nist-sp-800-61r3-response|nist-sp-800-61r3-containment,0,0,0,0.0,0,2,0.0,0.0
19883,VULNERABILITYSCAN,BENIGN,0.5433962264150943,LOW_CONFIDENCE,nist-sp-800-61r3-response|nist-sp-800-61r3-containment,0,0,0,0.0,0,2,0.0,0.0
19888,VULNERABILITYSCAN,BENIGN,0.5433962264150943,LOW_CONFIDENCE,nist-sp-800-61r3-response|nist-sp-800-61r3-containment,0,0,0,0.0,0,2,0.0,0.0
19889,VULNERABILITYSCAN,BENIGN,0.5865921787709497,LOW_CONFIDENCE,nist-sp-800-61r3-response|nist-sp-800-61r3-containment,0,0,0,0.0,0,2,0.0,0.0
19890,DNS_SPOOFING,BENIGN,0.6754966887417219,LOW_CONFIDENCE,nist-sp-800-61r3-response|nist-sp-800-61r3-containment,0,0,0,0.0,0,2,0.0,0.0
19893,VULNERABILITYSCAN,BENIGN,0.5865921787709497,LOW_CONFIDENCE,nist-sp-800-61r3-response|nist-sp-800-61r3-containment,0,0,0,0.0,0,2,0.0,0.0
19896,VULNERABILITYSCAN,BENIGN,0.5433962264150943,LOW_CONFIDENCE,nist-sp-800-61r3-response|nist-sp-800-61r3-containment,0,0,0,0.0,0,2,0.0,0.0
19897,VULNERABILITYSCAN,BENIGN,0.6767857142857143,LOW_CONFIDENCE,nist-sp-800-61r3-response|nist-sp-800-61r3-containment,0,0,0,0.0,0,2,0.0,0.0
19900,VULNERABILITYSCAN,BENIGN,0.6754966887417219,LOW_CONFIDENCE,nist-sp-800-61r3-response|nist-sp-800-61r3-containment|mitre-t1046-overview|mitre-t1498-detection,0,1,3,0.3333333333333333,1,4,0.25,0.25
19904,VULNERABILITYSCAN,BENIGN,0.6767857142857143,LOW_CONFIDENCE,nist-sp-800-61r3-response|nist-sp-800-61r3-containment,0,0,0,0.0,0,2,0.0,0.0
19906,VULNERABILITYSCAN,BENIGN,0.5865921787709497,LOW_CONFIDENCE,nist-sp-800-61r3-response|nist-sp-800-61r3-containment|mitre-t1046-overview|mitre-t1498-detection,0,1,3,0.3333333333333333,1,4,0.25,0.25
19909,VULNERABILITYSCAN,BENIGN,0.6881188118811881,LOW_CONFIDENCE,nist-sp-800-61r3-response|nist-sp-800-61r3-containment,0,0,0,0.0,0,2,0.0,0.0
19910,VULNERABILITYSCAN,BENIGN,0.6767857142857143,LOW_CONFIDENCE,nist-sp-800-61r3-response|nist-sp-800-61r3-containment,0,0,0,0.0,0,2,0.0,0.0
19911,VULNERABILITYSCAN,BENIGN,0.6767857142857143,LOW_CONFIDENCE,nist-sp-800-61r3-response|nist-sp-800-61r3-containment,0,0,0,0.0,0,2,0.0,0.0
19915,VULNERABILITYSCAN,BENIGN,0.6767857142857143,LOW_CONFIDENCE,nist-sp-800-61r3-response|nist-sp-800-61r3-containment,0,0,0,0.0,0,2,0.0,0.0
19916,VULNERABILITYSCAN,BENIGN,0.6881188118811881,LOW_CONFIDENCE,nist-sp-800-61r3-response|nist-sp-800-61r3-containment|mitre-t1046-overview|mitre-t1498-detection,0,1,3,0.3333333333333333,1,4,0.25,0.25
19920,VULNERABILITYSCAN,BENIGN,0.5433962264150943,LOW_CONFIDENCE,nist-sp-800-61r3-response|nist-sp-800-61r3-containment|mitre-t1046-overview|mitre-t1498-detection,0,1,3,0.3333333333333333,1,4,0.25,0.25
19921,VULNERABILITYSCAN,BENIGN,0.6111111111111112,LOW_CONFIDENCE,nist-sp-800-61r3-response|nist-sp-800-61r3-containment,0,0,0,0.0,0,2,0.0,0.0
19924,VULNERABILITYSCAN,BENIGN,0.5433962264150943,LOW_CONFIDENCE,nist-sp-800-61r3-response|nist-sp-800-61r3-containment,0,0,0,0.0,0,2,0.0,0.0
19926,VULNERABILITYSCAN,BENIGN,0.6111111111111112,LOW_CONFIDENCE,nist-sp-800-61r3-response|nist-sp-800-61r3-containment,0,0,0,0.0,0,2,0.0,0.0
19928,VULNERABILITYSCAN,BENIGN,0.6881188118811881,LOW_CONFIDENCE,nist-sp-800-61r3-response|nist-sp-800-61r3-containment,0,0,0,0.0,0,2,0.0,0.0
19930,VULNERABILITYSCAN,BENIGN,0.6767857142857143,LOW_CONFIDENCE,nist-sp-800-61r3-response|nist-sp-800-61r3-containment,0,0,0,0.0,0,2,0.0,0.0
19935,VULNERABILITYSCAN,BENIGN,0.6767857142857143,LOW_CONFIDENCE,nist-sp-800-61r3-response|nist-sp-800-61r3-containment,0,0,0,0.0,0,2,0.0,0.0
19936,VULNERABILITYSCAN,BENIGN,0.6754966887417219,LOW_CONFIDENCE,nist-sp-800-61r3-response|nist-sp-800-61r3-containment,0,0,0,0.0,0,2,0.0,0.0
19937,VULNERABILITYSCAN,BENIGN,0.5865921787709497,LOW_CONFIDENCE,nist-sp-800-61r3-response|nist-sp-800-61r3-containment,0,0,0,0.0,0,2,0.0,0.0
19939,VULNERABILITYSCAN,BENIGN,0.5865921787709497,LOW_CONFIDENCE,nist-sp-800-61r3-response|nist-sp-800-61r3-containment,0,0,0,0.0,0,2,0.0,0.0
19940,VULNERABILITYSCAN,BENIGN,0.6666666666666666,LOW_CONFIDENCE,nist-sp-800-61r3-response|nist-sp-800-61r3-containment,0,0,0,0.0,0,2,0.0,0.0
19945,VULNERABILITYSCAN,BENIGN,0.6548672566371682,LOW_CONFIDENCE,nist-sp-800-61r3-response|nist-sp-800-61r3-containment,0,0,0,0.0,0,2,0.0,0.0
19948,DNS_SPOOFING,BENIGN,0.6754966887417219,LOW_CONFIDENCE,nist-sp-800-61r3-response|nist-sp-800-61r3-containment,0,0,0,0.0,0,2,0.0,0.0
19952,VULNERABILITYSCAN,BENIGN,0.6111111111111112,LOW_CONFIDENCE,nist-sp-800-61r3-response|nist-sp-800-61r3-containment,0,0,0,0.0,0,2,0.0,0.0
19953,VULNERABILITYSCAN,BENIGN,0.6767857142857143,LOW_CONFIDENCE,nist-sp-800-61r3-response|nist-sp-800-61r3-containment,0,0,0,0.0,0,2,0.0,0.0
19955,VULNERABILITYSCAN,BENIGN,0.6767857142857143,LOW_CONFIDENCE,nist-sp-800-61r3-response|nist-sp-800-61r3-containment,0,0,0,0.0,0,2,0.0,0.0
19958,VULNERABILITYSCAN,BENIGN,0.5821917808219178,LOW_CONFIDENCE,nist-sp-800-61r3-response|nist-sp-800-61r3-containment,0,0,0,0.0,0,2,0.0,0.0
19964,VULNERABILITYSCAN,BENIGN,0.6767857142857143,LOW_CONFIDENCE,nist-sp-800-61r3-response|nist-sp-800-61r3-containment,0,0,0,0.0,0,2,0.0,0.0
19965,VULNERABILITYSCAN,BENIGN,0.6548672566371682,LOW_CONFIDENCE,nist-sp-800-61r3-response|nist-sp-800-61r3-containment,0,0,0,0.0,0,2,0.0,0.0
19967,DNS_SPOOFING,BENIGN,0.6111111111111112,LOW_CONFIDENCE,nist-sp-800-61r3-response|nist-sp-800-61r3-containment,0,0,0,0.0,0,2,0.0,0.0
19972,VULNERABILITYSCAN,BENIGN,0.6548672566371682,LOW_CONFIDENCE,nist-sp-800-61r3-response|nist-sp-800-61r3-containment,0,0,0,0.0,0,2,0.0,0.0
19979,VULNERABILITYSCAN,BENIGN,0.5865921787709497,LOW_CONFIDENCE,nist-sp-800-61r3-response|nist-sp-800-61r3-containment|mitre-t1046-overview|mitre-t1498-detection,0,1,3,0.3333333333333333,1,4,0.25,0.25
19980,VULNERABILITYSCAN,BENIGN,0.6754966887417219,LOW_CONFIDENCE,nist-sp-800-61r3-response|nist-sp-800-61r3-containment|mitre-t1046-overview|mitre-t1498-detection,0,1,3,0.3333333333333333,1,4,0.25,0.25
19981,VULNERABILITYSCAN,BENIGN,0.6666666666666667,LOW_CONFIDENCE,nist-sp-800-61r3-response|nist-sp-800-61r3-containment,0,0,0,0.0,0,2,0.0,0.0
19982,VULNERABILITYSCAN,BENIGN,0.6767857142857143,LOW_CONFIDENCE,nist-sp-800-61r3-response|nist-sp-800-61r3-containment,0,0,0,0.0,0,2,0.0,0.0
19984,DNS_SPOOFING,BENIGN,0.6754966887417219,LOW_CONFIDENCE,nist-sp-800-61r3-response|nist-sp-800-61r3-containment|mitre-t1046-overview|mitre-t1498-detection,0,0,0,0.0,0,4,0.0,0.0
19986,VULNERABILITYSCAN,BENIGN,0.6767857142857143,LOW_CONFIDENCE,nist-sp-800-61r3-response|nist-sp-800-61r3-containment,0,0,0,0.0,0,2,0.0,0.0
19988,VULNERABILITYSCAN,BENIGN,0.6111111111111112,LOW_CONFIDENCE,nist-sp-800-61r3-response|nist-sp-800-61r3-containment,0,0,0,0.0,0,2,0.0,0.0
19992,VULNERABILITYSCAN,BENIGN,0.6111111111111112,LOW_CONFIDENCE,nist-sp-800-61r3-response|nist-sp-800-61r3-containment|mitre-t1046-overview|mitre-t1498-detection,0,1,3,0.3333333333333333,1,4,0.25,0.25
19997,DNS_SPOOFING,BENIGN,0.6548672566371682,LOW_CONFIDENCE,nist-sp-800-61r3-response|nist-sp-800-61r3-containment|mitre-t1046-overview|mitre-t1498-detection,0,0,0,0.0,0,4,0.0,0.0
20000,VULNERABILITYSCAN,BENIGN,0.6111111111111112,LOW_CONFIDENCE,nist-sp-800-61r3-response|nist-sp-800-61r3-containment,0,0,0,0.0,0,2,0.0,0.0
